Labels,UA L 1,UA  L 2,UB L 3,UB 4,UB L -1,UA L -2,UA L -3,UB L -4
cg00024494,2,2,2,2,2,2,2,2
cg00034101,2,2,2,2,2,2,2,2
cg00078857,2,1,1,2,2,1,2,2
cg00107579,1,1,1,1,1,1,1,1
cg00153919,0,0,0,0,0,0,0,0
cg00292669,0,0,1,1,1,0,1,1
cg00301396,2,2,2,2,2,2,2,2
cg00361017,2,2,2,2,2,2,2,2
cg00369376,1,1,0,0,0,1,1,0
cg00381755,2,2,2,2,2,2,2,2
cg00384205,1,1,1,1,1,2,1,1
cg00397910,1,1,1,1,1,1,1,1
cg00408773,2,1,2,2,2,2,1,2
cg00428638,2,2,2,2,2,2,2,2
cg00431565,1,1,1,2,2,1,1,1
cg00473597,1,1,1,1,1,1,1,1
cg00504902,1,1,1,1,0,1,1,0
cg00604454,2,2,2,2,2,2,2,2
cg00610991,1,1,1,1,1,1,1,1
cg00619263,2,1,2,1,2,2,1,2
cg00631327,0,0,0,0,0,0,0,0
cg00631329,2,2,2,2,2,2,2,2
cg00659077,1,2,1,2,1,2,1,1
cg00666014,1,2,1,1,2,1,1,2
cg00666422,1,1,1,1,1,1,1,1
cg00718336,2,1,2,2,2,2,2,2
cg00739471,1,2,1,2,2,2,2,2
cg00753924,1,2,1,2,2,1,1,2
cg00807197,2,1,2,2,2,2,1,2
cg00813752,1,1,1,1,1,1,1,1
cg00851732,1,1,0,0,0,1,1,1
cg00871610,2,2,1,1,1,1,2,1
cg00899350,2,1,2,1,1,2,1,1
cg00918181,2,2,2,2,2,2,2,2
cg00923880,0,1,2,2,2,1,1,0
cg00930606,0,1,0,0,0,0,1,0
cg00953006,1,1,1,2,2,1,1,1
cg00973118,2,2,2,2,2,2,2,2
cg00980622,1,1,0,0,1,0,1,0
cg01000188,1,1,0,1,1,1,1,1
cg01017147,2,2,2,2,2,2,2,2
cg01066431,1,1,1,1,1,1,1,1
cg01078772,2,2,1,1,1,1,2,1
cg01094192,2,1,1,1,1,2,1,1
cg01094687,1,0,0,0,0,1,0,0
cg01094748,2,2,2,2,2,2,2,2
cg01101873,2,2,2,1,2,2,2,1
cg01104306,1,1,2,1,1,1,1,1
cg01126532,1,1,1,1,1,1,1,1
cg01156747,0,0,0,1,0,0,0,0
cg01165661,1,1,0,0,0,1,1,0
cg01169021,2,2,2,2,2,2,2,2
cg01180479,2,2,2,2,2,2,2,2
cg01196336,2,2,1,2,2,2,2,1
cg01208566,1,1,1,1,2,1,1,1
cg01218619,1,1,1,1,1,1,1,1
cg01219135,0,0,0,0,0,0,0,0
cg01223011,1,1,2,2,2,1,1,2
cg01242676,1,1,0,1,1,1,1,0
cg01248445,1,2,1,2,2,2,2,2
cg01270593,2,2,2,2,2,2,2,2
cg01274753,0,0,0,0,0,0,0,0
cg01293179,1,1,1,1,1,1,1,1
cg01301319,0,0,0,0,0,0,0,0
cg01309328,1,1,1,0,1,1,1,1
cg01314743,0,1,0,0,1,0,1,0
cg01324343,2,2,2,2,2,2,2,2
cg01351327,1,1,1,1,1,1,1,1
cg01359962,1,2,1,1,1,1,2,1
cg01365639,1,0,1,1,1,0,1,1
cg01396157,2,2,2,2,2,2,2,2
cg01426903,1,2,1,1,1,1,2,1
cg01435791,2,1,1,1,1,1,1,1
cg01439322,1,1,1,1,1,1,1,2
cg01484296,0,0,0,0,0,0,0,0
cg01485549,1,2,0,1,1,1,2,0
cg01530154,2,1,2,2,2,2,1,2
cg01552731,1,1,1,1,1,1,1,1
cg01569709,0,0,1,1,1,0,0,1
cg01584932,1,2,2,2,2,2,2,2
cg01601299,1,2,1,1,1,2,1,1
cg01607530,1,2,2,2,2,1,1,2
cg01613691,2,2,2,2,2,2,2,2
cg01622416,1,1,1,1,1,1,1,1
cg01646323,1,1,1,1,1,1,1,1
cg01758314,0,0,0,0,0,0,0,0
cg01806192,0,1,1,1,1,1,1,0
cg01809217,0,0,0,0,0,0,0,0
cg01830073,1,1,0,0,0,0,1,0
cg01870826,2,2,2,2,2,2,2,2
cg01874867,1,1,1,0,1,1,1,0
cg01894498,0,0,0,0,0,0,0,0
cg01905633,2,2,2,2,2,2,2,2
cg01987333,1,1,2,2,2,1,1,2
cg02032841,0,1,0,0,1,0,1,0
cg02067022,1,1,1,1,1,1,1,1
cg02105042,2,2,1,1,1,2,2,1
cg02158486,2,2,2,2,2,2,2,2
cg02228675,0,0,0,0,0,0,0,0
cg02238549,1,1,0,1,1,1,1,1
cg02273436,0,1,0,0,0,0,1,0
cg02274366,1,0,0,1,1,1,1,1
cg02278114,1,1,1,1,1,2,1,1
cg02315096,1,1,1,1,1,1,1,1
cg02326224,0,0,0,0,0,0,0,0
cg02331649,1,1,2,1,2,0,1,2
cg02400092,0,0,0,0,0,0,0,0
cg02421962,0,1,1,1,1,1,1,1
cg02426999,2,1,1,1,2,2,2,1
cg02428792,1,1,1,1,1,1,1,1
cg02450064,0,0,0,0,0,0,0,0
cg02473254,1,1,1,1,1,1,1,1
cg02484210,2,1,2,2,2,2,2,2
cg02498063,2,2,1,1,2,2,2,1
cg02508651,2,2,1,2,2,2,1,2
cg02518216,2,2,2,2,2,2,2,2
cg02531924,2,1,1,2,2,2,2,1
cg02546490,2,2,2,2,2,2,2,2
cg02552250,1,1,1,1,1,1,1,1
cg02586712,0,1,0,1,0,1,1,0
cg02596779,2,2,2,2,2,2,2,2
cg02607237,1,1,0,1,1,1,1,1
cg02616710,2,2,2,2,2,2,2,2
cg02621481,0,0,0,0,0,0,0,0
cg02624836,1,1,1,1,1,1,1,1
cg02641400,1,1,1,1,1,2,1,2
cg02645340,0,0,0,0,0,0,0,0
cg02675527,1,1,0,0,1,1,1,0
cg02736908,2,2,2,2,2,2,2,2
cg02738086,1,2,1,1,1,2,2,1
cg02744588,1,1,1,1,1,1,1,1
cg02753027,1,2,1,1,1,2,2,1
cg02796478,0,0,0,0,0,0,0,0
cg02799427,1,2,1,1,1,2,1,1
cg02872426,2,2,0,0,1,0,2,0
cg02881189,1,2,2,1,2,1,2,2
cg02942766,2,2,1,2,2,2,2,2
cg02971253,1,0,1,1,1,1,1,1
cg03041510,1,1,1,2,2,1,2,1
cg03047995,2,2,2,1,1,1,2,1
cg03095800,0,0,1,1,1,1,1,1
cg03147184,1,1,1,1,1,1,1,1
cg03176993,1,2,1,1,1,1,1,0
cg03179435,2,2,1,1,1,2,2,1
cg03190769,1,2,1,2,2,1,2,2
cg03207666,0,0,0,0,0,0,0,0
cg03209871,0,1,1,1,0,0,1,1
cg03242666,2,2,2,2,2,2,2,2
cg03270395,1,1,1,1,1,1,1,1
cg03271533,2,1,0,1,1,1,1,0
cg03278811,0,0,0,0,0,0,0,0
cg03297163,2,2,2,2,2,2,2,2
cg03315344,2,2,2,2,2,2,2,2
cg03325664,1,1,2,2,2,1,1,2
cg03330678,1,1,1,1,1,1,1,1
cg03370951,2,2,2,2,2,2,2,2
cg03395511,1,1,1,1,1,1,1,1
cg03421353,1,1,1,1,1,1,1,1
cg03428047,1,0,1,1,1,1,1,0
cg03428864,2,2,2,2,2,2,2,2
cg03433986,1,1,1,1,1,1,1,1
cg03444077,0,0,1,1,1,0,0,1
cg03481509,1,1,1,1,1,1,1,0
cg03520938,1,1,1,1,2,0,1,1
cg03556313,1,1,1,1,1,1,2,1
cg03611551,1,1,1,1,1,1,2,1
cg03646740,0,1,0,0,0,1,1,0
cg03669367,1,1,1,1,1,1,1,1
cg03695236,2,1,2,2,2,1,1,2
cg03706720,1,1,1,1,1,1,2,1
cg03721454,1,2,2,2,2,1,1,2
cg03738707,0,0,0,0,0,0,0,0
cg03753385,1,1,2,2,2,1,1,1
cg03755052,2,2,2,2,2,2,2,2
cg03804621,0,0,0,0,0,0,0,0
cg03826642,1,1,1,1,1,1,1,1
cg03848129,1,1,1,1,1,1,1,1
cg03880506,1,1,1,1,2,1,2,1
cg03880611,2,2,2,2,2,2,2,2
cg03889540,1,1,1,1,1,1,1,1
cg03894068,1,1,2,2,2,1,1,1
cg03898952,0,0,0,0,0,0,0,0
cg03906434,1,0,1,1,1,1,0,1
cg04006327,1,2,1,1,1,1,2,1
cg04019914,1,1,1,1,1,1,1,1
cg04036777,1,2,2,2,1,1,1,1
cg04060561,1,1,1,1,1,1,1,0
cg04070847,1,2,2,1,1,1,2,1
cg04131969,2,2,2,2,2,2,2,2
cg04141796,1,1,1,1,1,1,1,1
cg04156219,2,2,2,2,2,2,2,2
cg04176472,0,1,1,1,1,1,1,0
cg04178523,1,0,0,0,0,1,1,0
cg04216235,1,2,1,2,2,1,1,2
cg04217706,2,2,2,2,2,2,2,2
cg04264002,2,2,2,2,2,2,1,2
cg04362989,2,2,1,1,2,2,2,2
cg04391463,0,0,0,0,0,0,0,0
cg04410756,0,0,0,0,0,0,1,0
cg04454285,1,1,1,1,1,1,1,1
cg04481923,1,1,1,1,1,1,1,1
cg04520704,1,1,1,1,0,1,1,1
cg04522575,1,1,1,1,1,1,1,1
cg04547181,2,2,2,2,2,2,2,2
cg04548463,1,1,2,2,2,1,1,2
cg04605697,1,2,1,1,1,1,1,1
cg04630490,1,1,1,1,1,1,0,1
cg04653913,0,0,0,0,0,0,0,0
cg04657146,0,0,0,0,0,0,0,0
cg04671734,1,1,1,1,1,1,1,1
cg04672622,2,2,2,2,2,2,2,2
cg04672903,1,1,1,1,1,1,1,1
cg04713352,1,1,1,1,1,1,1,1
cg04726821,2,2,2,2,2,2,2,2
cg04736911,1,1,1,1,1,1,1,1
cg04737881,0,0,0,0,0,0,0,0
cg04741118,1,1,1,1,1,1,1,1
cg04748010,1,1,1,1,1,1,1,1
cg04781305,2,2,2,2,2,2,2,1
cg04783231,1,2,1,2,2,2,2,2
cg04811114,1,1,1,1,1,1,1,0
cg04876069,2,2,2,2,2,2,2,2
cg04885881,1,1,2,2,2,1,1,1
cg04889800,2,2,2,2,2,2,2,2
cg04908961,1,1,1,1,1,1,1,1
cg04931238,1,0,0,0,0,1,1,0
cg04981007,2,2,2,2,2,2,2,2
cg05004973,1,1,1,1,1,2,1,1
cg05005343,2,2,2,1,1,2,2,1
cg05020125,1,1,1,1,1,1,1,1
cg05030553,2,1,2,2,2,2,1,1
cg05090351,1,0,1,1,1,1,0,1
cg05149097,1,1,1,1,1,1,1,1
cg05168764,1,1,1,1,1,1,1,1
cg05180717,2,2,1,1,2,2,2,2
cg05182265,1,2,1,2,1,1,2,2
cg05254095,1,1,1,1,1,1,1,1
cg05275595,0,1,1,1,1,1,1,1
cg05277122,0,1,0,0,0,0,1,0
cg05292376,1,2,2,2,2,1,2,2
cg05307301,1,1,0,1,1,1,1,1
cg05308504,2,2,2,2,2,2,2,2
cg05353869,2,2,2,2,2,2,2,2
cg05360958,2,1,1,1,2,1,1,2
cg05365735,1,1,1,1,1,1,1,1
cg05371332,1,1,0,1,1,1,1,1
cg05379541,1,0,2,2,2,1,0,2
cg05385718,1,1,1,1,1,1,1,1
cg05403689,1,1,1,1,1,1,1,1
cg05424333,0,0,0,0,0,0,0,0
cg05454501,2,2,2,2,2,2,2,2
cg05460318,2,2,2,2,2,2,2,2
cg05509609,0,0,0,0,0,0,0,0
cg05542785,0,0,0,0,0,0,0,0
cg05547778,0,1,1,1,1,1,1,1
cg05547895,1,1,1,1,1,1,1,1
cg05589489,0,1,1,1,1,0,1,1
cg05620261,2,2,1,1,1,2,2,1
cg05634630,1,1,1,1,1,1,1,1
cg05650719,2,2,2,2,2,2,2,2
cg05658512,1,1,2,2,2,1,2,2
cg05666036,1,1,1,1,1,1,1,1
cg05670953,2,2,2,2,2,2,1,2
cg05702280,1,1,1,1,1,1,2,1
cg05778424,1,1,1,1,2,1,1,2
cg05817845,1,1,1,1,1,1,1,1
cg05851442,0,0,0,0,0,0,0,0
cg05865011,1,2,2,2,2,2,2,2
cg05867245,2,1,1,2,2,2,2,1
cg05879419,1,1,1,1,1,1,1,1
cg05888872,1,1,0,0,1,1,1,0
cg05903444,0,0,0,0,0,0,0,0
cg05946623,0,0,0,0,0,0,0,0
cg05951994,1,1,2,2,2,1,1,2
cg05990312,1,2,0,0,1,1,0,1
cg06000144,1,1,2,1,2,1,1,2
cg06040071,1,1,2,1,1,1,1,1
cg06094482,1,1,1,1,1,1,1,1
cg06188367,0,0,0,1,1,0,0,1
cg06235224,0,1,1,1,1,1,2,1
cg06259025,1,1,2,2,2,1,1,2
cg06263178,1,2,2,2,2,2,2,2
cg06279274,2,2,2,2,2,2,2,2
cg06327515,0,0,0,0,0,0,0,0
cg06365843,1,1,1,1,1,1,1,1
cg06371583,1,1,0,0,0,1,1,0
cg06417478,0,0,0,0,0,0,0,0
cg06478886,1,1,1,1,1,1,1,1
cg06480265,2,2,2,2,2,2,2,2
cg06490113,1,2,1,1,1,1,2,1
cg06512263,1,1,1,1,1,1,1,1
cg06536614,1,1,1,1,1,1,1,1
cg06617217,1,1,1,1,1,1,1,1
cg06623827,2,2,2,2,2,2,2,2
cg06624036,2,2,1,0,1,2,2,0
cg06635900,2,2,1,1,2,2,2,1
cg06640997,2,2,2,1,2,2,2,2
cg06650246,1,1,0,1,1,1,1,0
cg06650379,2,2,2,2,2,2,2,2
cg06677321,1,1,1,1,1,0,1,1
cg06681434,1,1,1,1,1,1,1,1
cg06683316,1,2,0,1,0,1,1,0
cg06710742,1,1,1,2,2,1,1,2
cg06713675,0,1,1,1,1,0,1,1
cg06737308,1,1,1,1,1,1,1,1
cg06751366,2,2,1,1,1,2,2,1
cg06755071,0,0,0,0,0,0,0,0
cg06759314,2,1,2,2,2,2,1,2
cg06770429,0,1,0,0,0,0,0,0
cg06779847,0,0,1,1,0,1,0,1
cg06781532,1,1,1,1,1,1,1,1
cg06813419,2,2,2,2,2,2,2,2
cg06817772,2,2,2,2,2,2,2,2
cg06818052,2,2,2,2,2,2,2,2
cg06834313,1,1,1,1,1,1,1,1
cg06834998,0,0,0,0,0,0,0,0
cg06891458,1,2,2,2,2,2,2,2
cg06902099,1,2,1,1,1,1,1,1
cg06939307,0,1,0,1,0,0,1,1
cg06961233,2,2,2,2,2,2,2,2
cg06962549,1,1,1,1,1,1,1,1
cg06965195,0,0,1,1,1,0,1,1
cg07042014,0,1,2,2,2,1,1,2
cg07048527,2,2,2,2,2,2,2,2
cg07060739,2,1,1,1,1,1,1,0
cg07067710,2,2,2,2,2,2,2,2
cg07073960,1,1,0,1,1,1,1,1
cg07109804,0,2,2,2,2,1,2,2
cg07149179,0,0,0,0,0,0,0,0
cg07184237,1,1,1,1,1,1,1,1
cg07204874,1,1,1,1,1,1,1,1
cg07222861,1,2,1,1,1,1,2,1
cg07300846,2,2,2,2,2,2,2,2
cg07312051,2,1,2,2,2,2,1,1
cg07336123,0,1,1,1,1,0,0,1
cg07337250,1,0,1,1,1,1,1,1
cg07345934,2,2,1,1,2,2,2,1
cg07363270,1,1,1,1,1,1,1,1
cg07375978,2,2,2,2,2,2,2,2
cg07389611,1,2,1,1,0,2,2,0
cg07404485,1,1,1,1,1,1,1,1
cg07429623,1,1,1,1,1,1,1,1
cg07433152,1,1,2,2,2,1,1,2
cg07459594,2,2,2,2,2,2,2,2
cg07501729,0,0,1,1,1,0,0,0
cg07504727,1,1,1,1,1,1,1,1
cg07525682,1,1,1,2,1,1,1,1
cg07530063,0,1,2,2,2,1,1,2
cg07570687,0,1,2,2,1,0,2,1
cg07571734,0,0,0,0,0,0,0,0
cg07581623,0,2,2,2,2,1,2,2
cg07594247,0,0,0,0,0,0,0,0
cg07615383,1,1,1,1,1,1,1,1
cg07629965,1,1,2,2,2,1,1,1
cg07636688,2,2,2,2,2,2,2,2
cg07685357,0,1,0,0,0,0,1,0
cg07769588,2,2,2,2,2,2,2,2
cg07819160,1,1,1,1,1,1,1,1
cg07854954,1,1,2,1,2,2,1,1
cg07856155,1,2,1,1,1,2,1,2
cg07863877,2,2,2,2,2,2,2,2
cg07878514,1,1,1,1,1,1,1,1
cg07891179,2,2,0,0,0,2,2,0
cg07898446,2,2,2,2,2,2,2,2
cg07918978,1,2,1,1,2,1,2,1
cg07935886,2,2,2,2,2,2,2,1
cg07963670,1,2,0,0,0,1,2,0
cg07964754,1,2,1,2,2,2,2,2
cg07967210,2,2,1,1,1,1,1,1
cg07997737,0,0,1,1,1,0,0,1
cg07998277,1,1,1,1,1,1,1,1
cg08024887,0,0,0,0,0,0,0,0
cg08031982,1,2,1,2,2,2,2,1
cg08033722,2,2,2,2,2,2,2,2
cg08066140,2,2,2,2,2,2,2,2
cg08070327,0,0,0,0,0,0,0,0
cg08075719,1,2,1,1,1,1,1,1
cg08084655,1,0,1,1,1,1,0,1
cg08098382,1,1,1,1,1,1,1,1
cg08129953,1,2,2,2,2,2,2,2
cg08144675,2,2,2,2,2,2,2,2
cg08161163,1,2,1,2,2,1,2,1
cg08182270,2,2,2,2,1,2,2,1
cg08203788,2,2,2,2,2,2,2,2
cg08217526,0,1,0,0,0,0,0,0
cg08223357,1,1,1,1,1,1,1,1
cg08247852,1,1,1,2,2,1,1,1
cg08258506,1,1,1,1,0,1,1,1
cg08313539,1,1,1,2,2,1,1,2
cg08318732,1,2,2,1,1,2,2,1
cg08339023,1,1,1,1,1,1,1,1
cg08352422,1,1,2,1,2,1,0,1
cg08352439,2,2,2,2,2,2,2,2
cg08377819,2,2,2,2,2,2,2,2
cg08398567,1,1,1,1,1,1,1,1
cg08410996,2,2,2,2,2,2,2,2
cg08466034,1,1,2,1,2,1,2,1
cg08477332,0,0,0,0,0,0,0,0
cg08491681,2,2,1,1,2,2,2,2
cg08515442,0,1,0,0,0,0,0,0
cg08533710,2,2,2,2,2,2,2,2
cg08541895,0,1,0,1,1,1,1,1
cg08580836,2,2,2,2,2,1,2,2
cg08623383,1,2,1,1,1,1,1,1
cg08624915,1,1,1,1,1,1,1,1
cg08639762,2,2,1,2,2,2,2,1
cg08678044,1,1,1,1,1,1,1,1
cg08681685,0,0,0,0,0,0,0,0
cg08686092,1,1,1,1,1,1,1,1
cg08709360,0,0,0,0,0,0,0,0
cg08734931,2,2,1,1,1,1,1,1
cg08744475,1,1,1,1,1,1,1,1
cg08810053,0,0,1,1,1,0,0,1
cg08822523,1,1,2,1,1,1,2,1
cg08839053,1,1,2,2,2,2,1,1
cg08872493,0,1,0,0,0,0,1,0
cg08881680,2,2,2,2,2,2,2,2
cg08946854,1,1,0,0,0,1,0,1
cg08969950,1,1,1,1,1,1,1,2
cg08991437,1,1,1,1,1,1,1,2
cg09019154,0,0,0,0,0,0,0,0
cg09023624,1,1,0,0,0,1,1,0
cg09063149,1,2,2,2,2,1,2,2
cg09076339,0,1,1,1,1,1,1,1
cg09096031,1,2,2,1,2,1,2,2
cg09118625,0,0,0,0,0,0,0,0
cg09127314,0,0,0,0,0,0,0,0
cg09144964,2,2,2,2,2,2,2,2
cg09180702,0,1,1,1,1,1,1,0
cg09212597,1,2,2,2,2,1,1,2
cg09289202,1,1,1,1,1,1,1,1
cg09323728,1,1,1,1,1,1,1,1
cg09338136,1,1,1,1,1,1,1,1
cg09361469,0,1,2,1,1,1,0,1
cg09381666,1,1,1,1,1,1,1,1
cg09417038,2,2,2,2,1,2,1,1
cg09427016,1,1,1,1,1,1,1,0
cg09460553,1,1,1,1,1,1,1,1
cg09464268,1,1,2,2,2,1,1,2
cg09467607,1,1,1,1,1,1,2,1
cg09471455,2,2,2,2,2,2,2,2
cg09474442,1,2,2,2,2,2,2,2
cg09514174,2,2,2,2,2,2,2,2
cg09524686,0,0,0,1,0,0,0,0
cg09527615,0,0,0,0,0,0,0,0
cg09563777,1,1,0,0,1,1,1,0
cg09566316,1,1,1,1,1,1,1,1
cg09582042,2,2,2,2,2,2,2,2
cg09597638,1,2,2,2,2,2,2,2
cg09608949,2,2,1,1,2,2,2,2
cg09618778,2,2,1,1,1,2,2,1
cg09647867,2,1,2,2,2,2,1,2
cg09667013,1,1,1,1,1,1,1,1
cg09706021,0,2,1,1,1,0,1,1
cg09713850,0,0,1,1,1,1,1,1
cg09715059,1,1,1,1,1,1,1,0
cg09747445,1,1,0,0,0,0,0,0
cg09824603,2,2,2,2,2,2,2,2
cg09830866,2,2,2,2,2,2,2,2
cg09862733,1,1,1,1,2,1,1,1
cg09949789,1,1,0,1,1,1,1,1
cg10011623,2,2,2,1,1,1,1,2
cg10016004,1,0,1,0,2,1,1,1
cg10028549,0,1,2,2,2,1,2,2
cg10064060,0,1,0,1,0,1,2,0
cg10092265,0,0,0,1,1,0,0,0
cg10168457,1,2,1,1,2,1,2,1
cg10177528,1,2,2,2,2,1,2,2
cg10180281,0,0,0,0,0,0,0,0
cg10195146,0,0,1,1,1,0,0,1
cg10202436,2,2,2,2,2,2,2,2
cg10246448,2,2,1,1,1,2,1,2
cg10281770,1,1,0,1,1,1,1,1
cg10322794,2,2,2,2,2,2,2,2
cg10328171,0,0,0,0,1,0,1,0
cg10334976,0,1,1,1,1,1,1,1
cg10336039,2,2,2,2,2,2,2,2
cg10400081,2,2,2,2,2,2,2,2
cg10430077,2,1,2,1,2,2,2,1
cg10449558,1,1,0,0,1,1,1,0
cg10498502,1,2,1,1,2,2,2,1
cg10501602,1,1,1,1,1,1,1,1
cg10528989,1,1,1,2,1,1,1,1
cg10530568,1,1,2,1,2,1,1,2
cg10570158,0,1,1,1,1,0,1,1
cg10596483,1,1,1,1,1,1,1,1
cg10621924,0,0,0,0,0,0,0,0
cg10672416,1,1,1,1,1,1,2,1
cg10688516,1,1,1,1,2,1,1,1
cg10703884,0,1,1,1,1,0,1,1
cg10755723,2,2,2,1,2,2,1,2
cg10763374,0,0,0,0,0,0,0,1
cg10781468,0,1,0,0,1,0,1,1
cg10783797,1,1,1,1,1,1,1,1
cg10804974,0,0,0,0,0,0,0,0
cg10874314,0,2,2,2,1,0,1,0
cg10885151,1,1,1,1,1,1,1,1
cg10925640,2,2,2,2,2,2,2,2
cg10947611,0,1,1,1,1,1,1,1
cg10963793,1,2,1,2,2,2,2,2
cg10968944,2,1,0,0,1,1,1,0
cg10995755,1,1,1,1,1,1,1,1
cg11007120,1,1,1,1,1,1,1,1
cg11039913,2,2,2,2,2,2,2,2
cg11059159,0,0,0,0,0,0,0,0
cg11084470,0,1,2,2,2,0,1,2
cg11161837,2,2,2,2,2,2,2,2
cg11204139,2,2,2,2,2,2,2,2
cg11204974,1,1,1,1,1,1,1,1
cg11218619,1,1,1,1,1,1,1,1
cg11220502,0,0,0,0,0,0,0,0
cg11220732,2,2,0,1,1,2,2,0
cg11228126,1,1,0,1,1,1,1,1
cg11245181,0,0,0,1,1,0,1,1
cg11291081,2,1,1,1,1,2,1,1
cg11322797,0,0,0,0,0,0,0,0
cg11351987,0,1,0,0,0,0,1,1
cg11363527,1,2,1,1,2,1,2,1
cg11376198,2,2,2,2,2,2,2,2
cg11413657,0,0,0,0,0,0,0,0
cg11503210,1,1,1,1,1,1,1,1
cg11522683,1,1,0,1,0,1,1,0
cg11524454,1,1,1,1,1,1,2,1
cg11544420,1,1,1,1,1,1,1,1
cg11586189,1,1,0,1,1,1,1,1
cg11588844,1,1,1,1,1,1,1,0
cg11596009,1,2,2,2,2,2,2,2
cg11600596,2,1,1,1,1,2,2,1
cg11608150,1,1,1,1,1,1,1,1
cg11617938,1,2,1,1,1,2,2,1
cg11653233,1,1,1,1,0,1,1,1
cg11656177,1,1,0,0,1,1,1,1
cg11702085,2,2,2,2,2,2,2,2
cg11719362,2,2,2,2,2,2,2,2
cg11738485,0,0,0,0,0,0,0,0
cg11738486,1,2,0,1,1,1,2,0
cg11749010,0,0,0,0,0,0,0,0
cg11800117,1,1,1,1,1,0,0,1
cg11828983,1,1,1,1,1,1,1,1
cg11835209,0,0,1,1,1,0,0,1
cg11860005,1,1,2,2,1,1,1,2
cg11871991,0,0,0,0,0,0,0,1
cg11965913,1,1,1,1,1,1,1,1
cg11989576,1,2,1,1,1,1,1,1
cg12041401,2,2,1,1,1,1,1,1
cg12054318,1,1,1,1,1,1,1,1
cg12064504,1,1,1,1,0,1,1,0
cg12080831,1,0,0,0,0,1,1,0
cg12135344,0,0,0,0,0,0,0,0
cg12152384,0,1,1,1,1,0,0,1
cg12174804,2,2,2,2,2,2,2,2
cg12215294,2,2,2,2,2,2,2,2
cg12253469,1,1,1,1,1,1,1,1
cg12319143,1,1,1,1,1,1,1,1
cg12324629,2,2,2,2,2,2,2,2
cg12350309,1,1,1,1,1,1,1,1
cg12404181,1,1,1,0,1,1,1,0
cg12450708,1,1,0,1,1,1,1,1
cg12460175,0,0,1,1,1,0,1,1
cg12473775,1,2,1,1,2,1,1,2
cg12492938,2,2,2,2,2,2,2,2
cg12500876,0,0,0,0,0,0,0,0
cg12553689,1,1,1,1,1,1,1,1
cg12574576,1,1,0,1,1,1,2,0
cg12586386,0,0,0,0,0,0,0,0
cg12588917,0,0,0,0,0,0,0,0
cg12615761,2,2,2,2,2,2,2,2
cg12668399,1,2,2,2,2,1,2,2
cg12690119,1,0,0,0,0,0,1,0
cg12705353,1,1,1,1,1,1,1,1
cg12765123,1,1,1,1,1,1,1,1
cg12798194,0,1,1,1,1,1,1,1
cg12809031,0,0,1,0,1,0,0,0
cg12840312,2,2,2,2,2,2,2,2
cg12844324,0,0,0,0,0,0,0,0
cg12850379,1,2,2,1,2,1,2,1
cg12908916,0,0,1,1,1,0,0,0
cg12924430,2,2,2,2,2,2,2,2
cg12927753,1,1,2,2,1,1,1,1
cg12938556,0,1,0,0,0,1,1,0
cg12944343,2,1,1,1,1,1,1,1
cg13027206,1,1,1,1,1,1,1,1
cg13033722,1,1,0,0,1,1,1,0
cg13050716,0,0,1,1,1,0,0,0
cg13126871,1,1,1,1,1,1,1,1
cg13128596,0,0,0,1,0,0,1,1
cg13132497,1,2,1,2,2,1,2,2
cg13172549,0,0,0,0,0,0,0,0
cg13176979,1,0,1,1,0,1,1,1
cg13186228,0,0,0,0,0,0,0,0
cg13198297,0,1,0,0,0,0,1,0
cg13207180,2,2,2,2,2,2,2,2
cg13252700,0,0,0,0,0,0,0,0
cg13278353,1,1,1,1,1,1,1,1
cg13289019,2,2,2,2,2,2,2,2
cg13307058,1,2,1,1,1,1,2,1
cg13316472,2,2,2,2,2,2,2,2
cg13377056,1,2,1,1,1,1,2,1
cg13393036,1,1,1,1,1,1,0,1
cg13405775,1,1,1,1,2,1,1,1
cg13428066,1,2,1,1,1,1,1,2
cg13477101,2,2,2,2,2,2,2,2
cg13500113,1,1,2,2,2,1,1,2
cg13522882,1,1,1,1,1,2,1,1
cg13567405,1,1,2,2,2,1,1,1
cg13572782,0,0,0,0,0,0,0,0
cg13668471,1,1,1,1,1,1,1,1
cg13681655,2,1,2,1,2,2,2,1
cg13683194,2,1,1,1,1,1,1,1
cg13687570,2,2,2,2,2,2,2,2
cg13697378,0,0,0,0,0,0,0,0
cg13734401,1,1,1,1,1,1,1,1
cg13736514,2,2,2,2,2,2,2,2
cg13805518,1,1,1,2,2,1,1,2
cg13809441,1,1,1,1,1,1,1,1
cg13812291,1,1,1,1,1,1,1,1
cg13835029,1,2,2,2,2,2,2,2
cg13845105,1,2,2,2,2,2,2,1
cg13865488,2,2,2,2,2,2,2,2
cg13884376,2,1,1,1,1,1,2,1
cg13904574,2,2,2,2,2,2,2,2
cg13928427,1,1,1,1,1,1,1,1
cg13952159,1,1,1,1,1,1,1,1
cg13972423,1,2,1,1,1,1,2,1
cg13975106,1,1,0,1,1,0,1,1
cg13978566,2,2,2,2,2,2,2,1
cg13980266,0,2,2,1,1,0,1,1
cg13981838,2,2,2,2,2,2,2,2
cg13989519,1,1,0,0,0,1,1,0
cg14032732,1,1,1,1,1,1,1,1
cg14047153,1,1,1,1,1,1,1,0
cg14058329,0,0,0,0,0,0,0,0
cg14068301,0,0,1,0,0,0,0,0
cg14076977,0,1,1,1,1,1,1,1
cg14093127,0,0,0,0,0,0,0,0
cg14113351,1,1,0,1,0,1,1,1
cg14166009,2,2,2,2,2,2,2,2
cg14202048,2,2,2,2,2,2,2,2
cg14242696,0,0,0,0,0,0,0,0
cg14340463,1,1,1,1,1,1,1,1
cg14386312,1,1,0,1,0,1,1,1
cg14413354,1,0,0,1,1,1,1,1
cg14417784,0,0,0,0,0,0,0,0
cg14562054,1,1,1,1,1,1,1,1
cg14580228,1,2,2,1,1,2,2,1
cg14595683,1,1,2,1,1,1,1,1
cg14604066,2,2,1,1,2,1,2,1
cg14637144,2,2,1,1,2,2,2,2
cg14643390,1,1,0,0,0,0,1,0
cg14644378,1,2,2,1,2,1,1,2
cg14693391,2,2,2,2,2,2,2,2
cg14700230,1,1,1,1,1,1,1,1
cg14759494,1,1,1,1,1,1,1,1
cg14794655,1,1,1,1,1,1,1,1
cg14837974,2,1,0,1,1,1,1,1
cg14847483,1,1,1,1,1,1,2,1
cg14850026,2,2,2,2,2,2,2,2
cg14866167,1,1,1,1,1,1,1,1
cg14883961,1,1,1,1,1,1,1,1
cg14893161,1,1,1,1,1,1,1,1
cg14934242,1,1,1,1,1,1,1,0
cg14952312,1,1,1,1,1,1,1,1
cg14965694,1,1,1,1,1,1,1,1
cg15002904,0,0,0,0,0,0,0,0
cg15007983,1,2,2,2,2,1,1,2
cg15008743,1,1,1,1,1,1,1,1
cg15117372,2,2,2,2,2,2,2,2
cg15147215,0,0,0,0,1,0,0,0
cg15199987,1,1,0,0,0,1,1,0
cg15200445,1,1,1,1,1,2,1,0
cg15212455,0,0,0,0,0,0,0,0
cg15224459,1,1,1,1,1,1,1,1
cg15235999,2,2,1,2,2,1,2,2
cg15241074,0,1,2,2,1,1,1,1
cg15246712,1,0,0,0,0,1,0,0
cg15319824,0,1,1,1,1,0,0,1
cg15359390,0,0,0,0,0,0,0,0
cg15401418,1,2,1,1,1,1,2,1
cg15414638,2,2,2,2,2,2,2,2
cg15425811,2,2,1,1,2,2,2,2
cg15464821,2,1,1,1,2,2,1,1
cg15469871,2,2,2,2,2,2,2,2
cg15551981,1,0,0,0,0,0,0,0
cg15690542,1,2,1,1,1,1,1,1
cg15697225,2,2,1,1,1,2,2,1
cg15701794,1,1,1,1,1,1,1,1
cg15702949,2,2,2,2,2,2,2,2
cg15711727,2,2,2,1,2,2,2,2
cg15721243,2,2,2,2,2,2,2,2
cg15777261,1,1,1,1,1,1,1,1
cg15808472,1,1,1,1,1,1,1,1
cg15854394,2,2,2,2,2,2,2,2
cg15867944,1,2,1,1,2,1,1,1
cg15881597,0,1,1,1,1,0,1,1
cg15907060,1,1,1,1,1,1,1,1
cg15996644,2,2,2,2,2,2,2,2
cg16064054,1,0,1,0,1,1,0,1
cg16127514,1,2,2,1,1,2,1,2
cg16148270,0,0,0,0,0,0,0,0
cg16172549,1,1,1,1,1,1,1,1
cg16243243,0,0,0,0,0,0,0,0
cg16254756,1,2,1,1,1,2,1,1
cg16266669,1,1,0,0,0,1,1,0
cg16274899,1,2,1,1,1,2,1,1
cg16296679,1,1,1,0,1,1,1,0
cg16303742,1,2,1,1,1,2,2,1
cg16311302,1,0,1,1,1,1,0,1
cg16314899,0,0,0,0,0,0,0,0
cg16319129,1,2,1,1,1,1,2,1
cg16345566,1,1,1,1,1,1,1,1
cg16387467,1,2,2,2,1,1,2,2
cg16391973,2,2,2,2,2,2,2,2
cg16413785,1,1,0,0,1,1,1,0
cg16430166,2,2,2,2,2,2,2,2
cg16470716,2,2,2,2,2,2,2,2
cg16475891,1,1,1,2,2,1,1,2
cg16496269,1,2,1,2,2,1,2,2
cg16527418,2,2,2,2,2,2,2,2
cg16533146,1,2,2,2,2,1,2,1
cg16585333,1,1,1,1,1,1,1,1
cg16602369,0,0,0,0,0,0,0,0
cg16645423,0,0,0,0,0,0,0,0
cg16659026,2,2,2,2,2,2,2,2
cg16664617,1,1,0,0,0,1,1,0
cg16681083,1,2,2,2,2,1,2,2
cg16714096,2,2,2,2,2,2,2,2
cg16717267,0,1,1,2,2,0,1,1
cg16735509,0,0,0,0,0,0,0,0
cg16743289,1,1,1,1,1,1,1,1
cg16752400,1,1,2,1,1,2,1,1
cg16814023,1,1,1,1,1,1,1,2
cg16852440,1,1,1,1,1,1,1,1
cg16893174,0,1,0,0,0,0,1,0
cg17006282,1,1,2,2,2,1,1,2
cg17016000,1,2,1,1,2,2,2,1
cg17074431,1,1,1,1,1,1,1,1
cg17098387,1,1,1,1,1,1,1,1
cg17118836,1,2,2,2,2,2,2,2
cg17174814,2,2,2,2,2,2,2,2
cg17186388,2,2,0,0,0,2,2,0
cg17191109,1,0,1,1,1,1,0,1
cg17254383,1,2,1,1,1,2,2,1
cg17259096,0,0,0,0,0,0,0,0
cg17306686,1,1,1,1,1,1,1,1
cg17333886,2,2,2,2,2,2,2,2
cg17393917,2,2,2,2,2,2,2,2
cg17397069,1,2,1,1,1,1,2,1
cg17420585,0,1,1,0,0,0,0,0
cg17434008,1,1,2,2,2,1,1,2
cg17445212,0,0,0,0,0,0,0,0
cg17468100,2,1,2,2,2,1,2,1
cg17491987,2,2,2,2,2,2,2,2
cg17500703,1,1,1,1,1,1,1,1
cg17511472,0,1,0,1,1,1,1,0
cg17605021,0,0,0,0,0,0,0,0
cg17610933,0,0,1,1,1,0,0,1
cg17668731,1,2,2,2,2,1,2,1
cg17680092,1,1,1,1,1,1,1,1
cg17692971,2,2,2,2,2,2,2,2
cg17694351,1,1,1,1,1,1,1,2
cg17713488,2,1,1,1,1,1,1,1
cg17723381,2,2,1,1,2,2,1,1
cg17795240,1,2,1,1,1,1,2,1
cg17805072,0,2,1,2,2,1,2,2
cg17820828,0,1,0,0,0,0,1,0
cg17839611,1,1,0,0,0,1,1,0
cg17877220,0,0,0,0,0,0,0,0
cg17961725,1,0,0,0,0,1,1,0
cg18005867,1,1,1,1,2,1,1,1
cg18046394,2,2,0,0,0,2,2,0
cg18059933,1,1,1,1,1,1,1,1
cg18104242,1,1,1,1,1,1,1,2
cg18110333,1,1,1,1,1,1,1,1
cg18168249,1,1,1,1,1,0,1,1
cg18209323,1,2,1,1,1,1,1,1
cg18222865,1,2,2,2,1,1,1,1
cg18232861,0,0,0,0,0,0,0,0
cg18241308,1,2,1,1,1,1,1,1
cg18269963,1,1,2,1,2,1,2,2
cg18279536,1,1,0,1,1,1,1,1
cg18320188,1,1,2,2,2,1,1,2
cg18322025,1,1,1,1,1,1,1,1
cg18330203,1,1,1,1,1,1,1,1
cg18335505,2,2,1,1,1,2,2,1
cg18351329,2,1,2,1,2,2,1,1
cg18352516,2,2,2,2,2,2,2,2
cg18368411,2,2,1,1,2,2,2,1
cg18372208,2,2,2,2,2,2,2,2
cg18402987,2,2,2,2,2,2,2,2
cg18448614,0,0,0,1,0,0,0,1
cg18449021,0,0,0,0,0,0,0,0
cg18460830,0,1,1,0,1,0,1,1
cg18464823,0,0,2,1,1,0,0,1
cg18467189,1,1,2,2,2,1,1,2
cg18482112,1,1,1,1,1,1,1,2
cg18506672,2,2,2,2,2,2,2,2
cg18507732,2,2,2,2,2,2,2,2
cg18520517,1,1,1,1,2,1,1,2
cg18522231,0,1,0,0,0,1,1,0
cg18558073,2,2,1,1,1,2,2,1
cg18571156,2,2,2,2,2,2,2,2
cg18587504,1,1,1,1,1,1,1,1
cg18587557,0,1,1,1,1,1,1,2
cg18634560,1,1,0,1,1,1,1,1
cg18648917,0,1,1,1,1,0,1,0
cg18665594,1,1,1,1,1,1,1,1
cg18670770,0,0,0,0,0,0,0,0
cg18678645,1,1,1,1,1,1,1,1
cg18693051,0,1,1,1,2,1,1,1
cg18707489,1,1,0,0,0,1,1,0
cg18713748,1,1,0,0,0,0,1,0
cg18735089,1,1,1,1,1,1,1,1
cg18792146,2,2,2,2,2,2,2,2
cg18850089,2,1,1,1,1,1,1,1
cg18856614,2,0,0,0,0,0,0,0
cg18857062,2,2,2,2,2,2,2,2
cg18865445,1,1,1,1,1,1,1,1
cg18912107,1,1,1,1,1,1,1,1
cg18934443,1,1,1,1,2,1,1,1
cg19002149,1,1,2,2,2,1,1,2
cg19003815,2,2,2,2,2,2,2,2
cg19050152,1,1,1,1,1,1,1,1
cg19098465,0,0,0,0,0,0,0,0
cg19101232,1,1,1,1,1,1,2,2
cg19107578,2,2,1,1,2,2,2,1
cg19117047,0,0,1,1,1,0,0,0
cg19149522,2,2,2,2,2,2,2,2
cg19183879,1,2,2,1,2,2,1,1
cg19186380,2,1,1,1,1,1,1,1
cg19190762,1,1,1,2,1,1,1,1
cg19196401,2,2,2,2,2,2,2,2
cg19257832,0,1,0,0,0,0,1,0
cg19327615,1,1,2,2,2,1,1,1
cg19333883,1,1,2,2,2,2,2,2
cg19335130,1,1,1,1,1,1,1,0
cg19375981,1,1,1,1,1,1,1,1
cg19455642,1,2,2,2,2,1,2,2
cg19480425,1,1,1,1,1,1,1,1
cg19566774,1,0,1,1,1,0,1,1
cg19572487,1,1,1,1,1,1,1,1
cg19579217,1,1,1,1,1,2,1,1
cg19584649,1,1,2,1,1,1,1,1
cg19658332,1,1,0,1,0,1,1,1
cg19660806,2,2,2,2,2,2,2,2
cg19678392,1,1,1,1,1,1,1,1
cg19701879,0,1,0,0,0,0,1,0
cg19730268,1,1,1,1,1,1,1,1
cg19811337,2,2,2,2,2,2,2,2
cg19820328,0,0,0,0,0,0,0,0
cg19970883,1,1,1,2,2,1,1,2
cg19977004,2,2,2,2,2,2,2,2
cg19978674,1,1,1,1,1,1,1,1
cg19980929,0,1,0,0,0,0,0,0
cg19998073,0,1,0,0,1,1,1,1
cg19998150,1,1,1,1,1,1,1,1
cg20008140,1,1,1,1,1,1,1,1
cg20016411,2,2,2,2,2,2,2,2
cg20018425,0,0,0,0,0,0,0,1
cg20060685,2,2,2,2,2,2,2,2
cg20104774,0,0,1,1,1,1,0,1
cg20117519,1,1,1,1,1,1,1,1
cg20119798,1,1,1,1,1,1,1,1
cg20131596,0,1,1,1,1,1,1,1
cg20165520,0,1,0,0,0,0,1,0
cg20174730,1,1,1,1,1,1,1,1
cg20176388,0,0,0,0,0,0,0,0
cg20181209,0,1,0,0,0,0,0,0
cg20222562,1,1,1,1,2,1,1,1
cg20268039,2,2,2,2,2,2,2,2
cg20276677,1,1,1,2,2,1,1,2
cg20309640,1,1,1,1,1,1,1,1
cg20340346,0,1,0,0,0,0,1,0
cg20375709,1,1,1,1,1,2,1,1
cg20379593,2,2,2,2,2,2,2,2
cg20388732,1,2,1,1,1,1,1,1
cg20432671,1,1,1,1,1,1,1,1
cg20458044,2,2,1,1,2,1,2,1
cg20504791,2,2,2,2,2,2,2,2
cg20513206,1,1,1,1,1,1,0,1
cg20515136,1,1,0,1,1,1,1,0
cg20519373,1,1,1,1,0,1,1,1
cg20569203,2,1,2,1,2,2,2,2
cg20570109,2,2,2,2,2,2,2,2
cg20630655,1,1,1,1,1,1,1,1
cg20660989,2,2,2,2,2,2,2,2
cg20677143,0,0,1,1,1,0,0,1
cg20715295,1,0,1,1,1,1,0,1
cg20740051,2,2,2,2,2,2,2,2
cg20743744,1,2,1,1,1,2,2,2
cg20747739,1,1,1,0,1,0,1,0
cg20770409,1,1,2,1,2,1,2,2
cg20801007,0,0,0,0,0,0,0,0
cg20848291,0,0,0,0,0,0,0,0
cg20885179,2,2,2,2,2,2,2,2
cg20911165,2,2,1,2,2,2,2,2
cg20956390,1,1,1,1,1,1,1,1
cg21010569,1,1,0,1,1,2,1,1
cg21041888,2,2,2,2,2,2,2,2
cg21051519,2,2,2,2,2,2,2,2
cg21061071,1,2,2,2,2,2,2,2
cg21073930,1,1,1,1,1,1,1,1
cg21103992,0,1,0,0,0,1,1,0
cg21109167,2,2,2,1,2,2,2,2
cg21116457,2,1,1,2,1,2,2,2
cg21147203,0,1,0,1,1,1,1,0
cg21153160,2,2,2,2,2,2,2,2
cg21159260,1,1,0,0,0,1,1,0
cg21179831,0,1,1,0,0,1,1,1
cg21183502,1,2,1,1,2,1,2,2
cg21220403,1,1,1,1,2,1,2,2
cg21235119,2,2,2,1,2,1,2,1
cg21361856,1,1,0,0,1,1,1,1
cg21371809,1,1,2,2,2,1,1,2
cg21392385,2,2,1,2,2,2,2,2
cg21468274,1,1,1,1,1,1,1,1
cg21500126,1,1,1,1,1,1,1,1
cg21521117,0,0,0,0,0,0,0,0
cg21523688,1,1,1,1,1,1,1,1
cg21548813,1,1,1,1,1,1,1,1
cg21573200,0,0,1,1,1,0,0,1
cg21580428,2,2,2,2,2,2,2,2
cg21583723,1,1,1,1,1,1,1,1
cg21610815,0,0,0,0,0,0,0,0
cg21626848,1,1,0,0,0,0,0,0
cg21646955,2,2,2,2,2,2,2,2
cg21665744,0,0,0,0,0,0,0,0
cg21702011,1,1,2,1,1,0,1,1
cg21746425,1,1,1,1,1,1,1,1
cg21750887,2,2,1,2,2,2,1,2
cg21790715,0,0,0,0,0,0,0,0
cg21838488,1,1,2,1,2,1,2,2
cg21859290,1,1,2,2,2,1,1,2
cg21865657,0,1,0,1,0,0,0,1
cg21910650,1,1,2,2,2,1,2,2
cg21915449,1,1,1,1,1,1,1,1
cg22033281,1,1,1,1,1,0,0,1
cg22109795,1,1,0,0,0,1,1,0
cg22115748,1,1,2,0,1,1,1,1
cg22212414,2,2,2,2,2,2,2,2
cg22234712,2,2,2,2,2,2,2,2
cg22264616,1,2,1,0,1,1,1,0
cg22307029,1,1,1,1,1,1,1,1
cg22321572,1,1,0,1,1,1,1,1
cg22358580,1,2,1,1,2,1,2,2
cg22407822,1,1,1,1,1,1,1,1
cg22407942,0,0,0,0,0,0,0,0
cg22466678,1,1,1,1,1,1,1,1
cg22533683,2,2,2,2,2,2,2,2
cg22555495,2,2,2,2,2,2,2,2
cg22590775,0,1,1,0,0,1,1,0
cg22595230,2,2,2,2,2,2,2,2
cg22611163,2,2,2,2,2,2,2,2
cg22622123,1,1,1,1,1,1,1,0
cg22677858,1,2,1,1,1,1,1,1
cg22684041,1,2,1,1,2,1,2,2
cg22697853,1,0,0,0,0,0,0,0
cg22705959,1,1,1,1,1,1,1,1
cg22721998,1,1,1,1,1,1,1,1
cg22784187,0,1,0,1,0,2,0,1
cg22796248,1,1,1,1,1,1,1,1
cg22827806,0,0,0,0,0,0,1,0
cg22833175,0,0,0,0,0,1,0,1
cg22841772,0,0,0,0,0,0,0,0
cg22867156,0,0,0,0,0,0,0,0
cg22872064,0,0,0,0,0,0,0,0
cg22879626,0,0,0,0,0,0,0,0
cg22894896,2,2,2,2,2,2,2,2
cg22898082,2,2,1,1,2,2,2,1
cg22901840,0,0,0,0,0,0,0,0
cg22960869,2,2,2,2,2,2,2,2
cg22984769,2,1,2,2,2,2,2,2
cg23003926,1,1,0,0,0,0,1,0
cg23013853,0,1,2,2,2,1,1,2
cg23053407,0,0,0,0,0,0,0,0
cg23054121,2,1,1,1,1,2,1,1
cg23107878,0,0,0,0,0,0,0,0
cg23168425,1,1,0,1,0,1,1,0
cg23181159,1,1,1,1,2,0,1,1
cg23217680,1,1,1,1,1,1,1,1
cg23221052,2,1,2,2,2,2,2,2
cg23226914,1,1,1,1,1,1,1,1
cg23284609,1,2,2,2,2,2,2,2
cg23303188,1,2,2,2,2,2,2,1
cg23323891,1,1,1,1,1,1,1,1
cg23331961,0,0,0,0,0,0,0,1
cg23396177,2,2,2,2,2,2,2,2
cg23409168,1,1,1,1,1,1,1,1
cg23423227,2,1,1,1,1,1,1,1
cg23425316,2,2,2,2,2,2,2,2
cg23445878,2,2,2,2,2,2,2,2
cg23453353,1,1,1,1,1,1,1,1
cg23490300,1,1,1,1,1,1,1,1
cg23496516,2,2,2,2,1,2,2,2
cg23499929,2,2,2,2,2,2,2,2
cg23562538,1,1,1,1,1,1,1,1
cg23573129,1,2,2,2,2,1,1,2
cg23622616,1,2,1,1,1,2,2,1
cg23658684,1,1,1,1,1,1,1,1
cg23708337,2,2,2,2,2,2,2,2
cg23732725,2,2,2,2,2,2,2,2
cg23746600,1,2,1,1,1,1,2,1
cg23748340,2,2,2,2,2,2,2,2
cg23759393,0,1,0,0,0,1,1,0
cg23796525,1,2,1,1,1,1,2,1
cg23884217,0,0,1,1,1,0,0,0
cg23892836,0,1,0,0,0,0,1,0
cg23921523,2,2,2,2,2,2,2,2
cg23929194,0,0,0,0,0,0,0,0
cg23933095,1,1,0,1,1,1,1,0
cg23942311,1,0,1,0,0,1,0,0
cg23971381,1,1,1,1,1,1,1,1
cg24008358,0,0,0,0,0,0,0,0
cg24033859,1,1,2,2,2,1,1,2
cg24048949,1,0,0,0,0,1,1,0
cg24061122,1,0,2,2,2,1,1,2
cg24128316,0,1,0,0,1,1,1,0
cg24195486,2,1,1,1,2,2,1,2
cg24218620,1,1,1,2,2,1,2,2
cg24317406,1,1,1,0,0,1,1,1
cg24319836,1,1,1,1,1,1,1,1
cg24322968,1,1,1,1,1,1,1,1
cg24324837,0,1,1,1,1,0,1,0
cg24334149,0,1,1,1,1,0,1,0
cg24345747,1,1,1,1,1,1,1,1
cg24358846,2,2,2,2,2,2,2,2
cg24395504,2,2,1,2,2,2,2,2
cg24421906,1,2,1,1,1,2,1,1
cg24429310,0,1,1,1,1,1,1,1
cg24460268,1,1,1,1,1,1,1,1
cg24482350,1,1,1,1,1,1,1,1
cg24496563,1,1,0,0,0,1,1,0
cg24512973,2,2,2,2,2,2,2,2
cg24542929,2,2,2,2,2,2,2,2
cg24576358,1,1,1,1,1,1,1,1
cg24581226,0,0,0,0,0,0,0,0
cg24585203,1,1,1,1,1,1,1,1
cg24601559,0,0,0,0,0,0,0,0
cg24617313,1,1,1,1,1,1,1,1
cg24624505,2,2,2,2,2,2,2,2
cg24631482,2,2,1,1,1,2,2,1
cg24642523,2,2,2,2,2,2,2,2
cg24670552,2,2,2,2,2,2,2,2
cg24687529,1,1,0,1,0,2,1,1
cg24691910,1,1,1,1,2,1,1,1
cg24702253,2,2,1,1,1,1,1,1
cg24733637,1,0,1,1,1,0,1,1
cg24754277,2,2,2,2,2,2,2,2
cg24776142,1,1,1,0,1,1,2,1
cg24834889,2,2,2,2,2,2,2,2
cg24843346,1,1,0,0,0,0,1,0
cg24854704,1,1,1,1,1,1,1,1
cg24865779,1,2,2,2,2,2,2,2
cg24869601,1,1,1,1,1,1,1,1
cg24907011,1,1,1,0,1,1,1,0
cg24907270,0,1,0,0,0,0,0,1
cg24920358,2,2,2,2,2,2,2,2
cg24928110,2,2,2,2,2,2,2,2
cg24961795,1,2,1,1,2,1,1,1
cg24969520,0,0,0,1,1,0,0,1
cg25023298,1,1,1,1,1,1,1,1
cg25025879,2,2,1,2,2,2,2,2
cg25043559,2,2,2,2,2,2,2,2
cg25048985,0,1,0,0,0,0,1,0
cg25090994,1,1,1,1,1,0,1,1
cg25123266,1,2,1,1,2,2,2,2
cg25130385,1,1,2,2,2,1,2,2
cg25206536,2,2,2,2,2,2,1,2
cg25223285,0,0,0,0,0,0,0,0
cg25262528,2,2,2,2,2,2,2,2
cg25264265,1,1,1,1,1,1,1,1
cg25299750,1,2,2,2,2,2,2,2
cg25309343,1,1,1,1,1,1,1,1
cg25340403,1,1,0,1,0,1,1,1
cg25340688,1,1,1,1,1,1,1,1
cg25350411,1,1,1,1,1,0,0,0
cg25352397,0,0,0,0,0,0,0,0
cg25390165,1,1,1,1,1,1,1,1
cg25477813,1,1,1,1,1,1,1,1
cg25526039,2,1,2,2,2,2,1,2
cg25560247,1,1,1,1,2,1,1,2
cg25629418,0,1,1,1,1,1,1,1
cg25634141,1,1,0,1,1,1,1,1
cg25652454,2,2,2,2,2,2,2,2
cg25652742,1,2,2,2,2,2,2,2
cg25742326,2,1,0,1,2,1,1,2
cg25771195,1,1,1,2,1,1,1,1
cg25786696,2,2,2,2,2,2,2,2
cg25801742,1,1,1,1,1,1,1,1
cg25815440,1,1,1,1,1,1,1,0
cg25877436,1,1,1,1,1,1,1,1
cg25914921,1,2,1,1,1,1,2,1
cg25986202,1,2,1,1,1,1,2,0
cg26064535,2,1,2,2,2,2,1,2
cg26090062,2,2,2,2,2,2,2,2
cg26127836,2,2,2,1,2,2,2,2
cg26143719,0,1,0,1,0,1,1,0
cg26148377,1,2,1,2,2,1,2,1
cg26154714,0,1,1,1,1,0,0,1
cg26172504,1,1,1,1,1,1,1,2
cg26195495,1,1,1,1,1,1,1,1
cg26224060,2,2,2,2,2,2,2,2
cg26234900,0,0,0,0,0,0,0,0
cg26239297,2,2,2,2,2,2,2,1
cg26250400,1,1,1,1,1,1,1,1
cg26262055,1,1,1,1,1,1,1,1
cg26270695,0,2,1,1,2,2,2,2
cg26313699,0,0,0,0,0,0,0,0
cg26338947,1,1,1,1,1,1,1,1
cg26527457,0,1,1,1,1,1,1,1
cg26536593,0,0,0,0,0,0,0,0
cg26539631,1,1,2,1,1,1,2,2
cg26639479,1,2,2,2,2,2,2,2
cg26667586,2,1,1,1,1,2,2,1
cg26681628,1,1,1,1,1,1,1,0
cg26707664,0,1,1,1,1,1,1,1
cg26725201,1,1,1,1,1,1,1,1
cg26734888,2,2,2,2,2,2,2,2
cg26750617,2,2,2,2,2,2,2,2
cg26750927,1,2,2,2,2,1,2,2
cg26779676,0,0,0,0,0,0,0,0
cg26802564,0,1,0,0,0,1,1,0
cg26850624,1,2,1,1,1,1,1,1
cg26857315,0,1,1,0,1,1,1,1
cg26896946,1,1,1,1,1,1,1,1
cg26924440,1,1,1,1,1,1,2,2
cg26960833,1,1,0,0,0,1,1,0
cg26985203,1,0,0,0,0,0,0,0
cg26992600,1,2,2,1,1,1,2,1
cg27039625,2,2,2,2,2,2,2,2
cg27130359,2,2,1,2,2,2,1,1
cg27134767,1,1,1,1,1,1,1,1
cg27177158,1,1,1,1,1,1,0,1
cg27200630,1,1,1,0,1,1,1,0
cg27203184,2,2,1,1,2,2,1,2
cg27216076,0,0,1,1,0,0,0,0
cg27237671,1,0,1,1,1,1,1,1
cg27300647,2,2,2,2,2,2,2,2
cg27333706,1,1,1,1,1,1,1,0
cg27333886,0,1,0,0,0,1,1,0
cg27345989,2,2,1,1,1,2,2,1
cg27361914,1,2,1,1,1,2,2,1
cg27366882,1,1,1,1,1,1,1,2
cg27370104,2,2,2,2,2,2,2,2
cg27375286,0,0,0,0,0,0,0,0
cg27396056,1,1,1,1,1,1,1,1
cg27398720,1,1,1,0,1,1,1,1
cg27416898,1,1,1,0,0,1,1,0
cg27427491,1,2,1,1,1,1,1,1
cg27454412,2,2,2,2,2,2,2,2
cg27480580,0,0,2,1,2,0,0,2
cg27485402,1,1,1,1,1,1,1,1
cg27493010,2,2,2,2,2,2,2,2
cg27496296,0,1,0,0,0,0,0,0
cg27571374,2,2,2,1,1,2,2,2
cg27620317,2,2,2,2,2,1,2,2
