Labels,FA L 7,FA L 8,FA Lla,FA LLb,FB L 5,FB L 6,FB Lla,FB LLb
cg00024494,0,0,0,0,0,0,0,0
cg00034101,1,1,0,1,0,1,0,0
cg00078857,2,1,2,2,2,2,1,1
cg00107579,2,2,1,2,2,2,2,1
cg00153919,2,1,2,2,0,2,1,1
cg00292669,2,2,2,2,2,2,2,2
cg00301396,1,1,0,1,1,1,1,0
cg00361017,0,1,1,1,2,2,2,1
cg00369376,1,1,1,1,1,1,1,1
cg00381755,1,1,0,1,1,1,1,1
cg00384205,1,1,1,2,1,1,2,1
cg00397910,2,1,1,1,1,1,1,2
cg00408773,2,2,2,2,1,2,1,2
cg00428638,1,1,1,2,1,1,1,1
cg00431565,2,2,2,1,1,2,1,1
cg00473597,2,2,1,2,0,1,1,1
cg00504902,1,1,2,1,1,1,1,1
cg00604454,0,0,0,0,0,0,0,0
cg00610991,1,2,2,2,1,1,1,1
cg00619263,1,2,2,2,1,1,2,2
cg00631327,2,2,2,2,2,2,2,2
cg00631329,1,1,1,1,1,1,1,1
cg00659077,2,2,2,2,0,2,2,2
cg00666014,0,0,0,0,1,0,1,1
cg00666422,1,1,2,1,1,1,1,1
cg00718336,2,2,1,2,2,2,2,2
cg00739471,2,2,1,2,2,2,1,2
cg00753924,1,2,2,2,2,2,1,1
cg00807197,2,2,2,2,2,2,2,2
cg00813752,2,2,2,2,2,2,2,2
cg00851732,0,1,0,1,0,0,1,1
cg00871610,2,2,2,2,0,2,1,1
cg00899350,1,1,1,1,1,2,1,1
cg00918181,2,2,2,2,2,2,2,2
cg00923880,1,1,2,2,0,2,2,2
cg00930606,0,1,0,1,0,0,0,0
cg00953006,0,1,0,1,0,0,0,0
cg00973118,0,2,0,1,1,1,1,0
cg00980622,1,2,2,2,1,1,1,0
cg01000188,1,1,1,0,0,2,0,0
cg01017147,1,1,1,0,1,1,1,1
cg01066431,0,0,0,0,0,1,0,0
cg01078772,1,1,1,2,1,1,1,1
cg01094192,2,2,2,2,1,1,1,0
cg01094687,0,1,2,2,0,0,0,0
cg01094748,1,1,1,1,1,1,1,2
cg01101873,2,2,2,2,0,2,0,0
cg01104306,2,1,2,2,2,2,2,2
cg01126532,2,2,2,2,2,2,2,2
cg01156747,2,2,2,2,1,1,1,2
cg01165661,0,1,1,1,1,0,1,2
cg01169021,2,2,2,2,2,2,2,2
cg01180479,1,1,0,2,1,1,1,1
cg01196336,1,2,2,2,2,2,1,1
cg01208566,1,1,1,1,0,1,1,2
cg01218619,2,2,1,2,2,2,2,2
cg01219135,1,1,1,1,1,1,1,1
cg01223011,2,1,1,2,2,1,2,2
cg01242676,2,2,2,2,2,2,2,2
cg01248445,1,1,2,1,2,0,1,2
cg01270593,0,0,0,0,0,0,0,0
cg01274753,0,1,0,0,0,0,0,0
cg01293179,1,1,1,2,1,0,1,1
cg01301319,0,1,0,1,0,0,0,0
cg01309328,1,1,2,1,1,1,1,1
cg01314743,0,1,1,0,0,0,0,0
cg01324343,1,1,1,1,1,1,1,1
cg01351327,1,1,2,2,0,1,1,0
cg01359962,1,1,1,2,1,1,1,1
cg01365639,1,1,1,1,2,1,1,1
cg01396157,0,1,0,0,0,1,0,1
cg01426903,2,2,2,2,2,2,2,2
cg01435791,1,1,1,2,1,2,2,1
cg01439322,0,2,2,2,0,2,0,1
cg01484296,0,1,2,1,0,0,0,0
cg01485549,0,1,2,1,1,1,0,1
cg01530154,2,2,2,2,2,2,2,2
cg01552731,1,1,0,0,0,1,0,0
cg01569709,0,0,0,0,2,1,0,2
cg01584932,1,1,2,1,1,1,1,1
cg01601299,1,1,2,2,1,2,1,1
cg01607530,0,2,2,1,0,2,1,1
cg01613691,1,2,2,2,1,1,0,1
cg01622416,1,2,2,2,2,2,2,2
cg01646323,1,1,0,1,0,1,0,0
cg01758314,0,1,0,0,0,0,0,0
cg01806192,1,2,2,2,1,2,1,1
cg01809217,1,1,0,1,1,1,1,1
cg01830073,0,1,0,1,1,2,0,1
cg01870826,2,2,2,2,2,2,2,2
cg01874867,1,1,1,2,1,0,1,1
cg01894498,0,0,0,0,0,0,0,0
cg01905633,1,1,0,0,1,1,1,0
cg01987333,2,2,2,2,2,2,2,2
cg02032841,2,2,2,2,1,2,2,2
cg02067022,1,2,1,2,1,1,1,2
cg02105042,2,2,1,2,2,2,2,2
cg02158486,2,2,1,2,0,2,0,0
cg02228675,0,0,0,0,0,0,0,0
cg02238549,2,2,2,2,2,2,2,2
cg02273436,0,0,0,1,0,0,0,0
cg02274366,2,2,2,2,2,2,1,2
cg02278114,2,1,1,2,1,2,2,1
cg02315096,1,1,1,1,1,1,1,1
cg02326224,2,2,2,2,1,0,1,1
cg02331649,1,2,1,2,2,2,2,2
cg02400092,1,0,0,1,0,1,1,1
cg02421962,1,1,1,0,0,2,0,1
cg02426999,1,1,0,1,2,1,1,0
cg02428792,2,2,2,1,2,2,2,2
cg02450064,0,0,0,0,0,0,0,0
cg02473254,2,2,1,2,2,2,2,2
cg02484210,2,2,2,2,2,2,2,2
cg02498063,1,1,1,2,1,1,2,2
cg02508651,2,1,2,2,2,2,2,2
cg02518216,2,2,1,2,2,2,2,2
cg02531924,2,2,2,2,2,2,2,2
cg02546490,2,2,2,2,2,2,2,2
cg02552250,2,1,2,2,2,2,2,2
cg02586712,1,2,2,2,1,2,2,1
cg02596779,0,1,0,0,0,1,0,0
cg02607237,2,1,2,1,1,1,1,2
cg02616710,2,2,2,2,2,2,2,2
cg02621481,1,1,1,1,0,1,2,1
cg02624836,2,2,2,2,2,2,2,2
cg02641400,1,1,0,0,2,0,1,1
cg02645340,1,1,1,2,0,1,0,1
cg02675527,2,1,0,1,1,0,1,2
cg02736908,0,1,0,0,0,0,0,0
cg02738086,2,2,2,2,2,2,2,2
cg02744588,2,2,1,1,0,2,0,1
cg02753027,0,0,0,0,1,0,0,0
cg02796478,1,1,1,1,1,1,0,0
cg02799427,1,2,2,2,2,1,2,2
cg02872426,2,2,2,2,2,2,2,2
cg02881189,1,2,0,1,0,2,2,1
cg02942766,2,1,2,1,1,2,1,0
cg02971253,1,1,2,1,1,2,1,2
cg03041510,1,1,2,1,1,1,2,2
cg03047995,2,1,2,2,0,2,0,1
cg03095800,0,0,0,0,1,1,0,1
cg03147184,1,1,0,1,1,1,0,0
cg03176993,0,1,2,1,0,0,0,0
cg03179435,1,1,2,2,1,2,2,2
cg03190769,2,2,1,2,1,2,1,2
cg03207666,2,2,2,2,2,2,2,2
cg03209871,0,1,0,0,0,1,0,0
cg03242666,2,2,1,1,2,2,1,1
cg03270395,2,1,2,1,2,2,2,2
cg03271533,2,2,1,1,1,2,1,1
cg03278811,0,1,0,0,0,0,0,0
cg03297163,2,1,2,2,2,2,2,2
cg03315344,1,2,2,2,1,2,1,1
cg03325664,2,2,2,2,2,2,2,2
cg03330678,2,1,2,2,1,2,2,2
cg03370951,1,1,1,1,1,1,2,2
cg03395511,1,2,2,2,1,1,2,2
cg03421353,1,1,1,1,0,1,0,1
cg03428047,2,1,1,2,2,2,2,1
cg03428864,2,2,2,2,2,2,2,2
cg03433986,0,1,0,1,1,0,1,0
cg03444077,1,1,1,1,1,1,1,1
cg03481509,0,2,1,1,1,1,1,1
cg03520938,2,2,2,2,2,2,2,2
cg03556313,1,1,1,1,2,2,2,1
cg03611551,1,1,2,2,2,2,2,2
cg03646740,1,1,1,1,0,0,0,1
cg03669367,1,1,2,0,1,1,1,2
cg03695236,1,1,0,1,1,1,0,1
cg03706720,2,2,1,2,2,2,1,1
cg03721454,0,1,0,0,1,0,0,0
cg03738707,2,2,2,2,2,2,2,2
cg03753385,1,1,0,1,1,1,2,1
cg03755052,1,1,0,1,1,1,1,2
cg03804621,1,1,1,2,1,1,1,1
cg03826642,1,1,1,0,1,1,1,2
cg03848129,0,0,0,0,0,0,0,0
cg03880506,2,2,1,1,1,2,1,2
cg03880611,1,1,2,2,1,0,1,2
cg03889540,2,2,1,2,1,2,1,1
cg03894068,2,2,2,2,2,2,2,2
cg03898952,2,2,2,2,2,2,2,2
cg03906434,0,1,0,0,0,0,0,0
cg04006327,1,1,1,1,0,1,0,0
cg04019914,1,1,1,2,1,1,1,1
cg04036777,1,1,0,1,1,1,1,1
cg04060561,1,1,0,1,0,0,1,0
cg04070847,1,0,1,0,2,1,2,2
cg04131969,2,2,2,2,2,2,2,2
cg04141796,1,1,2,2,1,1,1,2
cg04156219,0,1,0,2,2,0,2,2
cg04176472,1,2,1,2,1,2,2,2
cg04178523,1,2,1,1,0,1,0,1
cg04216235,1,1,2,2,1,2,2,1
cg04217706,2,2,2,2,2,2,2,2
cg04264002,1,1,1,0,0,1,0,0
cg04362989,1,2,1,2,1,1,1,1
cg04391463,1,1,0,0,1,1,1,1
cg04410756,2,2,2,2,2,2,2,1
cg04454285,1,1,1,1,0,1,0,0
cg04481923,2,2,2,2,2,2,2,2
cg04520704,2,2,2,2,2,2,2,2
cg04522575,2,2,2,2,1,2,2,2
cg04547181,0,1,0,0,0,0,0,0
cg04548463,1,2,1,1,0,1,0,0
cg04605697,1,1,2,2,0,0,0,1
cg04630490,2,2,2,2,1,1,1,1
cg04653913,0,1,0,0,0,0,0,0
cg04657146,0,0,0,0,0,0,0,0
cg04671734,2,2,2,2,2,2,2,2
cg04672622,1,1,1,1,1,1,1,1
cg04672903,2,2,1,1,2,2,2,2
cg04713352,1,1,2,2,1,1,1,1
cg04726821,2,2,2,2,2,2,2,2
cg04736911,1,1,1,2,1,1,1,1
cg04737881,2,2,2,2,2,0,1,0
cg04741118,1,1,2,2,1,1,1,2
cg04748010,2,2,2,2,2,1,1,2
cg04781305,1,1,0,0,0,0,0,0
cg04783231,0,0,0,0,0,0,0,0
cg04811114,1,1,2,2,1,1,1,2
cg04876069,2,2,2,2,1,2,2,2
cg04885881,1,0,0,1,0,1,0,0
cg04889800,0,0,0,0,0,0,0,0
cg04908961,0,1,0,1,1,1,1,2
cg04931238,2,2,2,2,1,2,2,1
cg04981007,1,1,1,1,0,1,0,0
cg05004973,1,1,1,2,1,1,0,0
cg05005343,2,2,1,2,1,1,1,1
cg05020125,1,1,0,1,1,1,2,2
cg05030553,2,1,2,2,2,2,2,2
cg05090351,0,1,0,1,0,0,0,0
cg05149097,0,0,0,1,0,0,0,2
cg05168764,2,2,2,2,2,2,2,2
cg05180717,2,2,2,2,2,2,2,2
cg05182265,0,2,1,1,0,1,1,1
cg05254095,1,2,1,1,1,1,1,1
cg05275595,1,2,2,2,1,2,0,1
cg05277122,2,2,2,2,2,2,1,0
cg05292376,2,2,2,2,1,2,1,1
cg05307301,2,1,2,1,1,2,1,1
cg05308504,1,1,1,1,1,1,1,1
cg05353869,1,1,2,1,1,1,1,1
cg05360958,1,2,2,2,2,2,2,2
cg05365735,2,2,2,2,1,1,2,1
cg05371332,2,2,2,2,2,2,2,2
cg05379541,2,2,2,2,2,2,2,2
cg05385718,1,1,0,0,1,1,1,1
cg05403689,0,1,1,1,0,0,1,1
cg05424333,1,1,2,1,0,1,0,0
cg05454501,1,1,1,2,1,1,1,1
cg05460318,2,2,2,2,2,2,2,2
cg05509609,0,0,0,0,0,0,0,0
cg05542785,0,0,0,0,0,0,0,0
cg05547778,0,0,0,0,0,0,0,0
cg05547895,2,1,2,2,2,2,2,2
cg05589489,0,1,0,0,0,0,0,0
cg05620261,2,1,2,1,1,2,2,2
cg05634630,0,1,0,0,1,1,1,1
cg05650719,2,2,2,2,2,2,2,2
cg05658512,0,1,1,1,0,1,0,0
cg05666036,2,2,2,2,2,2,2,2
cg05670953,2,2,2,2,2,2,2,2
cg05702280,0,1,0,0,0,1,0,0
cg05778424,2,2,2,2,2,2,2,2
cg05817845,0,1,1,1,1,0,1,2
cg05851442,0,1,0,1,0,0,0,0
cg05865011,2,2,1,2,2,2,1,1
cg05867245,1,1,2,2,1,1,1,1
cg05879419,2,2,2,2,2,1,2,1
cg05888872,1,1,1,2,2,1,1,1
cg05903444,2,1,2,2,2,2,2,2
cg05946623,1,1,2,1,2,2,2,2
cg05951994,2,2,2,2,2,2,1,2
cg05990312,2,1,1,2,2,2,0,0
cg06000144,2,2,2,2,2,2,2,2
cg06040071,1,1,1,2,1,2,1,1
cg06094482,2,2,1,2,1,1,2,2
cg06188367,1,1,2,1,1,1,1,2
cg06235224,1,1,2,1,0,1,1,1
cg06259025,2,2,2,1,2,2,2,2
cg06263178,2,2,2,2,2,2,2,2
cg06279274,0,1,0,0,0,1,0,0
cg06327515,1,0,1,1,1,1,1,1
cg06365843,1,1,2,2,2,2,2,2
cg06371583,0,1,1,0,0,0,0,1
cg06417478,0,0,0,0,0,0,0,0
cg06478886,2,2,2,2,2,2,2,2
cg06480265,0,0,0,0,1,0,1,1
cg06490113,2,1,2,2,1,2,1,2
cg06512263,0,0,0,1,1,1,1,1
cg06536614,2,2,2,2,2,2,2,2
cg06617217,0,1,0,1,0,0,1,0
cg06623827,1,1,0,1,1,1,1,0
cg06624036,1,1,2,1,1,1,1,1
cg06635900,2,2,0,2,2,2,2,1
cg06640997,1,1,1,1,1,2,2,1
cg06650246,2,2,2,2,2,2,2,2
cg06650379,2,2,2,2,1,1,1,0
cg06677321,0,0,0,0,1,0,1,1
cg06681434,0,0,0,1,0,0,0,1
cg06683316,2,2,2,2,2,2,2,2
cg06710742,2,2,2,2,2,1,1,2
cg06713675,2,2,2,1,2,2,2,0
cg06737308,0,1,0,1,0,0,0,0
cg06751366,1,1,1,2,1,1,1,1
cg06755071,2,2,2,2,2,0,2,2
cg06759314,0,1,1,0,0,0,0,0
cg06770429,0,1,0,1,0,2,0,0
cg06779847,1,2,2,2,1,2,1,2
cg06781532,1,1,1,1,1,1,1,1
cg06813419,1,2,0,1,1,0,2,1
cg06817772,2,2,2,2,2,2,1,2
cg06818052,2,2,1,2,2,2,2,2
cg06834313,1,2,1,2,2,2,2,2
cg06834998,0,1,0,1,0,0,0,0
cg06891458,2,2,1,2,2,2,2,2
cg06902099,0,1,0,0,0,0,0,0
cg06939307,2,0,0,1,0,2,2,0
cg06961233,1,1,1,1,0,1,1,1
cg06962549,2,1,1,2,1,1,1,1
cg06965195,2,2,2,2,2,2,2,2
cg07042014,2,0,2,1,2,2,1,1
cg07048527,0,1,1,1,0,0,0,0
cg07060739,1,1,1,0,0,1,2,1
cg07067710,2,2,2,2,2,2,2,2
cg07073960,0,0,0,0,1,0,0,0
cg07109804,2,2,2,2,2,2,2,2
cg07149179,1,1,1,1,1,1,2,2
cg07184237,1,2,2,2,2,1,2,2
cg07204874,0,0,0,1,2,1,2,1
cg07222861,2,1,1,2,2,1,2,2
cg07300846,1,1,1,1,1,1,1,1
cg07312051,0,0,0,0,0,0,0,0
cg07336123,2,2,2,2,1,2,2,2
cg07337250,2,2,2,2,0,0,0,0
cg07345934,0,0,0,1,0,0,0,0
cg07363270,1,2,2,2,2,2,2,2
cg07375978,2,2,2,1,2,2,2,2
cg07389611,2,1,2,2,1,1,1,1
cg07404485,1,1,2,2,1,1,1,1
cg07429623,1,2,2,2,1,2,1,1
cg07433152,1,1,2,2,1,2,1,1
cg07459594,1,2,2,2,2,2,2,2
cg07501729,2,2,2,2,2,2,2,2
cg07504727,0,1,0,0,0,0,0,0
cg07525682,2,2,2,2,2,2,2,2
cg07530063,2,2,2,2,2,2,2,2
cg07570687,2,2,2,2,0,2,0,0
cg07571734,2,2,2,2,2,2,2,2
cg07581623,1,2,2,2,0,2,0,1
cg07594247,2,2,1,2,2,2,2,1
cg07615383,0,0,0,0,0,0,0,0
cg07629965,1,1,1,2,2,2,1,1
cg07636688,0,1,0,1,2,1,2,2
cg07685357,1,1,1,1,1,1,1,1
cg07769588,0,0,0,0,0,0,0,0
cg07819160,0,1,0,0,0,0,0,0
cg07854954,0,0,0,1,1,0,0,0
cg07856155,1,1,2,1,1,1,1,1
cg07863877,1,1,2,2,1,2,2,2
cg07878514,2,1,1,2,2,0,2,2
cg07891179,1,1,1,1,1,1,1,1
cg07898446,1,1,1,1,1,1,1,1
cg07918978,2,1,2,2,1,0,1,1
cg07935886,2,2,2,2,2,2,2,2
cg07963670,1,1,2,2,2,2,2,2
cg07964754,0,0,0,1,0,0,0,0
cg07967210,2,2,2,2,2,2,2,2
cg07997737,1,1,2,1,0,1,1,1
cg07998277,0,0,0,0,1,0,1,0
cg08024887,1,1,2,2,0,1,1,0
cg08031982,1,2,2,2,0,2,1,1
cg08033722,1,1,2,2,0,1,0,0
cg08066140,1,1,1,2,2,1,2,2
cg08070327,2,2,2,2,2,2,2,2
cg08075719,0,1,0,0,0,0,0,0
cg08084655,1,1,2,1,0,1,0,0
cg08098382,2,2,2,2,2,2,2,2
cg08129953,2,2,2,2,0,2,0,1
cg08144675,0,0,0,0,0,0,0,0
cg08161163,0,1,0,0,0,0,0,0
cg08182270,2,2,2,2,2,2,2,2
cg08203788,2,2,2,2,1,2,1,1
cg08217526,0,0,0,1,2,2,0,0
cg08223357,2,1,2,2,2,2,2,2
cg08247852,1,1,1,1,1,1,2,2
cg08258506,1,1,1,1,1,2,1,1
cg08313539,0,1,1,0,0,0,0,0
cg08318732,1,1,1,1,0,2,0,0
cg08339023,1,1,2,2,1,2,1,2
cg08352422,1,2,2,2,2,2,2,2
cg08352439,1,2,1,2,2,1,1,0
cg08377819,2,2,2,2,2,2,2,1
cg08398567,1,1,1,2,0,1,1,1
cg08410996,1,1,2,0,1,1,1,0
cg08466034,2,2,2,2,2,2,2,2
cg08477332,2,2,2,2,2,2,2,2
cg08491681,2,2,2,2,2,2,2,2
cg08515442,0,1,1,0,1,2,0,0
cg08533710,1,2,2,2,2,2,2,2
cg08541895,1,2,1,2,1,2,2,2
cg08580836,2,2,2,2,2,2,2,2
cg08623383,2,1,1,1,0,0,0,2
cg08624915,1,1,0,0,1,0,0,0
cg08639762,2,2,2,2,2,1,2,2
cg08678044,1,2,2,2,1,2,1,2
cg08681685,0,1,0,0,0,0,0,0
cg08686092,1,1,0,1,1,1,1,1
cg08709360,1,1,2,1,1,1,1,1
cg08734931,2,2,2,2,2,2,2,2
cg08744475,1,1,0,1,1,1,1,1
cg08810053,0,1,0,0,0,0,0,0
cg08822523,2,2,2,1,0,1,1,1
cg08839053,2,2,0,1,2,2,1,1
cg08872493,2,2,2,2,2,0,2,1
cg08881680,0,0,0,0,0,0,0,0
cg08946854,1,2,2,2,2,2,0,0
cg08969950,2,2,2,2,2,2,2,2
cg08991437,0,2,0,0,1,0,0,1
cg09019154,0,0,0,0,0,0,0,0
cg09023624,0,1,0,0,0,0,0,0
cg09063149,0,1,0,1,0,0,0,0
cg09076339,2,2,2,2,2,2,2,2
cg09096031,2,2,1,2,2,2,2,2
cg09118625,2,2,2,2,2,2,2,2
cg09127314,0,0,0,0,0,0,0,0
cg09144964,1,2,2,2,1,2,2,2
cg09180702,0,1,2,2,0,0,1,1
cg09212597,1,1,1,1,1,1,1,1
cg09289202,0,0,0,0,0,0,0,0
cg09323728,1,1,1,1,1,1,1,1
cg09338136,2,1,2,2,0,2,0,0
cg09361469,2,2,2,2,2,2,2,2
cg09381666,0,1,0,1,0,0,0,0
cg09417038,1,1,2,2,1,2,1,1
cg09427016,1,1,2,2,2,1,1,1
cg09460553,1,1,2,1,1,1,1,1
cg09464268,2,2,2,2,2,2,2,2
cg09467607,0,1,0,1,0,0,0,0
cg09471455,2,2,2,2,2,2,2,2
cg09474442,1,1,1,0,0,1,0,0
cg09514174,2,1,1,2,0,1,1,1
cg09524686,1,1,1,2,1,1,2,2
cg09527615,1,1,1,1,1,2,1,0
cg09563777,1,2,1,2,1,1,2,2
cg09566316,1,1,0,1,2,0,2,2
cg09582042,1,1,2,2,2,1,2,2
cg09597638,0,1,0,0,0,0,0,0
cg09608949,2,2,2,2,1,2,2,2
cg09618778,0,1,0,0,0,0,0,0
cg09647867,2,2,2,2,2,2,2,2
cg09667013,1,1,1,0,1,1,1,1
cg09706021,2,2,1,2,0,2,0,1
cg09713850,2,0,1,1,1,1,1,0
cg09715059,1,2,2,2,0,2,1,1
cg09747445,0,1,1,1,1,1,1,2
cg09824603,2,2,2,2,2,2,2,2
cg09830866,2,2,2,2,2,2,2,2
cg09862733,0,0,0,1,2,0,2,2
cg09949789,1,1,2,0,0,2,2,2
cg10011623,1,2,1,1,1,1,1,1
cg10016004,0,1,2,1,1,0,1,0
cg10028549,2,2,2,0,2,0,2,1
cg10064060,1,2,2,2,2,1,1,1
cg10092265,0,1,0,0,0,0,0,0
cg10168457,1,1,2,2,1,1,2,2
cg10177528,1,1,1,1,1,1,1,1
cg10180281,0,0,0,0,0,0,0,0
cg10195146,2,2,2,2,2,2,2,2
cg10202436,1,2,1,2,1,1,2,2
cg10246448,1,1,1,2,0,1,1,1
cg10281770,0,1,1,1,0,0,0,0
cg10322794,1,2,0,1,1,0,0,1
cg10328171,2,2,2,2,2,2,2,2
cg10334976,1,1,0,1,0,0,1,1
cg10336039,0,1,0,0,0,0,0,1
cg10400081,2,2,2,2,2,2,2,2
cg10430077,1,1,0,2,1,1,1,1
cg10449558,1,1,2,1,1,1,1,2
cg10498502,1,1,1,1,0,1,0,1
cg10501602,2,2,2,2,2,2,2,2
cg10528989,2,2,2,2,2,2,2,2
cg10530568,2,1,2,2,2,1,2,2
cg10570158,1,1,1,2,0,1,2,1
cg10596483,1,1,2,2,1,1,1,1
cg10621924,1,1,1,2,1,1,1,2
cg10672416,0,1,0,1,0,0,0,1
cg10688516,1,2,2,2,2,2,2,2
cg10703884,1,1,1,1,0,1,0,0
cg10755723,2,2,2,2,1,2,1,2
cg10763374,1,1,1,1,0,1,1,1
cg10781468,2,1,1,2,1,2,1,0
cg10783797,1,0,0,0,0,1,0,1
cg10804974,1,1,1,1,1,1,1,1
cg10874314,2,2,2,2,1,2,2,1
cg10885151,2,2,2,2,2,2,2,2
cg10925640,0,0,0,0,1,0,2,1
cg10947611,1,1,2,2,1,1,2,2
cg10963793,1,0,1,1,0,0,0,0
cg10968944,1,2,2,2,2,1,2,2
cg10995755,1,2,2,2,1,1,0,0
cg11007120,1,1,1,1,1,1,1,1
cg11039913,2,2,2,2,2,2,2,2
cg11059159,2,2,2,2,2,2,1,2
cg11084470,1,1,1,1,2,1,2,2
cg11161837,2,2,2,2,1,2,1,2
cg11204139,0,1,0,0,0,0,0,0
cg11204974,0,1,0,0,0,0,0,0
cg11218619,2,2,2,2,1,2,2,2
cg11220502,2,2,1,2,2,2,2,2
cg11220732,1,1,0,0,0,0,1,1
cg11228126,2,2,2,2,2,2,1,2
cg11245181,2,2,2,2,0,2,0,1
cg11291081,2,2,2,2,2,2,2,2
cg11322797,0,0,0,0,0,0,0,0
cg11351987,1,1,1,1,0,1,0,0
cg11363527,1,1,2,2,1,2,2,2
cg11376198,2,1,2,1,2,2,2,2
cg11413657,0,1,0,1,2,0,1,0
cg11503210,2,2,2,2,1,2,2,2
cg11522683,1,2,2,2,0,1,0,1
cg11524454,2,1,2,1,2,2,1,1
cg11544420,0,1,0,0,0,0,0,0
cg11586189,1,2,1,1,1,1,1,1
cg11588844,1,1,0,1,0,1,0,0
cg11596009,1,2,2,2,1,2,2,1
cg11600596,2,2,2,2,2,2,2,2
cg11608150,2,2,2,2,2,2,2,2
cg11617938,1,1,2,2,2,2,1,2
cg11653233,1,0,1,1,2,2,2,2
cg11656177,1,1,1,2,2,1,2,2
cg11702085,2,2,2,2,2,2,2,2
cg11719362,2,2,2,2,1,2,1,1
cg11738485,0,0,0,0,0,0,0,0
cg11738486,0,1,0,1,0,1,0,0
cg11749010,2,2,2,2,2,2,2,2
cg11800117,0,1,0,0,0,0,0,0
cg11828983,2,2,2,2,2,2,2,2
cg11835209,2,2,2,2,2,2,2,2
cg11860005,1,1,1,1,0,0,0,0
cg11871991,0,1,0,1,0,0,0,1
cg11965913,2,2,2,2,2,2,2,2
cg11989576,2,2,2,2,2,2,2,2
cg12041401,2,2,2,2,2,2,2,2
cg12054318,2,2,2,2,1,2,2,2
cg12064504,1,2,1,1,1,1,1,1
cg12080831,2,2,2,2,2,2,2,2
cg12135344,2,2,2,2,2,2,2,2
cg12152384,2,2,2,2,1,2,2,1
cg12174804,2,2,2,2,2,2,2,2
cg12215294,1,1,2,1,1,1,1,1
cg12253469,0,1,0,0,0,0,0,0
cg12319143,0,0,2,0,0,0,0,0
cg12324629,2,2,2,2,2,2,2,2
cg12350309,0,1,0,1,2,0,2,1
cg12404181,2,2,2,2,2,1,2,2
cg12450708,2,1,1,1,1,0,1,1
cg12460175,0,1,0,0,0,0,0,0
cg12473775,1,1,2,2,1,1,1,0
cg12492938,2,2,2,2,2,2,2,2
cg12500876,0,1,0,0,0,0,0,0
cg12553689,0,1,0,0,0,0,0,0
cg12574576,1,1,1,1,1,1,0,1
cg12586386,1,1,1,1,1,1,1,0
cg12588917,0,1,1,0,0,0,0,0
cg12615761,0,0,0,0,0,0,0,0
cg12668399,2,2,2,2,2,2,2,2
cg12690119,2,1,2,2,2,2,2,2
cg12705353,1,1,1,1,1,1,1,1
cg12765123,2,2,1,1,2,2,2,1
cg12798194,0,2,1,1,0,2,0,0
cg12809031,1,2,2,2,1,0,2,1
cg12840312,1,1,2,1,1,1,1,1
cg12844324,1,1,0,1,1,1,1,1
cg12850379,0,0,0,0,0,0,0,0
cg12908916,2,2,2,2,1,2,1,1
cg12924430,2,2,2,2,2,2,2,2
cg12927753,2,2,2,2,2,2,2,2
cg12938556,1,1,0,1,0,1,0,0
cg12944343,0,1,1,1,0,0,0,1
cg13027206,2,2,2,2,2,2,2,2
cg13033722,1,1,1,1,1,2,1,1
cg13050716,2,2,2,2,1,2,1,2
cg13126871,0,0,1,1,0,1,0,0
cg13128596,1,1,2,1,1,1,1,1
cg13132497,1,2,2,2,2,1,2,2
cg13172549,0,1,0,2,0,0,0,0
cg13176979,1,1,2,2,0,0,1,2
cg13186228,1,1,1,1,1,1,1,1
cg13198297,1,1,0,2,2,0,2,1
cg13207180,2,2,2,2,2,2,2,2
cg13252700,0,1,2,2,0,1,0,1
cg13278353,2,2,2,2,2,2,2,2
cg13289019,1,1,1,1,1,1,1,1
cg13307058,2,1,1,2,2,2,2,1
cg13316472,1,1,2,1,1,2,2,1
cg13377056,2,2,1,2,1,2,1,2
cg13393036,1,1,1,1,1,1,1,1
cg13405775,2,2,2,2,2,2,2,2
cg13428066,1,1,2,2,1,1,1,1
cg13477101,2,2,2,2,2,2,2,2
cg13500113,1,2,1,2,0,2,1,1
cg13522882,1,1,2,2,0,1,0,0
cg13567405,2,2,2,2,1,2,2,2
cg13572782,0,1,0,0,0,0,0,0
cg13668471,2,2,1,2,2,2,1,2
cg13681655,1,1,0,1,1,1,2,1
cg13683194,1,2,2,2,1,1,2,2
cg13687570,1,1,1,1,1,1,1,1
cg13697378,2,2,2,2,2,2,2,2
cg13734401,2,1,1,2,1,0,1,1
cg13736514,1,1,2,1,1,1,1,1
cg13805518,2,2,2,2,2,2,2,1
cg13809441,2,2,2,2,2,2,2,2
cg13812291,0,1,0,1,0,0,0,0
cg13835029,0,1,1,1,2,0,0,1
cg13845105,0,1,0,0,0,0,0,0
cg13865488,2,2,2,2,2,2,2,2
cg13884376,1,2,1,2,2,2,2,2
cg13904574,2,2,2,2,2,2,2,2
cg13928427,2,2,2,2,2,1,2,2
cg13952159,1,1,1,2,1,1,1,2
cg13972423,2,1,2,2,2,2,2,2
cg13975106,2,2,2,2,1,2,1,2
cg13978566,0,0,0,0,0,1,0,0
cg13980266,0,1,0,0,0,0,0,0
cg13981838,0,0,0,1,1,1,2,1
cg13989519,2,2,2,2,2,2,2,2
cg14032732,2,2,2,2,2,2,2,2
cg14047153,2,2,1,2,2,1,2,1
cg14058329,2,2,2,2,2,2,2,2
cg14068301,0,1,0,0,0,0,0,0
cg14076977,0,0,0,0,0,0,0,0
cg14093127,2,2,2,2,1,2,2,1
cg14113351,2,2,2,2,2,1,1,2
cg14166009,1,1,1,1,1,1,1,1
cg14202048,2,2,2,2,2,2,2,2
cg14242696,0,0,0,1,0,1,0,1
cg14340463,0,1,0,1,0,0,0,0
cg14386312,2,2,2,2,2,2,2,2
cg14413354,0,1,0,1,0,0,0,0
cg14417784,1,1,0,1,1,1,0,1
cg14562054,1,1,0,1,0,1,0,1
cg14580228,2,2,2,2,1,2,2,2
cg14595683,1,1,1,1,0,1,0,1
cg14604066,2,2,2,2,2,2,2,2
cg14637144,2,2,2,2,1,1,2,2
cg14643390,2,2,2,2,1,2,1,2
cg14644378,0,0,0,0,0,0,0,1
cg14693391,1,1,2,2,2,2,2,2
cg14700230,1,2,1,1,1,1,1,1
cg14759494,2,2,2,2,2,2,2,2
cg14794655,2,2,2,2,2,1,2,1
cg14837974,2,1,0,1,2,2,2,1
cg14847483,2,2,2,2,2,2,2,2
cg14850026,1,1,0,1,0,2,1,1
cg14866167,2,2,1,2,1,1,2,2
cg14883961,2,2,2,2,1,2,2,1
cg14893161,2,2,2,2,2,2,2,2
cg14934242,2,1,2,2,2,1,2,2
cg14952312,0,1,0,1,1,0,0,0
cg14965694,2,2,2,2,2,2,2,2
cg15002904,2,2,2,2,1,2,2,2
cg15007983,2,2,2,2,1,1,2,2
cg15008743,2,2,2,2,2,2,2,0
cg15117372,0,0,0,0,0,0,0,0
cg15147215,0,1,0,0,0,0,0,0
cg15199987,1,2,2,2,2,2,2,2
cg15200445,0,1,2,1,1,1,0,1
cg15212455,2,2,1,2,2,2,2,2
cg15224459,1,1,1,1,1,1,1,1
cg15235999,2,2,2,2,2,2,2,2
cg15241074,2,2,1,2,2,2,2,2
cg15246712,0,1,0,1,0,2,0,1
cg15319824,0,1,0,0,0,0,0,1
cg15359390,0,1,0,0,1,0,1,1
cg15401418,2,2,2,2,2,2,2,2
cg15414638,2,2,2,2,2,2,2,2
cg15425811,2,2,1,1,2,2,2,2
cg15464821,0,0,0,1,0,0,0,0
cg15469871,0,0,0,0,0,0,0,0
cg15551981,1,1,1,2,2,0,1,0
cg15690542,1,1,2,2,1,2,2,2
cg15697225,2,1,2,2,2,2,2,2
cg15701794,1,1,1,1,1,1,2,2
cg15702949,0,1,0,0,0,0,0,0
cg15711727,1,1,1,1,1,1,1,0
cg15721243,2,2,1,2,0,2,2,2
cg15777261,0,0,0,0,0,0,0,0
cg15808472,1,2,2,2,2,2,2,2
cg15854394,2,2,2,2,2,0,2,2
cg15867944,1,1,2,2,1,1,1,1
cg15881597,2,2,2,2,0,0,1,2
cg15907060,0,1,1,0,0,1,0,1
cg15996644,2,2,2,1,1,1,2,2
cg16064054,2,2,2,2,2,2,2,2
cg16127514,1,2,2,1,1,1,2,2
cg16148270,1,2,2,2,1,1,1,2
cg16172549,1,1,2,2,0,1,1,2
cg16243243,1,1,1,2,1,2,1,1
cg16254756,1,1,1,1,1,1,1,1
cg16266669,2,2,2,2,2,2,1,2
cg16274899,2,2,1,2,2,2,2,2
cg16296679,1,1,2,2,1,1,1,1
cg16303742,2,1,1,2,2,2,2,2
cg16311302,1,1,2,1,1,2,1,2
cg16314899,1,1,1,2,1,1,2,2
cg16319129,1,1,0,1,0,0,2,2
cg16345566,1,1,1,1,1,1,1,1
cg16387467,0,0,1,2,0,0,1,0
cg16391973,1,1,1,1,1,1,1,1
cg16413785,0,0,1,0,2,0,1,1
cg16430166,2,2,2,2,2,2,2,2
cg16470716,2,2,2,2,2,2,2,2
cg16475891,1,1,2,1,1,1,1,2
cg16496269,1,2,2,2,2,1,2,2
cg16527418,1,1,0,1,1,1,1,1
cg16533146,1,1,1,1,0,1,1,0
cg16585333,2,2,2,2,2,2,2,2
cg16602369,0,0,1,1,0,0,0,0
cg16645423,1,1,1,2,2,0,0,0
cg16659026,2,2,2,2,2,2,2,2
cg16664617,0,1,1,0,0,0,0,0
cg16681083,0,1,0,0,2,0,2,1
cg16714096,1,1,1,2,2,1,2,2
cg16717267,2,2,2,2,2,1,1,1
cg16735509,1,1,2,1,1,1,1,1
cg16743289,0,1,0,0,0,0,0,0
cg16752400,1,1,2,1,1,1,1,1
cg16814023,1,1,0,0,0,2,2,2
cg16852440,0,0,0,0,1,0,1,1
cg16893174,2,1,2,1,2,2,2,2
cg17006282,1,2,0,2,1,1,1,1
cg17016000,2,2,2,2,2,2,1,1
cg17074431,0,1,0,0,0,0,0,0
cg17098387,1,2,1,1,1,2,2,1
cg17118836,2,2,2,2,1,2,1,2
cg17174814,2,2,2,2,2,2,2,2
cg17186388,0,1,0,1,0,1,0,0
cg17191109,0,1,1,0,0,0,0,0
cg17254383,2,2,1,2,1,2,2,1
cg17259096,2,2,2,2,2,2,2,2
cg17306686,0,1,0,1,0,1,0,0
cg17333886,2,2,2,2,2,2,2,2
cg17393917,2,2,2,2,1,2,2,2
cg17397069,2,2,2,2,1,2,2,2
cg17420585,1,2,1,1,1,1,0,1
cg17434008,2,1,2,2,2,2,2,2
cg17445212,2,2,1,0,1,2,1,1
cg17468100,1,2,1,1,1,1,2,1
cg17491987,2,2,2,2,2,2,1,2
cg17500703,1,1,1,1,2,1,2,2
cg17511472,2,2,2,2,2,2,2,2
cg17605021,1,1,1,2,1,1,1,2
cg17610933,2,2,2,2,1,2,2,2
cg17668731,1,2,1,1,0,1,1,0
cg17680092,2,2,2,2,1,2,1,2
cg17692971,0,1,0,1,0,0,0,0
cg17694351,2,1,2,2,2,2,2,2
cg17713488,1,2,2,2,1,0,2,1
cg17723381,1,2,2,2,1,2,2,1
cg17795240,0,0,1,0,2,0,1,2
cg17805072,1,1,2,2,2,2,1,2
cg17820828,0,1,0,0,0,0,0,0
cg17839611,1,1,2,1,2,2,0,0
cg17877220,2,2,1,2,2,2,2,2
cg17961725,1,2,1,1,0,1,1,1
cg18005867,2,2,2,2,2,2,1,2
cg18046394,1,2,2,1,1,1,2,1
cg18059933,1,1,1,1,1,1,1,1
cg18104242,2,2,2,2,2,2,2,2
cg18110333,1,2,2,1,1,1,1,1
cg18168249,2,2,2,2,1,2,2,2
cg18209323,1,1,1,1,1,1,1,0
cg18222865,1,2,2,2,1,2,1,2
cg18232861,0,0,0,0,0,0,0,0
cg18241308,1,1,2,1,1,1,0,0
cg18269963,2,2,2,2,2,0,2,1
cg18279536,2,2,2,2,0,2,1,1
cg18320188,2,1,2,1,2,2,2,2
cg18322025,0,1,1,2,0,0,0,0
cg18330203,2,2,2,2,1,2,2,2
cg18335505,1,1,1,2,2,1,2,2
cg18351329,2,2,1,1,2,2,2,2
cg18352516,2,2,2,2,1,2,2,2
cg18368411,0,0,0,1,0,0,0,0
cg18372208,0,1,0,1,0,0,0,0
cg18402987,2,1,2,2,2,2,2,2
cg18448614,1,2,1,2,1,1,2,2
cg18449021,0,0,0,0,0,1,0,0
cg18460830,1,2,1,2,0,1,1,1
cg18464823,2,1,2,2,1,1,0,1
cg18467189,1,1,2,2,1,2,2,2
cg18482112,0,1,1,0,1,1,0,1
cg18506672,0,0,0,0,0,0,0,0
cg18507732,2,2,2,2,2,2,2,2
cg18520517,1,2,1,2,1,1,2,1
cg18522231,1,1,2,2,1,1,1,2
cg18558073,2,2,2,2,2,0,1,2
cg18571156,2,2,2,2,2,2,2,2
cg18587504,0,1,0,1,0,0,0,0
cg18587557,0,0,0,0,2,0,0,0
cg18634560,0,2,0,1,0,0,0,0
cg18648917,2,2,2,2,2,1,2,2
cg18665594,0,0,0,0,0,0,0,0
cg18670770,0,0,1,0,0,0,0,0
cg18678645,2,2,2,2,2,2,2,2
cg18693051,2,2,2,2,1,2,1,2
cg18707489,2,2,1,2,2,2,2,1
cg18713748,2,2,2,2,2,2,2,2
cg18735089,1,1,0,1,1,0,0,0
cg18792146,1,1,0,1,1,1,0,0
cg18850089,1,2,2,2,2,2,2,2
cg18856614,2,2,2,2,2,2,2,2
cg18857062,1,1,0,0,1,1,1,1
cg18865445,1,1,0,1,1,1,1,0
cg18912107,1,2,0,2,0,0,1,1
cg18934443,1,1,1,2,1,2,1,1
cg19002149,1,1,0,0,0,0,0,0
cg19003815,2,2,2,2,2,1,2,2
cg19050152,2,2,1,2,2,2,2,2
cg19098465,0,1,0,0,0,0,0,0
cg19101232,0,1,2,0,0,1,0,1
cg19107578,2,2,2,2,2,2,2,2
cg19117047,2,2,2,2,1,1,2,2
cg19149522,2,2,2,2,1,2,2,2
cg19183879,2,2,0,1,0,0,2,2
cg19186380,1,1,1,1,2,1,2,2
cg19190762,2,2,2,2,1,2,2,2
cg19196401,0,0,0,0,0,0,0,0
cg19257832,2,2,2,2,2,2,2,2
cg19327615,2,2,2,2,2,2,2,2
cg19333883,1,1,1,1,1,2,1,1
cg19335130,2,2,2,2,1,2,2,1
cg19375981,1,2,2,2,1,1,1,1
cg19455642,2,1,1,1,1,1,0,2
cg19480425,2,2,1,2,1,2,2,2
cg19566774,1,1,1,2,1,1,2,0
cg19572487,1,1,2,1,1,1,1,1
cg19579217,1,1,1,2,1,1,2,2
cg19584649,2,2,2,2,2,2,2,2
cg19658332,1,1,1,1,1,0,1,0
cg19660806,1,1,0,1,0,0,0,0
cg19678392,1,2,2,2,1,1,1,2
cg19701879,1,2,0,2,0,0,2,0
cg19730268,0,1,0,1,0,0,0,0
cg19811337,1,1,0,1,1,1,1,1
cg19820328,1,2,1,2,2,1,2,2
cg19970883,1,1,1,1,1,1,0,0
cg19977004,2,1,1,1,1,1,1,1
cg19978674,1,1,1,2,1,1,0,0
cg19980929,1,1,0,1,1,1,1,1
cg19998073,2,2,2,1,0,1,2,2
cg19998150,1,1,2,1,1,1,1,1
cg20008140,1,1,1,2,0,1,1,1
cg20016411,2,2,2,2,1,2,1,2
cg20018425,0,1,0,0,1,0,0,0
cg20060685,2,2,2,2,2,2,2,2
cg20104774,1,1,0,1,0,0,0,0
cg20117519,2,2,2,2,0,2,0,2
cg20119798,1,1,1,1,1,1,1,1
cg20131596,1,1,1,1,1,1,1,1
cg20165520,1,2,1,2,0,2,0,0
cg20174730,1,2,1,2,2,2,2,1
cg20176388,0,0,0,0,0,0,0,0
cg20181209,0,2,2,2,2,0,2,2
cg20222562,1,1,2,2,2,2,1,1
cg20268039,2,2,2,2,1,2,0,1
cg20276677,2,2,2,2,2,2,2,2
cg20309640,2,2,1,2,1,1,1,1
cg20340346,1,1,0,1,0,1,0,0
cg20375709,1,1,2,1,1,0,1,1
cg20379593,1,2,2,2,1,1,2,2
cg20388732,0,0,0,1,0,0,0,1
cg20432671,0,0,1,0,0,0,0,0
cg20458044,1,1,1,1,1,1,1,1
cg20504791,0,0,0,0,0,0,0,0
cg20513206,1,1,1,1,0,1,1,1
cg20515136,0,1,0,0,0,0,0,0
cg20519373,1,1,1,2,1,0,2,0
cg20569203,2,2,2,2,2,2,2,1
cg20570109,2,2,2,2,2,2,1,2
cg20630655,1,1,0,0,0,1,1,2
cg20660989,1,1,1,1,1,1,1,1
cg20677143,2,2,2,1,2,2,2,2
cg20715295,1,1,2,1,2,1,0,1
cg20740051,0,1,0,0,0,0,0,0
cg20743744,2,1,2,1,2,2,2,2
cg20747739,1,2,2,2,2,1,1,2
cg20770409,2,2,2,2,2,2,2,2
cg20801007,2,2,1,1,2,2,2,2
cg20848291,2,1,2,2,2,2,2,2
cg20885179,2,2,2,2,2,2,2,2
cg20911165,1,2,2,2,2,2,2,1
cg20956390,2,2,2,2,2,2,2,2
cg21010569,1,2,1,2,1,1,1,1
cg21041888,1,2,1,2,2,0,1,1
cg21051519,2,2,2,2,2,2,2,2
cg21061071,1,2,1,2,2,0,1,1
cg21073930,0,1,0,0,0,0,0,0
cg21103992,2,2,2,2,2,2,2,2
cg21109167,2,1,2,2,2,2,2,2
cg21116457,1,2,0,1,2,1,2,2
cg21147203,2,2,2,2,1,2,1,2
cg21153160,1,1,1,1,1,1,1,0
cg21159260,1,2,2,2,2,2,2,2
cg21179831,1,0,0,1,0,1,0,0
cg21183502,1,1,0,0,0,0,0,0
cg21220403,2,2,2,2,2,1,2,2
cg21235119,1,1,1,1,1,1,2,1
cg21361856,2,2,2,2,2,2,2,2
cg21371809,2,2,2,2,2,0,2,2
cg21392385,2,2,1,2,2,2,1,1
cg21468274,0,1,0,0,0,0,0,1
cg21500126,2,2,2,2,2,2,2,2
cg21521117,1,0,0,0,1,0,2,1
cg21523688,1,1,0,1,1,0,1,1
cg21548813,1,1,1,1,1,1,1,1
cg21573200,2,1,0,1,2,2,2,1
cg21580428,2,2,2,2,1,1,1,1
cg21583723,2,1,2,2,2,2,2,2
cg21610815,2,2,2,2,2,2,2,2
cg21626848,0,0,0,0,0,0,0,0
cg21646955,2,2,2,2,2,2,2,2
cg21665744,1,2,1,2,1,1,2,2
cg21702011,2,2,2,2,2,2,2,2
cg21746425,0,0,0,0,0,0,0,0
cg21750887,2,2,2,2,1,1,1,1
cg21790715,2,2,2,2,2,2,2,2
cg21838488,2,2,2,1,1,2,1,1
cg21859290,1,2,1,2,0,1,1,2
cg21865657,1,2,1,2,0,0,0,1
cg21910650,0,0,0,0,0,0,0,0
cg21915449,1,1,2,1,1,1,1,2
cg22033281,2,2,2,2,2,2,2,2
cg22109795,2,2,2,2,1,2,2,2
cg22115748,2,2,2,2,1,2,2,2
cg22212414,2,2,2,2,2,2,2,2
cg22234712,1,1,1,1,0,1,0,0
cg22264616,1,2,2,2,2,1,2,2
cg22307029,2,2,2,2,2,2,2,2
cg22321572,1,0,0,0,0,1,0,0
cg22358580,2,2,2,2,2,2,2,2
cg22407822,1,1,1,2,1,1,1,1
cg22407942,0,0,0,0,0,0,0,0
cg22466678,0,1,0,1,0,0,0,0
cg22533683,0,1,0,0,0,0,0,0
cg22555495,0,1,0,1,0,0,0,0
cg22590775,2,2,2,2,2,2,2,2
cg22595230,2,1,1,2,0,2,0,0
cg22611163,2,2,2,2,2,2,2,2
cg22622123,2,2,2,2,2,2,2,1
cg22677858,1,1,1,2,1,1,0,0
cg22684041,0,0,0,0,0,0,0,0
cg22697853,0,1,1,2,1,1,1,2
cg22705959,2,2,2,2,2,2,2,2
cg22721998,1,1,1,0,1,1,1,1
cg22784187,0,0,0,0,0,0,0,0
cg22796248,1,1,2,2,2,1,2,2
cg22827806,1,1,2,1,1,1,1,1
cg22833175,0,1,0,0,0,0,0,0
cg22841772,1,1,2,2,1,1,2,1
cg22867156,1,0,0,0,1,1,2,2
cg22872064,0,1,0,1,2,0,2,2
cg22879626,1,1,1,0,1,1,1,1
cg22894896,0,1,0,0,0,0,0,0
cg22898082,0,1,0,0,0,0,0,0
cg22901840,2,2,2,2,1,2,2,2
cg22960869,2,2,1,1,2,0,0,0
cg22984769,0,0,0,0,0,0,0,0
cg23003926,1,1,2,1,1,1,1,1
cg23013853,2,2,2,2,2,2,2,2
cg23053407,0,0,0,0,0,0,0,0
cg23054121,1,1,1,1,2,1,2,1
cg23107878,0,0,0,0,0,0,0,0
cg23168425,2,2,2,2,2,1,2,2
cg23181159,0,1,2,1,0,1,1,1
cg23217680,2,2,2,2,0,2,0,1
cg23221052,0,0,0,0,0,0,0,0
cg23226914,1,1,1,2,1,1,1,2
cg23284609,2,2,2,2,2,2,2,2
cg23303188,1,2,2,2,1,1,1,1
cg23323891,1,2,2,2,2,1,2,2
cg23331961,1,1,0,0,0,1,1,0
cg23396177,0,1,0,1,0,0,0,0
cg23409168,1,1,1,1,1,1,1,2
cg23423227,1,1,0,1,1,0,2,0
cg23425316,2,2,2,2,2,2,2,2
cg23445878,2,2,2,2,2,2,2,2
cg23453353,0,1,0,0,0,0,0,0
cg23490300,2,2,2,2,2,1,1,1
cg23496516,0,1,0,0,0,0,0,0
cg23499929,2,2,2,2,2,2,2,1
cg23562538,0,1,0,1,0,0,0,0
cg23573129,2,2,2,2,2,2,2,2
cg23622616,2,2,2,2,2,2,2,2
cg23658684,1,1,1,2,1,2,1,1
cg23708337,2,2,2,2,2,2,2,2
cg23732725,2,2,2,2,1,1,2,2
cg23746600,2,1,1,2,1,2,2,1
cg23748340,1,1,1,2,2,1,1,1
cg23759393,1,1,2,2,1,1,1,2
cg23796525,1,2,2,2,0,0,0,0
cg23884217,2,1,2,2,2,2,1,2
cg23892836,0,1,1,1,0,0,0,0
cg23921523,1,2,2,2,0,2,0,1
cg23929194,2,1,1,1,1,0,1,2
cg23933095,1,1,1,1,0,1,1,1
cg23942311,0,0,0,0,0,0,0,0
cg23971381,1,1,1,1,1,1,1,1
cg24008358,1,1,1,1,0,1,0,1
cg24033859,0,0,0,0,1,0,1,1
cg24048949,1,1,2,1,0,1,0,1
cg24061122,0,0,0,0,0,0,0,0
cg24128316,0,1,1,1,2,2,1,2
cg24195486,2,2,2,2,2,2,2,2
cg24218620,1,2,1,0,0,0,1,1
cg24317406,0,1,1,0,0,0,0,0
cg24319836,1,1,1,2,2,1,2,2
cg24322968,1,1,2,2,1,0,1,1
cg24324837,2,2,2,2,2,2,2,2
cg24334149,1,1,2,1,1,0,0,0
cg24345747,2,1,0,2,0,1,1,1
cg24358846,0,1,0,0,0,0,0,0
cg24395504,2,2,2,2,2,2,2,2
cg24421906,2,2,2,2,2,2,2,2
cg24429310,1,1,1,1,1,0,1,1
cg24460268,1,1,2,2,1,1,1,2
cg24482350,0,1,0,0,1,0,1,1
cg24496563,2,2,1,2,0,1,2,0
cg24512973,0,1,1,1,0,0,1,1
cg24542929,1,2,2,2,1,2,1,2
cg24576358,1,2,2,2,1,1,1,2
cg24581226,2,2,1,2,2,2,2,2
cg24585203,0,1,2,0,0,0,0,0
cg24601559,1,1,2,1,1,1,1,1
cg24617313,1,1,1,1,1,1,1,1
cg24624505,1,1,0,0,0,0,0,0
cg24631482,2,2,2,1,2,2,2,2
cg24642523,2,2,2,2,2,2,2,2
cg24670552,1,1,1,0,0,1,0,0
cg24687529,2,2,2,2,2,2,2,2
cg24691910,2,2,2,2,1,2,1,2
cg24702253,1,2,2,2,2,1,2,1
cg24733637,2,2,1,2,1,2,2,2
cg24754277,2,2,2,2,1,2,2,1
cg24776142,1,1,2,1,0,1,1,1
cg24834889,1,1,1,1,1,1,1,1
cg24843346,1,1,1,1,0,1,1,0
cg24854704,2,2,2,2,2,2,2,2
cg24865779,2,1,2,2,1,2,2,2
cg24869601,1,1,0,1,1,1,1,1
cg24907011,1,1,1,1,2,2,2,2
cg24907270,1,1,1,2,1,2,2,2
cg24920358,1,1,2,2,0,1,1,1
cg24928110,1,1,1,1,0,1,0,0
cg24961795,2,2,2,2,1,2,1,2
cg24969520,1,1,1,1,1,1,1,1
cg25023298,1,1,1,1,1,1,1,1
cg25025879,2,2,2,1,1,2,2,2
cg25043559,2,2,2,2,2,2,1,0
cg25048985,2,2,2,2,2,2,2,2
cg25090994,2,2,2,2,2,2,2,2
cg25123266,1,1,0,0,0,0,0,1
cg25130385,1,0,1,1,0,1,0,0
cg25206536,1,2,2,2,2,2,2,2
cg25223285,2,2,2,2,2,2,2,2
cg25262528,2,2,1,2,1,2,2,2
cg25264265,2,2,2,2,2,2,2,2
cg25299750,2,1,1,2,2,2,2,2
cg25309343,2,2,2,2,2,2,2,2
cg25340403,2,1,1,1,0,1,0,1
cg25340688,2,2,2,2,2,2,2,2
cg25350411,0,0,0,0,0,0,0,0
cg25352397,2,2,2,2,2,2,2,2
cg25390165,2,2,2,2,2,2,2,2
cg25477813,1,2,0,1,2,2,1,1
cg25526039,2,2,2,2,2,2,2,2
cg25560247,1,0,1,1,0,0,1,1
cg25629418,2,2,2,2,0,1,1,1
cg25634141,0,0,0,0,0,1,0,1
cg25652454,0,1,0,1,0,2,0,1
cg25652742,2,2,2,2,2,1,2,2
cg25742326,1,0,0,2,1,0,0,0
cg25771195,1,1,1,1,1,0,0,0
cg25786696,2,2,1,2,2,2,2,1
cg25801742,1,1,0,0,1,1,0,0
cg25815440,1,2,1,2,1,2,2,1
cg25877436,2,1,2,2,2,1,2,2
cg25914921,2,2,2,2,2,2,2,2
cg25986202,1,1,1,2,1,2,1,1
cg26064535,2,2,2,2,2,2,2,2
cg26090062,2,2,2,2,2,2,2,2
cg26127836,1,1,1,2,1,1,1,1
cg26143719,0,1,0,0,1,1,1,0
cg26148377,0,2,2,1,1,0,0,0
cg26154714,2,2,2,2,2,1,2,2
cg26172504,1,1,0,0,0,1,0,0
cg26195495,2,2,2,2,2,2,1,1
cg26224060,0,0,0,0,1,0,0,0
cg26234900,0,1,1,2,1,2,1,1
cg26239297,2,2,2,2,2,2,2,2
cg26250400,1,1,1,1,1,2,2,1
cg26262055,2,2,2,2,2,2,2,2
cg26270695,1,1,0,0,0,0,1,0
cg26313699,0,1,0,0,0,0,0,0
cg26338947,2,2,2,2,2,1,2,2
cg26527457,1,1,2,1,0,0,0,0
cg26536593,1,2,1,1,1,0,2,1
cg26539631,0,1,0,1,0,0,0,0
cg26639479,1,1,1,2,1,1,2,1
cg26667586,1,1,2,2,2,2,2,2
cg26681628,1,2,2,2,1,1,1,2
cg26707664,2,2,2,2,2,2,2,2
cg26725201,1,1,1,1,1,1,1,1
cg26734888,1,1,0,1,1,1,1,1
cg26750617,2,2,2,2,2,2,2,2
cg26750927,1,2,2,2,1,2,2,2
cg26779676,1,1,1,1,1,1,1,1
cg26802564,2,2,2,2,2,2,2,2
cg26850624,0,1,1,0,0,0,0,0
cg26857315,2,2,2,2,2,2,2,2
cg26896946,2,2,2,2,2,2,2,2
cg26924440,2,2,2,2,2,2,2,2
cg26960833,2,1,2,2,1,2,2,2
cg26985203,2,2,2,2,2,2,2,2
cg26992600,2,2,2,2,2,2,2,2
cg27039625,2,2,2,2,0,2,0,2
cg27130359,0,0,0,0,0,0,0,0
cg27134767,0,1,2,2,1,1,2,2
cg27177158,2,2,2,2,2,2,2,2
cg27200630,2,2,2,2,2,2,0,0
cg27203184,2,2,1,1,1,2,2,1
cg27216076,1,1,0,1,1,0,0,0
cg27237671,1,1,1,1,0,1,1,1
cg27300647,1,1,0,1,1,1,1,1
cg27333706,2,2,2,2,1,2,1,1
cg27333886,0,1,0,1,0,1,1,1
cg27345989,0,1,0,0,0,0,2,2
cg27361914,2,0,0,1,0,2,0,0
cg27366882,1,2,1,1,1,1,1,1
cg27370104,1,1,2,1,2,2,2,2
cg27375286,2,2,2,2,2,2,2,2
cg27396056,0,1,0,0,0,1,0,0
cg27398720,2,2,2,1,2,2,2,2
cg27416898,2,2,2,2,2,2,2,2
cg27427491,0,1,0,1,0,0,0,0
cg27454412,2,2,2,2,1,2,2,2
cg27480580,1,0,0,1,1,0,0,0
cg27485402,2,2,2,1,0,1,1,1
cg27493010,2,2,2,2,2,2,2,2
cg27496296,1,1,2,1,1,1,1,1
cg27571374,2,2,2,2,1,1,2,2
cg27620317,2,2,2,2,1,1,1,1
