Labels,JA LL 1,JALL 2,JA3,JA4,JB LL 3,JB LL 4,JB3,JB4
cg00024494,2,2,2,1,1,1,1,1
cg00034101,1,1,1,1,1,1,2,2
cg00078857,1,1,1,0,0,2,0,0
cg00107579,1,0,0,0,1,1,1,1
cg00153919,1,1,1,1,2,2,1,2
cg00292669,2,2,1,1,1,2,1,1
cg00301396,2,2,2,2,0,0,0,0
cg00361017,0,0,0,0,1,2,1,1
cg00369376,1,2,2,2,1,0,1,2
cg00381755,2,2,2,2,0,0,1,0
cg00384205,1,1,1,1,2,2,2,2
cg00397910,2,2,2,2,2,2,0,2
cg00408773,0,0,0,0,1,1,2,1
cg00428638,0,0,0,0,0,0,0,0
cg00431565,1,0,1,0,1,1,1,0
cg00473597,2,1,1,2,1,1,0,1
cg00504902,0,0,1,1,0,0,0,1
cg00604454,2,2,2,2,2,2,1,1
cg00610991,2,2,2,2,1,2,1,1
cg00619263,1,2,1,2,0,0,0,0
cg00631327,0,0,0,0,0,0,0,0
cg00631329,2,2,2,2,2,2,2,2
cg00659077,2,2,2,0,1,2,0,1
cg00666014,2,1,1,1,1,0,0,1
cg00666422,0,0,0,0,0,0,0,0
cg00718336,1,1,1,1,0,0,0,1
cg00739471,1,1,1,1,2,2,2,2
cg00753924,0,0,0,0,0,1,0,0
cg00807197,0,0,0,0,1,1,0,0
cg00813752,2,1,1,2,0,2,1,1
cg00851732,1,1,1,0,1,2,1,0
cg00871610,0,0,0,0,1,2,1,1
cg00899350,1,1,1,1,2,0,1,2
cg00918181,1,1,0,0,2,2,2,2
cg00923880,0,0,0,0,0,2,1,0
cg00930606,0,0,0,0,0,2,2,0
cg00953006,1,2,1,0,0,1,1,1
cg00973118,2,2,2,2,2,2,1,1
cg00980622,2,1,2,2,1,0,0,1
cg01000188,2,1,1,1,1,1,1,1
cg01017147,1,1,1,1,2,2,2,2
cg01066431,0,0,0,0,1,1,2,1
cg01078772,0,0,0,1,0,0,0,1
cg01094192,0,0,0,0,0,0,1,0
cg01094687,2,2,2,1,2,1,1,2
cg01094748,1,1,1,1,1,1,1,1
cg01101873,2,2,2,2,1,2,2,1
cg01104306,2,2,1,1,0,0,1,0
cg01126532,0,0,1,1,0,1,1,1
cg01156747,0,0,1,1,1,1,1,1
cg01165661,2,1,1,1,1,0,2,1
cg01169021,0,0,0,0,0,0,0,0
cg01180479,0,0,0,0,0,1,1,0
cg01196336,0,0,0,0,0,0,0,0
cg01208566,1,1,0,1,0,1,1,0
cg01218619,2,2,2,2,2,2,2,2
cg01219135,2,1,1,1,1,1,1,1
cg01223011,1,0,1,1,1,0,0,1
cg01242676,0,0,0,0,2,2,2,2
cg01248445,2,2,1,1,0,1,2,1
cg01270593,1,1,1,0,1,0,1,1
cg01274753,1,1,1,0,2,2,2,2
cg01293179,1,1,1,1,1,0,2,1
cg01301319,0,0,0,0,1,0,0,0
cg01309328,2,2,1,1,1,1,0,2
cg01314743,2,1,1,1,2,2,1,1
cg01324343,2,2,2,2,2,2,2,2
cg01351327,1,1,1,1,1,1,1,1
cg01359962,0,0,1,0,0,0,0,0
cg01365639,1,0,1,0,1,1,0,2
cg01396157,1,1,1,1,2,2,1,1
cg01426903,1,0,1,0,1,0,1,0
cg01435791,0,0,0,0,0,0,0,0
cg01439322,0,0,0,0,0,0,0,0
cg01484296,1,0,0,0,1,0,0,0
cg01485549,0,0,0,0,0,0,0,0
cg01530154,2,2,2,2,2,2,2,2
cg01552731,2,1,1,1,1,2,1,1
cg01569709,1,0,0,0,1,1,0,1
cg01584932,1,1,1,1,2,1,0,1
cg01601299,1,1,1,2,2,1,1,1
cg01607530,0,0,0,0,0,1,0,0
cg01613691,0,0,0,0,0,0,1,0
cg01622416,0,0,0,0,1,0,0,1
cg01646323,1,1,1,1,1,2,1,1
cg01758314,0,0,0,0,0,0,0,1
cg01806192,1,1,1,0,1,0,0,1
cg01809217,1,1,1,2,2,1,2,2
cg01830073,1,2,1,2,1,0,1,1
cg01870826,1,1,1,1,2,2,2,1
cg01874867,2,2,2,2,2,2,2,2
cg01894498,0,0,0,0,0,0,0,0
cg01905633,2,2,2,2,2,2,2,2
cg01987333,0,0,0,0,0,0,0,0
cg02032841,2,2,2,1,2,1,2,2
cg02067022,0,0,0,0,0,1,2,0
cg02105042,2,2,2,2,1,1,1,1
cg02158486,0,0,0,0,0,0,0,0
cg02228675,0,0,0,0,0,0,0,0
cg02238549,2,2,2,2,0,0,2,0
cg02273436,1,0,1,1,1,1,2,1
cg02274366,1,0,1,2,2,1,0,2
cg02278114,1,0,1,1,0,2,0,0
cg02315096,0,1,1,1,1,0,1,1
cg02326224,0,0,0,0,2,1,2,2
cg02331649,1,1,0,1,2,0,1,2
cg02400092,1,1,2,1,2,1,2,2
cg02421962,1,1,1,1,1,1,1,1
cg02426999,1,1,1,1,1,1,1,1
cg02428792,2,1,1,1,2,2,1,2
cg02450064,0,0,0,0,0,0,0,1
cg02473254,0,0,0,0,0,0,2,0
cg02484210,1,2,2,1,2,2,2,2
cg02498063,2,1,1,1,1,1,1,2
cg02508651,2,2,2,2,2,2,2,2
cg02518216,2,2,1,2,2,2,2,2
cg02531924,2,2,2,2,0,2,0,0
cg02546490,2,2,2,2,2,2,2,2
cg02552250,0,0,0,0,1,2,1,1
cg02586712,1,1,1,1,0,0,0,0
cg02596779,2,2,1,2,2,0,1,2
cg02607237,0,0,0,0,0,0,0,0
cg02616710,0,0,0,0,0,0,0,0
cg02621481,1,0,1,0,1,0,1,1
cg02624836,2,2,2,2,1,1,2,2
cg02641400,0,0,0,0,1,0,1,1
cg02645340,0,0,0,0,0,2,0,0
cg02675527,0,1,1,0,0,0,1,0
cg02736908,2,2,2,2,2,1,2,2
cg02738086,2,2,1,0,0,0,0,0
cg02744588,0,0,0,0,1,0,0,0
cg02753027,1,1,1,1,2,2,2,2
cg02796478,1,1,1,1,1,1,1,2
cg02799427,0,0,0,0,0,1,0,0
cg02872426,0,0,0,0,0,0,0,0
cg02881189,0,1,1,1,1,1,0,1
cg02942766,2,2,1,2,2,2,1,2
cg02971253,1,2,1,0,2,0,1,2
cg03041510,1,1,1,1,1,1,1,1
cg03047995,0,0,0,0,0,0,0,0
cg03095800,2,1,2,2,2,2,1,1
cg03147184,1,1,1,1,1,1,1,1
cg03176993,1,0,0,1,2,0,1,1
cg03179435,0,0,0,0,1,0,1,1
cg03190769,2,2,1,2,0,2,1,0
cg03207666,2,2,2,2,2,2,2,2
cg03209871,0,1,1,0,0,1,0,0
cg03242666,0,1,1,0,0,1,0,0
cg03270395,0,1,1,0,1,0,1,2
cg03271533,1,1,1,1,1,0,0,1
cg03278811,0,0,0,0,0,0,0,0
cg03297163,1,1,1,1,0,1,0,0
cg03315344,0,1,1,1,1,1,1,1
cg03325664,0,0,0,2,0,0,2,0
cg03330678,2,2,2,1,2,1,2,2
cg03370951,2,2,2,2,2,2,0,2
cg03395511,1,0,1,0,2,1,1,1
cg03421353,0,0,1,1,0,0,1,0
cg03428047,1,1,1,1,1,0,1,2
cg03428864,2,2,2,2,2,2,2,2
cg03433986,0,1,1,0,1,0,1,0
cg03444077,2,2,2,2,2,2,2,2
cg03481509,2,2,2,2,2,2,1,1
cg03520938,2,0,0,0,0,0,0,0
cg03556313,1,1,1,1,0,0,0,1
cg03611551,1,1,1,0,0,1,1,0
cg03646740,0,1,0,0,0,0,0,0
cg03669367,0,0,0,0,0,2,0,0
cg03695236,2,2,1,1,2,2,2,2
cg03706720,0,0,1,0,0,0,0,1
cg03721454,1,2,0,2,2,1,2,2
cg03738707,2,2,1,1,1,1,1,1
cg03753385,1,0,1,1,0,1,0,0
cg03755052,0,0,0,0,0,1,0,1
cg03804621,2,2,2,2,2,2,2,2
cg03826642,1,1,1,1,2,2,2,2
cg03848129,0,0,0,0,0,0,0,0
cg03880506,2,1,2,1,1,2,1,1
cg03880611,1,1,1,1,1,1,1,2
cg03889540,2,2,2,2,2,1,1,1
cg03894068,0,0,0,0,0,0,0,0
cg03898952,0,0,0,0,0,0,0,0
cg03906434,0,0,0,0,0,0,0,0
cg04006327,0,1,1,1,2,2,1,2
cg04019914,2,2,2,2,2,2,2,2
cg04036777,0,0,0,0,0,0,1,0
cg04060561,2,2,2,2,2,2,1,1
cg04070847,0,0,0,0,0,1,0,0
cg04131969,0,0,0,1,1,1,1,1
cg04141796,0,0,0,0,0,0,0,0
cg04156219,1,2,2,2,2,2,2,2
cg04176472,2,2,1,0,2,2,1,2
cg04178523,0,0,0,0,1,0,2,2
cg04216235,1,1,0,0,0,1,0,0
cg04217706,2,2,2,2,2,1,2,2
cg04264002,0,0,1,1,1,1,1,1
cg04362989,2,2,2,2,2,0,2,2
cg04391463,0,0,0,0,0,1,0,1
cg04410756,2,1,2,2,2,1,1,2
cg04454285,0,0,0,0,1,0,1,1
cg04481923,0,0,0,0,0,0,0,0
cg04520704,0,0,1,0,2,2,2,2
cg04522575,0,0,0,0,2,0,2,2
cg04547181,0,0,1,0,0,0,1,1
cg04548463,0,0,0,0,1,1,1,1
cg04605697,1,0,0,0,0,0,0,0
cg04630490,0,0,0,0,1,0,1,2
cg04653913,0,0,0,0,0,0,0,0
cg04657146,0,0,0,0,1,1,1,1
cg04671734,0,0,0,0,0,0,0,0
cg04672622,1,1,1,1,1,1,1,1
cg04672903,0,0,1,0,1,1,1,1
cg04713352,1,2,1,1,1,0,1,1
cg04726821,0,0,0,0,0,0,0,0
cg04736911,2,2,2,1,1,1,0,0
cg04737881,0,0,0,0,1,1,1,1
cg04741118,1,1,2,1,1,0,1,0
cg04748010,0,0,0,1,1,0,1,0
cg04781305,1,0,0,0,0,1,1,0
cg04783231,0,0,0,0,1,2,1,0
cg04811114,2,2,1,0,1,0,0,1
cg04876069,2,1,0,1,0,0,1,1
cg04885881,1,1,1,1,0,0,0,1
cg04889800,1,0,1,0,1,0,0,0
cg04908961,1,1,1,0,2,1,1,2
cg04931238,1,0,0,0,1,1,0,1
cg04981007,0,0,1,2,2,2,2,2
cg05004973,1,0,0,1,2,2,1,1
cg05005343,0,0,0,0,0,0,0,0
cg05020125,2,2,2,2,2,2,1,2
cg05030553,2,2,0,1,1,2,0,0
cg05090351,0,0,0,0,0,0,0,0
cg05149097,2,2,2,2,1,1,1,1
cg05168764,1,1,1,0,2,0,1,2
cg05180717,1,1,1,1,1,1,1,1
cg05182265,1,1,1,1,1,0,0,1
cg05254095,1,1,1,1,1,0,1,1
cg05275595,1,1,1,1,0,1,1,1
cg05277122,1,1,0,0,0,0,0,1
cg05292376,2,2,2,2,1,1,2,2
cg05307301,0,0,1,0,2,0,0,2
cg05308504,2,2,2,2,0,0,1,0
cg05353869,2,2,2,2,2,2,2,2
cg05360958,0,0,0,0,0,1,0,0
cg05365735,2,1,2,1,2,2,2,2
cg05371332,0,1,1,1,1,1,1,1
cg05379541,2,2,1,1,1,2,2,1
cg05385718,0,0,0,0,0,0,0,0
cg05403689,0,0,0,0,0,0,0,0
cg05424333,0,0,0,0,2,2,1,1
cg05454501,0,0,1,0,0,1,1,1
cg05460318,2,1,1,1,1,2,1,1
cg05509609,0,0,0,0,0,0,0,0
cg05542785,1,1,1,1,2,1,1,2
cg05547778,0,0,0,0,0,0,0,0
cg05547895,2,2,1,1,2,1,1,2
cg05589489,0,0,0,0,0,0,0,0
cg05620261,2,2,1,1,2,0,2,2
cg05634630,1,1,1,2,2,1,1,2
cg05650719,2,2,1,1,1,0,1,1
cg05658512,1,1,1,1,1,2,1,1
cg05666036,1,1,1,2,0,1,0,0
cg05670953,0,0,0,0,0,0,0,0
cg05702280,0,0,0,0,1,1,1,2
cg05778424,2,2,2,0,1,0,1,1
cg05817845,1,1,1,1,0,1,0,1
cg05851442,0,1,0,0,0,1,0,0
cg05865011,1,1,1,1,1,2,1,1
cg05867245,2,2,2,2,2,2,2,2
cg05879419,2,1,1,0,1,1,2,0
cg05888872,0,1,0,1,2,1,2,2
cg05903444,0,0,0,0,0,0,0,0
cg05946623,2,2,2,2,2,0,2,1
cg05951994,2,2,1,2,2,2,2,2
cg05990312,0,0,0,0,0,1,0,0
cg06000144,2,2,1,1,2,0,2,2
cg06040071,2,2,2,2,0,1,0,0
cg06094482,0,0,0,1,1,1,1,1
cg06188367,2,2,2,2,2,2,2,2
cg06235224,0,0,0,2,0,1,0,0
cg06259025,2,1,2,0,1,1,0,1
cg06263178,0,0,0,0,0,0,0,0
cg06279274,0,0,0,0,0,0,0,0
cg06327515,0,0,0,0,0,0,0,0
cg06365843,0,0,0,0,0,0,0,0
cg06371583,0,0,0,1,0,0,0,0
cg06417478,0,0,0,0,2,2,1,1
cg06478886,0,0,0,0,0,0,0,0
cg06480265,1,1,1,1,2,2,1,1
cg06490113,1,1,0,2,2,0,2,2
cg06512263,1,1,1,0,1,1,0,1
cg06536614,0,0,0,0,0,0,0,0
cg06617217,0,0,0,1,0,0,0,0
cg06623827,2,2,2,2,2,1,2,2
cg06624036,0,0,0,1,2,0,1,0
cg06635900,2,2,1,2,1,1,1,1
cg06640997,1,1,1,1,1,0,1,0
cg06650246,0,1,0,1,1,1,1,1
cg06650379,0,0,1,0,0,0,0,0
cg06677321,0,0,0,0,0,0,0,0
cg06681434,1,1,1,0,2,1,2,2
cg06683316,0,0,0,0,1,0,0,0
cg06710742,0,0,0,0,0,0,0,1
cg06713675,0,0,0,0,1,0,1,1
cg06737308,1,1,1,1,1,1,1,1
cg06751366,0,0,0,0,1,0,0,1
cg06755071,0,0,0,0,1,0,2,2
cg06759314,2,2,2,1,2,2,2,2
cg06770429,0,0,0,0,0,0,0,0
cg06779847,1,0,1,0,2,0,2,1
cg06781532,0,0,0,0,0,0,0,0
cg06813419,2,2,2,1,2,1,2,1
cg06817772,0,1,0,0,2,2,1,2
cg06818052,2,2,2,2,2,2,2,2
cg06834313,1,1,1,1,1,1,1,1
cg06834998,0,0,0,0,0,0,0,0
cg06891458,2,2,2,2,1,1,1,1
cg06902099,2,2,2,1,2,0,1,1
cg06939307,2,2,2,1,1,2,0,0
cg06961233,2,2,1,2,0,2,2,2
cg06962549,0,0,0,0,1,2,1,1
cg06965195,1,1,2,0,2,2,1,1
cg07042014,1,1,1,0,1,1,0,1
cg07048527,1,0,0,0,0,0,0,0
cg07060739,0,0,0,0,0,0,0,0
cg07067710,0,0,0,0,0,1,0,0
cg07073960,2,2,2,2,2,2,2,2
cg07109804,2,2,1,2,2,2,1,1
cg07149179,1,1,1,1,1,0,1,1
cg07184237,0,0,0,0,0,0,0,0
cg07204874,1,0,0,0,1,0,0,0
cg07222861,1,1,1,0,1,0,0,0
cg07300846,2,2,2,2,1,2,1,0
cg07312051,0,0,0,0,0,2,0,0
cg07336123,1,1,1,0,1,0,1,0
cg07337250,2,2,2,2,2,0,1,2
cg07345934,2,2,2,2,2,2,2,2
cg07363270,1,1,1,2,1,1,1,1
cg07375978,2,1,2,2,2,1,2,2
cg07389611,1,1,1,0,2,0,0,1
cg07404485,2,2,2,2,2,1,2,2
cg07429623,2,2,1,2,1,0,2,1
cg07433152,2,2,2,2,2,2,1,2
cg07459594,2,2,2,2,2,2,2,2
cg07501729,0,0,0,0,1,1,0,0
cg07504727,0,0,0,0,0,0,0,0
cg07525682,0,0,0,0,0,0,0,0
cg07530063,0,0,0,0,0,2,2,0
cg07570687,0,0,0,0,2,2,0,2
cg07571734,2,2,2,2,2,2,2,2
cg07581623,0,0,0,0,0,0,0,0
cg07594247,1,2,2,1,2,1,0,2
cg07615383,1,1,1,1,1,0,1,1
cg07629965,0,0,1,2,1,1,1,1
cg07636688,2,2,2,2,2,2,2,2
cg07685357,0,0,0,0,0,1,1,0
cg07769588,2,2,2,2,2,2,2,2
cg07819160,2,2,2,2,1,2,2,2
cg07854954,0,0,1,1,2,2,1,2
cg07856155,0,0,0,0,0,0,0,0
cg07863877,2,2,2,2,2,2,2,2
cg07878514,0,0,0,0,0,0,0,0
cg07891179,1,1,1,1,1,1,1,1
cg07898446,2,2,2,2,2,1,2,2
cg07918978,0,0,1,2,2,1,2,2
cg07935886,1,1,1,1,1,1,1,1
cg07963670,1,2,1,2,2,0,2,2
cg07964754,1,2,2,1,1,0,1,1
cg07967210,0,0,0,0,1,0,1,0
cg07997737,0,0,0,0,1,0,2,1
cg07998277,1,1,1,1,2,0,1,2
cg08024887,2,2,1,1,1,2,1,1
cg08031982,1,0,1,0,1,0,1,2
cg08033722,0,0,0,0,0,0,0,0
cg08066140,2,2,2,2,2,2,2,2
cg08070327,2,2,2,2,2,2,2,2
cg08075719,0,0,0,0,1,2,0,0
cg08084655,1,1,1,1,1,1,1,1
cg08098382,0,0,1,0,2,2,2,2
cg08129953,0,0,0,0,0,1,1,0
cg08144675,2,2,2,2,1,1,1,1
cg08161163,1,1,0,0,1,1,1,1
cg08182270,2,2,2,1,2,2,2,2
cg08203788,0,0,0,0,1,0,1,1
cg08217526,0,0,0,0,1,1,1,0
cg08223357,2,1,1,0,2,0,1,1
cg08247852,2,2,2,2,2,2,1,2
cg08258506,1,2,2,2,1,1,1,0
cg08313539,0,0,0,0,0,0,0,0
cg08318732,0,0,0,0,0,0,0,0
cg08339023,1,1,1,1,2,2,2,2
cg08352422,0,0,0,0,0,0,2,1
cg08352439,1,2,1,1,1,1,1,1
cg08377819,2,1,1,1,1,0,1,1
cg08398567,1,1,0,0,1,1,2,1
cg08410996,0,0,1,0,2,1,1,1
cg08466034,0,0,0,0,1,0,1,0
cg08477332,2,2,2,2,2,2,2,2
cg08491681,0,0,1,0,0,0,0,0
cg08515442,2,2,2,2,2,2,1,1
cg08533710,1,2,1,2,2,1,1,1
cg08541895,0,0,0,0,0,2,1,0
cg08580836,0,0,0,0,0,0,0,0
cg08623383,0,0,0,0,1,0,0,0
cg08624915,1,1,2,2,1,1,1,1
cg08639762,0,0,0,0,1,0,0,0
cg08678044,0,0,0,0,0,1,1,0
cg08681685,0,0,0,0,0,0,0,0
cg08686092,0,0,0,0,0,0,0,0
cg08709360,0,0,0,0,0,1,0,0
cg08734931,0,0,0,1,2,0,2,2
cg08744475,1,1,1,1,2,2,2,2
cg08810053,1,0,0,1,0,1,0,0
cg08822523,0,1,1,1,1,0,1,2
cg08839053,1,1,1,0,0,0,0,0
cg08872493,1,0,0,0,0,0,1,1
cg08881680,2,1,1,1,1,2,1,1
cg08946854,1,2,1,1,0,1,0,0
cg08969950,2,2,2,0,2,0,0,0
cg08991437,1,1,1,2,1,1,1,1
cg09019154,2,2,2,2,2,2,2,2
cg09023624,0,0,0,0,0,0,0,0
cg09063149,1,0,0,1,2,1,2,2
cg09076339,2,2,2,2,2,0,2,2
cg09096031,1,1,1,1,2,1,2,2
cg09118625,1,1,1,1,2,2,2,2
cg09127314,1,1,1,1,2,2,0,1
cg09144964,0,0,0,0,1,0,1,1
cg09180702,0,0,0,0,0,1,1,0
cg09212597,1,1,1,1,1,1,1,1
cg09289202,0,1,1,1,1,1,0,1
cg09323728,2,2,2,2,2,2,2,1
cg09338136,2,2,2,2,2,2,2,2
cg09361469,0,0,0,0,1,0,0,1
cg09381666,1,1,1,2,1,1,1,1
cg09417038,0,0,0,0,0,0,1,1
cg09427016,2,1,1,1,0,1,1,2
cg09460553,1,1,1,0,2,0,1,1
cg09464268,0,0,0,0,0,0,0,0
cg09467607,0,0,0,0,1,1,0,1
cg09471455,2,2,1,1,2,1,2,2
cg09474442,0,0,0,0,0,0,0,0
cg09514174,2,2,2,2,2,0,1,1
cg09524686,1,0,0,0,0,2,0,0
cg09527615,2,2,1,1,1,2,1,1
cg09563777,0,0,0,0,1,1,1,1
cg09566316,0,0,0,0,1,0,0,0
cg09582042,2,2,2,1,2,1,2,2
cg09597638,0,0,0,0,0,0,0,0
cg09608949,1,1,1,1,1,1,0,2
cg09618778,2,2,2,2,2,2,2,2
cg09647867,2,2,2,1,1,1,1,1
cg09667013,0,0,0,0,0,0,0,0
cg09706021,0,0,0,0,1,0,1,1
cg09713850,2,2,2,2,2,2,0,1
cg09715059,0,0,0,0,1,0,1,1
cg09747445,1,1,0,1,0,0,1,0
cg09824603,1,0,0,0,1,1,0,1
cg09830866,2,2,1,2,2,2,2,2
cg09862733,1,1,1,1,1,1,1,2
cg09949789,2,1,1,1,1,1,0,1
cg10011623,2,2,2,2,2,1,2,2
cg10016004,1,1,1,0,0,0,2,0
cg10028549,0,0,0,0,0,2,0,1
cg10064060,0,0,1,0,2,1,1,2
cg10092265,0,0,0,0,0,0,0,0
cg10168457,0,0,1,0,0,0,1,1
cg10177528,2,2,2,1,2,2,1,1
cg10180281,0,0,0,0,0,0,0,0
cg10195146,2,1,1,2,1,2,1,1
cg10202436,1,1,0,0,1,1,1,1
cg10246448,1,1,1,1,2,2,2,2
cg10281770,1,1,1,1,1,1,1,1
cg10322794,1,1,1,2,1,0,1,1
cg10328171,0,1,0,1,2,1,1,2
cg10334976,0,0,0,0,0,0,1,0
cg10336039,2,2,2,2,2,1,2,2
cg10400081,0,0,0,0,1,1,1,1
cg10430077,0,0,0,0,2,1,1,2
cg10449558,1,1,1,1,2,1,2,2
cg10498502,1,0,0,0,0,0,0,0
cg10501602,1,1,1,1,1,2,1,1
cg10528989,0,0,0,1,1,1,1,0
cg10530568,2,2,2,2,2,1,2,2
cg10570158,0,0,0,0,1,1,0,1
cg10596483,2,2,2,2,2,1,2,2
cg10621924,0,0,0,0,1,2,0,1
cg10672416,0,1,0,0,0,0,0,0
cg10688516,1,1,1,0,1,2,0,1
cg10703884,2,2,1,2,2,2,1,1
cg10755723,1,1,0,0,1,2,1,1
cg10763374,2,1,2,2,1,1,1,1
cg10781468,1,1,2,1,2,2,2,2
cg10783797,2,2,1,1,2,0,1,1
cg10804974,0,0,0,0,0,0,0,0
cg10874314,0,0,0,0,0,0,0,0
cg10885151,0,0,0,0,1,2,0,1
cg10925640,0,0,0,0,2,0,1,2
cg10947611,1,1,1,1,1,0,0,2
cg10963793,2,1,1,1,2,2,1,2
cg10968944,1,1,1,0,2,0,1,2
cg10995755,0,0,0,0,2,2,2,0
cg11007120,2,2,2,2,2,2,1,2
cg11039913,1,1,1,1,2,2,1,1
cg11059159,2,2,1,1,1,1,1,1
cg11084470,0,0,0,0,2,1,1,2
cg11161837,0,0,0,0,0,0,0,0
cg11204139,0,0,0,0,0,0,0,0
cg11204974,0,0,1,0,0,1,1,0
cg11218619,0,0,0,0,0,0,1,0
cg11220502,0,0,0,0,0,0,0,0
cg11220732,0,0,0,2,2,0,0,1
cg11228126,2,2,2,2,2,2,2,2
cg11245181,1,1,1,1,1,0,1,1
cg11291081,0,0,0,0,0,0,0,0
cg11322797,2,2,2,2,2,2,2,2
cg11351987,2,2,2,2,1,0,1,1
cg11363527,2,2,2,2,1,0,1,1
cg11376198,1,1,1,1,1,2,1,1
cg11413657,2,2,1,1,1,1,1,1
cg11503210,1,1,1,1,1,1,1,1
cg11522683,0,0,0,0,0,1,0,0
cg11524454,0,0,0,0,0,0,0,0
cg11544420,1,1,1,1,1,1,1,1
cg11586189,0,0,0,1,0,0,0,0
cg11588844,0,0,0,1,0,0,1,0
cg11596009,2,2,2,2,2,2,2,2
cg11600596,2,1,1,1,2,2,1,1
cg11608150,0,0,0,0,0,0,0,0
cg11617938,1,1,1,2,1,0,0,2
cg11653233,0,0,0,0,2,0,1,1
cg11656177,1,1,1,1,1,0,1,1
cg11702085,2,1,1,1,1,0,1,1
cg11719362,0,0,0,0,1,0,1,0
cg11738485,0,0,0,0,0,2,1,1
cg11738486,0,1,0,0,0,0,0,0
cg11749010,0,0,0,0,0,0,0,0
cg11800117,1,1,1,1,1,0,0,1
cg11828983,1,1,1,0,2,1,1,2
cg11835209,1,0,1,1,0,2,1,0
cg11860005,2,2,2,1,2,2,2,2
cg11871991,0,0,0,0,0,1,1,1
cg11965913,1,1,1,1,2,1,1,2
cg11989576,1,1,1,0,1,0,1,1
cg12041401,0,0,0,0,0,1,0,1
cg12054318,0,0,0,0,0,0,0,0
cg12064504,0,0,0,0,1,1,1,0
cg12080831,0,0,0,1,1,1,1,2
cg12135344,0,0,0,0,0,0,0,0
cg12152384,0,0,0,0,1,1,2,1
cg12174804,0,0,0,0,0,1,0,0
cg12215294,2,1,1,1,1,1,1,1
cg12253469,2,2,2,2,2,2,2,2
cg12319143,0,0,0,0,2,0,2,1
cg12324629,2,1,1,2,2,2,1,2
cg12350309,2,2,1,0,2,2,1,2
cg12404181,0,0,0,0,1,0,0,1
cg12450708,0,0,0,0,0,0,0,0
cg12460175,2,2,2,1,0,2,1,2
cg12473775,0,0,1,0,0,1,0,0
cg12492938,0,0,0,0,1,2,1,1
cg12500876,2,1,1,1,1,0,1,1
cg12553689,2,1,1,1,1,1,1,1
cg12574576,0,1,0,0,0,0,2,0
cg12586386,1,1,1,1,1,1,1,1
cg12588917,0,0,0,0,1,0,0,1
cg12615761,0,0,0,0,0,0,0,0
cg12668399,1,1,1,0,0,1,0,0
cg12690119,1,1,0,0,0,0,0,0
cg12705353,1,1,1,1,1,1,1,1
cg12765123,0,0,0,0,0,0,0,0
cg12798194,1,1,1,1,1,1,1,1
cg12809031,1,1,1,1,1,1,1,0
cg12840312,2,2,2,2,2,2,2,2
cg12844324,1,1,1,1,1,1,1,1
cg12850379,0,0,0,0,0,0,0,0
cg12908916,2,2,2,1,1,1,2,2
cg12924430,0,0,0,0,0,0,1,1
cg12927753,0,1,1,0,2,1,2,2
cg12938556,1,1,0,0,0,0,0,0
cg12944343,1,2,1,1,1,2,1,1
cg13027206,0,0,0,0,1,1,0,0
cg13033722,1,1,1,1,1,1,1,1
cg13050716,0,0,0,0,0,1,0,1
cg13126871,0,0,0,0,1,1,1,0
cg13128596,0,0,0,0,0,0,0,0
cg13132497,2,1,1,0,2,1,2,2
cg13172549,2,0,0,0,0,0,0,0
cg13176979,0,0,0,0,1,1,1,1
cg13186228,0,0,0,0,0,0,0,0
cg13198297,0,1,0,0,1,2,0,0
cg13207180,0,0,0,2,0,0,1,0
cg13252700,2,2,2,2,2,1,1,1
cg13278353,2,2,2,2,2,1,2,2
cg13289019,2,2,2,2,2,2,2,2
cg13307058,1,1,2,0,2,1,1,2
cg13316472,0,0,0,0,0,1,0,0
cg13377056,1,1,1,1,2,1,2,2
cg13393036,2,2,2,1,2,1,2,2
cg13405775,1,0,0,0,0,2,2,0
cg13428066,2,1,1,1,0,1,1,0
cg13477101,1,1,1,1,0,2,1,1
cg13500113,1,1,1,0,0,1,0,0
cg13522882,0,0,0,0,1,0,0,0
cg13567405,1,1,1,0,1,0,1,0
cg13572782,2,2,2,2,2,2,2,2
cg13668471,1,1,1,1,2,2,0,2
cg13681655,0,1,0,0,1,1,2,1
cg13683194,1,1,1,0,0,1,1,0
cg13687570,2,2,2,2,2,2,2,2
cg13697378,2,2,2,2,2,2,2,2
cg13734401,2,2,2,1,2,2,2,2
cg13736514,2,2,2,2,2,2,2,2
cg13805518,0,0,0,0,0,0,0,0
cg13809441,2,2,2,1,2,2,2,2
cg13812291,2,2,1,1,2,1,1,1
cg13835029,0,0,0,0,0,1,1,0
cg13845105,2,2,2,2,2,2,2,2
cg13865488,0,0,0,0,0,1,0,0
cg13884376,1,1,0,2,1,2,1,2
cg13904574,2,2,2,2,2,2,2,2
cg13928427,1,1,1,1,0,0,1,1
cg13952159,0,0,0,0,0,0,0,0
cg13972423,2,1,2,2,1,2,2,1
cg13975106,0,1,0,0,0,1,0,0
cg13978566,0,0,0,0,1,1,1,1
cg13980266,2,1,1,1,2,2,2,2
cg13981838,0,0,1,0,1,1,0,1
cg13989519,0,0,0,0,0,0,0,0
cg14032732,0,0,0,0,0,0,0,0
cg14047153,0,0,0,0,0,0,0,0
cg14058329,2,2,2,2,2,2,2,2
cg14068301,0,0,0,0,0,0,0,0
cg14076977,0,0,0,0,0,0,0,0
cg14093127,1,0,1,1,1,0,0,1
cg14113351,1,0,0,1,2,1,1,2
cg14166009,2,2,2,2,2,2,2,2
cg14202048,2,2,1,1,2,1,2,2
cg14242696,0,0,0,0,2,1,1,1
cg14340463,1,1,2,1,1,1,2,2
cg14386312,0,0,0,0,0,0,0,0
cg14413354,1,1,0,0,2,1,1,2
cg14417784,0,0,0,0,0,0,0,0
cg14562054,1,0,0,0,0,1,1,0
cg14580228,0,0,1,1,1,1,0,1
cg14595683,0,0,0,0,1,1,1,1
cg14604066,0,0,0,0,0,2,0,0
cg14637144,0,0,0,1,0,1,1,0
cg14643390,1,1,1,1,1,0,0,1
cg14644378,0,0,0,0,1,1,1,1
cg14693391,0,0,0,0,0,0,1,1
cg14700230,0,0,0,0,0,0,0,0
cg14759494,2,2,2,2,2,1,1,1
cg14794655,0,0,0,0,1,0,1,1
cg14837974,1,1,1,1,1,0,1,0
cg14847483,2,1,1,1,1,1,1,1
cg14850026,1,1,1,1,1,1,1,0
cg14866167,1,1,1,0,2,2,1,2
cg14883961,1,1,1,1,1,0,0,1
cg14893161,2,2,1,2,2,2,2,2
cg14934242,2,2,2,2,2,0,2,1
cg14952312,0,0,0,0,0,0,0,0
cg14965694,1,1,1,0,2,2,2,2
cg15002904,1,0,0,0,1,0,1,2
cg15007983,2,2,2,2,2,2,2,2
cg15008743,0,0,0,0,2,0,1,1
cg15117372,1,1,1,1,0,2,1,1
cg15147215,2,1,2,2,1,2,1,1
cg15199987,1,1,1,1,2,1,0,2
cg15200445,0,0,0,0,0,0,0,1
cg15212455,1,1,1,1,1,2,1,1
cg15224459,1,1,1,1,1,1,0,1
cg15235999,0,0,0,0,0,0,0,0
cg15241074,0,0,0,0,0,1,0,0
cg15246712,0,0,0,0,0,0,0,0
cg15319824,0,0,0,0,0,0,0,0
cg15359390,1,1,1,0,1,2,2,1
cg15401418,2,2,2,2,2,2,2,2
cg15414638,2,1,1,1,1,0,1,1
cg15425811,2,1,2,2,2,2,2,2
cg15464821,1,1,1,1,2,1,1,1
cg15469871,0,0,0,0,0,0,0,0
cg15551981,1,0,0,0,2,1,0,2
cg15690542,0,0,0,0,2,1,1,1
cg15697225,0,0,1,1,1,1,1,1
cg15701794,2,2,2,2,2,2,1,2
cg15702949,0,0,0,0,1,0,0,1
cg15711727,1,1,1,1,0,2,1,1
cg15721243,0,0,0,0,0,0,0,0
cg15777261,2,2,1,2,2,1,2,2
cg15808472,0,0,0,0,0,0,0,1
cg15854394,0,0,0,0,1,0,0,2
cg15867944,1,1,1,1,2,2,1,2
cg15881597,0,1,0,0,2,1,2,1
cg15907060,2,2,2,2,0,2,0,1
cg15996644,0,0,0,0,0,0,2,0
cg16064054,1,1,1,1,1,1,1,1
cg16127514,1,0,1,0,1,1,1,1
cg16148270,1,1,1,1,1,1,1,1
cg16172549,1,1,1,1,2,2,2,2
cg16243243,1,1,1,0,1,1,1,1
cg16254756,2,2,1,1,2,2,1,1
cg16266669,2,0,1,1,1,2,1,2
cg16274899,1,1,1,1,2,1,1,2
cg16296679,0,0,0,0,2,0,0,2
cg16303742,1,1,0,1,2,1,2,2
cg16311302,0,1,0,0,0,0,1,0
cg16314899,1,2,1,1,1,2,1,1
cg16319129,0,0,0,0,1,0,1,0
cg16345566,0,0,1,1,1,0,1,1
cg16387467,1,1,1,0,0,0,2,1
cg16391973,2,2,2,2,2,2,2,1
cg16413785,0,0,0,0,1,0,1,2
cg16430166,2,1,1,1,1,2,1,1
cg16470716,1,1,1,1,1,0,1,1
cg16475891,1,1,1,0,1,1,0,1
cg16496269,1,1,2,1,2,1,1,1
cg16527418,2,2,2,2,2,2,2,2
cg16533146,2,1,1,1,2,1,1,1
cg16585333,2,2,2,2,2,2,2,2
cg16602369,1,1,0,0,1,1,0,0
cg16645423,0,0,0,0,0,0,1,0
cg16659026,0,0,0,0,0,0,0,0
cg16664617,2,2,2,2,2,2,2,2
cg16681083,2,1,1,1,1,2,2,1
cg16714096,0,1,1,1,1,0,1,1
cg16717267,0,0,0,0,0,0,0,0
cg16735509,2,1,1,1,1,1,1,1
cg16743289,1,1,1,1,2,1,1,1
cg16752400,2,2,2,2,2,2,2,2
cg16814023,1,1,1,1,1,1,1,1
cg16852440,1,1,1,1,1,1,1,1
cg16893174,0,2,1,2,1,2,1,0
cg17006282,1,0,1,0,2,2,2,2
cg17016000,1,1,1,1,0,1,1,0
cg17074431,1,1,1,1,1,1,1,1
cg17098387,2,2,2,2,2,2,2,2
cg17118836,2,2,2,2,2,2,2,2
cg17174814,2,1,1,1,2,2,1,2
cg17186388,0,0,0,0,0,1,0,0
cg17191109,0,0,0,0,1,0,0,0
cg17254383,1,1,0,0,2,1,2,2
cg17259096,1,0,1,0,2,0,1,2
cg17306686,1,1,1,1,0,0,1,1
cg17333886,0,0,1,0,1,0,1,1
cg17393917,2,2,2,2,2,2,2,2
cg17397069,2,2,2,1,1,1,1,1
cg17420585,0,0,0,0,0,1,0,0
cg17434008,1,1,1,1,2,1,1,1
cg17445212,1,2,2,2,1,1,1,1
cg17468100,0,0,0,2,2,2,1,2
cg17491987,1,1,1,1,2,1,2,2
cg17500703,1,1,1,1,1,1,1,1
cg17511472,0,0,0,1,1,0,0,0
cg17605021,1,2,1,1,2,0,1,1
cg17610933,0,0,0,0,0,0,2,0
cg17668731,2,2,2,2,2,0,1,2
cg17680092,0,0,0,0,0,1,1,0
cg17692971,0,0,0,0,0,0,0,0
cg17694351,2,2,2,2,2,1,1,1
cg17713488,1,1,0,1,0,1,0,0
cg17723381,0,0,0,0,0,0,0,0
cg17795240,2,2,1,2,2,2,0,2
cg17805072,0,0,0,0,1,1,1,0
cg17820828,1,1,1,1,0,1,0,1
cg17839611,1,1,1,0,2,0,1,2
cg17877220,1,1,1,1,1,1,1,1
cg17961725,1,1,1,1,0,0,0,0
cg18005867,1,1,1,1,2,2,1,1
cg18046394,0,0,0,0,0,1,0,1
cg18059933,2,2,2,1,2,1,1,2
cg18104242,1,1,1,2,1,1,1,1
cg18110333,0,0,1,0,1,1,1,1
cg18168249,1,1,1,1,2,1,1,1
cg18209323,2,1,2,1,2,2,2,2
cg18222865,1,1,1,1,1,1,1,0
cg18232861,2,2,2,2,2,2,2,2
cg18241308,0,0,0,0,0,0,0,0
cg18269963,0,0,0,0,0,2,0,0
cg18279536,0,0,0,0,0,2,0,0
cg18320188,0,0,0,0,0,0,1,0
cg18322025,1,1,1,1,1,1,1,1
cg18330203,0,0,0,0,0,0,0,0
cg18335505,1,1,0,0,2,0,0,1
cg18351329,2,2,1,2,1,1,1,1
cg18352516,0,0,0,0,0,0,0,1
cg18368411,2,2,2,2,1,2,2,2
cg18372208,2,2,2,2,2,2,2,2
cg18402987,2,1,1,1,2,2,1,1
cg18448614,0,0,0,0,0,1,0,0
cg18449021,2,2,2,2,2,2,2,2
cg18460830,0,0,0,0,1,0,0,2
cg18464823,1,1,1,1,2,0,1,2
cg18467189,0,0,0,0,2,1,2,2
cg18482112,2,2,1,1,2,1,1,1
cg18506672,0,0,0,0,0,0,0,0
cg18507732,0,0,0,0,1,0,2,1
cg18520517,0,0,0,0,0,0,0,0
cg18522231,2,2,1,1,2,1,1,1
cg18558073,0,0,0,0,1,0,0,1
cg18571156,2,1,2,2,2,2,2,2
cg18587504,0,0,0,0,0,0,0,0
cg18587557,1,1,1,0,2,1,2,2
cg18634560,2,2,2,1,2,2,2,2
cg18648917,1,1,1,1,2,1,1,1
cg18665594,0,0,1,2,2,1,2,2
cg18670770,0,0,0,0,0,0,0,0
cg18678645,0,0,0,0,0,0,0,0
cg18693051,0,0,0,0,0,0,0,0
cg18707489,2,2,2,2,1,1,1,1
cg18713748,0,0,0,0,0,0,0,0
cg18735089,2,1,1,1,1,0,0,1
cg18792146,2,2,2,2,2,2,2,2
cg18850089,0,0,0,2,2,1,1,2
cg18856614,1,1,1,1,1,1,1,1
cg18857062,0,0,0,0,0,0,0,0
cg18865445,2,2,2,2,2,1,1,2
cg18912107,1,2,1,0,1,1,2,1
cg18934443,1,1,1,1,2,1,1,1
cg19002149,0,0,0,0,0,2,1,0
cg19003815,2,2,2,2,2,2,2,2
cg19050152,2,2,2,2,2,2,2,2
cg19098465,0,0,0,0,1,1,0,1
cg19101232,1,0,1,0,1,1,0,1
cg19107578,0,0,0,0,0,0,0,0
cg19117047,0,0,0,0,0,0,0,0
cg19149522,0,0,0,0,0,0,0,0
cg19183879,0,1,1,2,1,0,1,1
cg19186380,0,1,0,1,1,1,1,1
cg19190762,0,0,0,0,0,0,0,1
cg19196401,0,1,0,0,0,0,0,2
cg19257832,0,0,0,0,2,1,1,2
cg19327615,0,0,0,0,0,0,0,0
cg19333883,1,1,1,1,1,1,1,1
cg19335130,1,0,1,0,1,1,1,0
cg19375981,0,0,0,0,1,1,0,1
cg19455642,0,0,0,0,0,1,2,0
cg19480425,1,2,2,0,2,1,2,2
cg19566774,2,1,1,1,1,0,0,0
cg19572487,1,0,0,1,0,0,1,0
cg19579217,2,2,1,1,1,2,1,1
cg19584649,2,2,2,2,2,1,2,1
cg19658332,0,1,2,0,0,2,1,0
cg19660806,1,1,1,0,0,1,0,0
cg19678392,2,2,2,2,2,2,2,2
cg19701879,1,1,1,0,1,0,0,1
cg19730268,1,1,1,1,2,1,1,1
cg19811337,0,0,0,0,0,0,0,0
cg19820328,0,0,0,0,2,1,1,2
cg19970883,0,0,0,0,1,0,0,0
cg19977004,0,0,0,0,0,0,0,0
cg19978674,2,1,1,0,0,0,1,0
cg19980929,1,1,1,1,1,0,0,1
cg19998073,1,2,1,1,0,1,0,0
cg19998150,0,0,0,0,1,0,1,0
cg20008140,2,2,2,1,2,2,2,2
cg20016411,2,2,2,2,2,2,2,2
cg20018425,0,0,0,0,2,1,0,2
cg20060685,2,2,2,2,2,2,2,2
cg20104774,1,0,1,0,1,1,2,1
cg20117519,0,0,1,1,2,2,1,2
cg20119798,2,2,1,1,2,1,1,1
cg20131596,2,1,1,0,0,0,0,0
cg20165520,2,1,1,1,0,2,0,1
cg20174730,0,1,1,1,0,1,1,0
cg20176388,1,2,1,1,1,0,1,0
cg20181209,0,0,0,0,0,0,0,0
cg20222562,1,1,0,0,1,1,0,2
cg20268039,0,0,0,0,1,0,0,0
cg20276677,0,0,1,0,2,2,1,2
cg20309640,2,2,1,1,1,1,1,1
cg20340346,0,0,0,0,0,0,0,0
cg20375709,2,2,2,2,2,2,2,2
cg20379593,2,2,2,2,2,2,1,1
cg20388732,1,1,0,0,1,1,0,0
cg20432671,1,1,1,1,2,2,1,1
cg20458044,2,2,2,1,2,0,1,2
cg20504791,0,0,0,0,0,0,0,0
cg20513206,0,0,0,1,1,1,0,1
cg20515136,1,1,1,1,1,0,1,0
cg20519373,0,0,0,0,0,0,0,0
cg20569203,1,1,1,1,0,0,0,1
cg20570109,2,2,2,2,2,2,2,2
cg20630655,0,0,1,0,1,0,1,1
cg20660989,2,2,2,2,2,2,2,2
cg20677143,1,1,1,1,1,0,1,1
cg20715295,1,1,1,0,2,1,1,1
cg20740051,0,0,0,0,0,0,0,0
cg20743744,1,0,0,0,2,2,2,2
cg20747739,0,0,0,1,0,0,0,0
cg20770409,0,0,0,0,1,1,0,1
cg20801007,1,1,1,0,0,2,1,1
cg20848291,1,2,2,1,2,1,2,1
cg20885179,2,1,1,1,1,2,1,1
cg20911165,0,0,0,0,0,1,1,0
cg20956390,2,2,2,2,2,2,2,2
cg21010569,0,0,0,0,0,0,0,0
cg21041888,0,0,0,0,2,2,2,2
cg21051519,2,2,2,2,2,2,2,2
cg21061071,0,0,1,0,2,1,2,2
cg21073930,2,2,2,2,1,1,1,1
cg21103992,1,1,0,2,2,2,2,2
cg21109167,0,0,0,0,0,0,0,0
cg21116457,2,2,2,2,0,0,0,0
cg21147203,1,2,1,0,0,0,0,1
cg21153160,2,2,2,2,2,2,2,2
cg21159260,0,0,1,0,1,1,1,2
cg21179831,0,1,0,1,2,2,2,2
cg21183502,0,0,0,0,0,1,1,1
cg21220403,0,0,1,0,0,2,1,0
cg21235119,1,1,1,0,1,0,1,1
cg21361856,1,1,1,1,2,2,1,2
cg21371809,0,0,0,0,0,0,0,0
cg21392385,1,0,1,1,1,2,0,1
cg21468274,1,0,0,0,0,0,0,0
cg21500126,2,2,1,1,0,0,1,0
cg21521117,2,1,1,1,2,0,1,2
cg21523688,0,0,0,1,1,1,1,1
cg21548813,1,0,0,0,1,1,1,1
cg21573200,0,0,0,0,0,0,0,0
cg21580428,0,0,0,0,0,0,0,0
cg21583723,1,2,2,2,2,2,2,2
cg21610815,2,2,2,2,2,2,2,2
cg21626848,2,1,2,2,1,2,2,1
cg21646955,2,2,2,2,2,2,2,2
cg21665744,0,0,0,0,2,2,1,1
cg21702011,1,1,1,1,2,0,2,1
cg21746425,1,1,1,0,1,1,1,1
cg21750887,0,0,0,0,0,1,0,0
cg21790715,1,2,2,2,2,2,1,2
cg21838488,1,1,1,1,1,1,1,1
cg21859290,1,1,1,1,2,1,1,1
cg21865657,1,1,0,0,1,0,1,0
cg21910650,2,2,2,2,2,0,2,1
cg21915449,0,0,0,0,1,0,0,1
cg22033281,0,0,0,0,0,1,0,0
cg22109795,0,0,0,0,2,1,1,2
cg22115748,0,0,1,1,1,1,2,1
cg22212414,2,2,2,2,2,2,1,2
cg22234712,0,0,0,0,0,1,0,0
cg22264616,1,2,1,0,1,1,1,0
cg22307029,1,1,1,0,0,1,1,0
cg22321572,2,2,2,0,2,0,1,1
cg22358580,1,1,2,2,2,1,2,2
cg22407822,2,2,2,2,2,2,2,2
cg22407942,0,0,0,0,0,1,1,1
cg22466678,0,0,0,0,0,0,0,0
cg22533683,2,2,2,2,2,2,2,2
cg22555495,0,0,0,0,1,0,0,0
cg22590775,1,1,1,0,2,2,1,2
cg22595230,2,2,2,1,2,1,2,2
cg22611163,2,2,2,2,2,2,2,2
cg22622123,1,1,1,1,0,1,1,0
cg22677858,2,2,2,2,2,1,0,2
cg22684041,1,0,0,0,0,0,0,0
cg22697853,2,1,1,1,2,0,1,1
cg22705959,2,2,2,2,2,2,1,2
cg22721998,1,2,1,1,2,0,1,2
cg22784187,0,0,0,0,0,0,0,0
cg22796248,0,0,0,0,0,0,0,1
cg22827806,1,0,1,0,0,0,0,0
cg22833175,0,0,0,0,0,0,0,0
cg22841772,1,1,1,1,1,0,1,1
cg22867156,0,0,0,0,0,0,0,0
cg22872064,2,2,1,0,1,0,0,0
cg22879626,0,1,0,0,0,0,0,0
cg22894896,2,2,2,1,2,2,2,2
cg22898082,1,1,0,2,0,0,2,1
cg22901840,2,2,2,1,2,1,2,2
cg22960869,1,1,1,1,2,1,1,2
cg22984769,0,0,0,0,1,1,1,2
cg23003926,0,0,0,0,2,0,2,2
cg23013853,1,2,1,0,2,1,1,2
cg23053407,0,0,0,0,0,0,0,0
cg23054121,0,0,0,0,1,2,1,1
cg23107878,2,2,2,2,2,2,2,2
cg23168425,1,0,1,1,2,2,2,2
cg23181159,0,0,0,0,0,0,0,0
cg23217680,1,0,0,0,2,2,0,1
cg23221052,0,0,0,0,0,0,0,0
cg23226914,2,2,2,2,2,2,2,2
cg23284609,2,2,2,1,2,2,2,2
cg23303188,0,0,0,0,0,0,0,1
cg23323891,0,0,0,0,1,0,0,1
cg23331961,1,1,1,1,0,0,0,1
cg23396177,1,1,1,1,1,1,1,1
cg23409168,1,1,0,0,1,2,0,1
cg23423227,0,0,0,0,0,0,0,0
cg23425316,2,2,1,1,2,2,2,2
cg23445878,0,0,0,0,1,0,1,1
cg23453353,1,1,1,1,1,1,1,1
cg23490300,1,1,1,1,1,1,1,1
cg23496516,1,2,1,1,1,1,2,2
cg23499929,2,1,2,2,2,2,2,2
cg23562538,0,0,0,1,2,0,1,1
cg23573129,2,2,2,0,1,1,0,0
cg23622616,1,1,2,0,2,2,1,2
cg23658684,0,0,0,0,1,2,1,2
cg23708337,2,1,1,1,2,2,1,1
cg23732725,1,1,1,1,1,2,1,1
cg23746600,2,1,1,1,2,1,1,2
cg23748340,1,1,1,1,1,2,1,1
cg23759393,2,2,1,1,2,2,2,2
cg23796525,0,0,0,0,0,0,0,0
cg23884217,0,0,0,0,1,2,2,1
cg23892836,0,0,1,0,2,0,0,1
cg23921523,0,1,1,0,2,1,0,1
cg23929194,2,1,1,1,0,0,0,2
cg23933095,0,0,0,0,0,0,1,0
cg23942311,1,1,1,2,1,1,1,1
cg23971381,0,0,1,2,2,1,2,2
cg24008358,2,2,2,2,2,2,1,2
cg24033859,0,1,1,0,1,0,1,1
cg24048949,0,0,0,0,1,1,0,1
cg24061122,0,0,0,0,0,1,0,1
cg24128316,1,1,1,0,2,0,2,2
cg24195486,0,0,0,0,1,0,1,1
cg24218620,0,0,0,0,1,1,0,1
cg24317406,1,1,1,0,1,1,1,1
cg24319836,0,0,0,0,0,1,0,0
cg24322968,0,0,0,0,0,1,0,0
cg24324837,2,2,2,1,2,2,1,2
cg24334149,0,0,0,0,0,0,0,0
cg24345747,1,2,1,0,0,2,2,1
cg24358846,0,0,0,0,0,0,0,0
cg24395504,0,0,0,0,0,0,0,0
cg24421906,1,0,0,0,2,2,2,2
cg24429310,0,0,0,0,1,0,1,1
cg24460268,2,2,2,1,1,1,2,1
cg24482350,0,0,0,0,1,1,0,0
cg24496563,0,0,0,0,0,0,0,0
cg24512973,0,0,0,0,1,1,0,0
cg24542929,2,1,1,0,1,2,1,1
cg24576358,1,0,1,0,0,0,0,1
cg24581226,1,2,1,1,1,0,1,1
cg24585203,0,0,0,0,0,0,0,0
cg24601559,1,1,1,1,2,1,2,2
cg24617313,2,2,2,2,2,2,2,2
cg24624505,0,0,0,0,0,0,0,0
cg24631482,1,1,1,2,2,2,2,2
cg24642523,1,1,1,1,1,1,1,1
cg24670552,2,2,2,1,1,2,2,1
cg24687529,1,1,1,1,1,0,1,1
cg24691910,1,0,1,0,0,1,0,0
cg24702253,2,2,2,2,2,1,1,2
cg24733637,2,2,2,2,1,1,1,1
cg24754277,1,1,1,0,1,1,2,1
cg24776142,0,0,0,0,0,0,1,1
cg24834889,2,2,2,2,2,2,2,2
cg24843346,1,1,1,0,1,2,1,0
cg24854704,1,0,0,0,0,0,0,0
cg24865779,2,2,2,2,2,2,1,2
cg24869601,1,1,1,1,2,2,1,2
cg24907011,0,0,0,0,0,0,0,0
cg24907270,0,0,0,0,0,1,0,0
cg24920358,2,2,2,2,2,2,2,2
cg24928110,0,0,0,0,0,1,0,0
cg24961795,2,2,1,0,2,0,1,2
cg24969520,2,2,2,2,2,2,2,2
cg25023298,2,2,2,2,2,2,1,2
cg25025879,2,2,2,2,2,1,2,2
cg25043559,2,2,2,2,2,1,2,2
cg25048985,0,0,0,0,0,1,1,0
cg25090994,0,0,0,0,0,0,0,0
cg25123266,1,1,1,1,1,2,1,1
cg25130385,2,2,2,2,2,2,2,2
cg25206536,0,0,0,0,1,0,0,1
cg25223285,1,1,1,1,1,1,1,1
cg25262528,0,0,0,0,0,0,1,0
cg25264265,2,2,2,1,2,2,2,2
cg25299750,2,2,2,2,2,2,2,2
cg25309343,2,2,2,2,2,2,2,2
cg25340403,1,1,1,1,1,1,1,1
cg25340688,0,0,0,0,0,0,0,0
cg25350411,2,1,1,1,1,1,1,1
cg25352397,0,0,0,0,0,0,0,0
cg25390165,2,2,2,2,2,2,2,2
cg25477813,1,2,2,2,2,1,1,2
cg25526039,2,2,2,0,1,0,0,2
cg25560247,1,2,2,2,2,1,2,2
cg25629418,0,0,0,0,0,1,1,0
cg25634141,0,0,1,0,1,0,0,0
cg25652454,2,2,2,2,2,2,2,2
cg25652742,1,2,2,1,2,0,2,2
cg25742326,0,0,0,0,0,0,0,0
cg25771195,2,2,2,2,2,2,1,1
cg25786696,2,1,1,1,2,1,2,2
cg25801742,2,2,2,2,2,2,2,2
cg25815440,2,2,2,2,2,1,1,0
cg25877436,2,1,1,1,1,1,1,1
cg25914921,0,0,0,0,1,0,1,1
cg25986202,0,0,0,0,1,2,0,1
cg26064535,1,1,1,1,2,2,2,2
cg26090062,0,0,0,1,2,2,2,1
cg26127836,2,2,1,2,2,2,2,1
cg26143719,0,0,0,0,1,0,0,0
cg26148377,2,1,1,0,1,1,0,2
cg26154714,2,2,1,1,1,1,2,1
cg26172504,2,2,2,2,2,1,2,2
cg26195495,1,1,0,0,0,0,0,0
cg26224060,0,0,0,0,0,1,0,0
cg26234900,0,0,0,0,1,0,0,0
cg26239297,0,0,0,0,0,1,0,0
cg26250400,0,0,0,0,0,2,0,0
cg26262055,2,1,1,1,2,1,0,2
cg26270695,1,1,0,0,2,1,1,1
cg26313699,2,2,2,2,2,0,2,2
cg26338947,1,1,1,1,0,1,0,0
cg26527457,0,1,0,0,2,2,2,1
cg26536593,1,1,0,1,0,1,0,0
cg26539631,2,1,1,1,0,0,2,0
cg26639479,0,0,0,0,0,0,0,0
cg26667586,1,1,1,1,2,1,2,2
cg26681628,0,0,0,0,1,0,0,0
cg26707664,1,1,0,1,2,0,2,2
cg26725201,2,1,1,1,1,0,1,1
cg26734888,2,2,2,2,2,2,2,2
cg26750617,2,1,1,1,1,2,1,1
cg26750927,0,0,0,0,1,0,0,1
cg26779676,2,1,2,1,2,2,2,2
cg26802564,2,1,1,1,2,2,2,1
cg26850624,1,1,1,1,2,1,1,2
cg26857315,1,1,1,2,1,2,2,2
cg26896946,0,0,0,0,0,0,0,0
cg26924440,2,2,1,2,2,2,2,2
cg26960833,1,2,1,0,1,1,1,0
cg26985203,0,0,0,0,0,1,0,0
cg26992600,1,1,1,1,2,1,0,2
cg27039625,0,0,0,0,0,0,0,1
cg27130359,0,0,0,0,0,0,0,0
cg27134767,2,2,1,2,0,1,1,0
cg27177158,0,0,0,0,2,1,0,2
cg27200630,1,1,1,1,2,0,1,1
cg27203184,0,0,2,1,1,1,1,1
cg27216076,2,2,2,2,2,0,2,2
cg27237671,1,1,1,1,1,0,1,1
cg27300647,2,1,2,1,1,1,0,1
cg27333706,1,0,1,1,1,0,1,1
cg27333886,0,1,0,0,0,1,1,1
cg27345989,2,2,2,1,2,0,2,2
cg27361914,0,1,1,1,1,2,2,1
cg27366882,0,0,0,0,0,0,0,0
cg27370104,1,1,1,1,1,0,1,1
cg27375286,1,0,0,1,0,0,0,0
cg27396056,1,1,1,1,1,0,2,1
cg27398720,0,0,0,0,0,0,0,1
cg27416898,2,2,2,2,1,2,2,2
cg27427491,0,1,1,1,0,2,2,2
cg27454412,1,1,1,1,1,2,1,1
cg27480580,1,1,2,1,2,1,2,2
cg27485402,0,0,0,0,0,2,0,0
cg27493010,2,2,2,2,2,2,2,2
cg27496296,1,1,1,2,2,1,1,1
cg27571374,2,1,2,1,1,2,1,1
cg27620317,0,0,0,0,0,0,1,0
