Labels,DA LL 1,DA LL 2,DBL1,DBL2,DB LL 3,DB LL 4,DBL20,DBL21
cg00024494,2,2,1,2,0,2,2,2
cg00034101,1,0,0,1,1,1,1,2
cg00078857,1,1,1,1,1,1,0,1
cg00107579,1,1,1,2,2,2,1,2
cg00153919,1,2,2,1,2,2,1,1
cg00292669,2,2,2,2,1,2,1,2
cg00301396,1,1,1,1,1,1,2,1
cg00361017,2,2,2,2,2,2,2,2
cg00369376,1,1,1,0,0,0,1,1
cg00381755,1,1,1,1,1,1,2,1
cg00384205,2,2,1,2,1,2,1,2
cg00397910,1,1,2,2,2,2,1,2
cg00408773,2,2,1,1,1,2,2,1
cg00428638,2,2,2,2,2,2,2,2
cg00431565,1,2,1,1,0,0,1,1
cg00473597,1,1,1,1,1,0,1,0
cg00504902,2,2,2,2,2,2,2,2
cg00604454,2,2,2,2,0,1,2,2
cg00610991,2,2,2,2,2,1,2,2
cg00619263,1,0,0,1,0,0,0,0
cg00631327,2,2,2,1,2,2,1,2
cg00631329,2,2,2,2,2,2,2,2
cg00659077,1,1,1,0,2,0,1,0
cg00666014,0,1,0,1,0,1,1,1
cg00666422,1,1,1,1,1,1,0,1
cg00718336,0,0,0,0,0,2,1,0
cg00739471,2,2,1,1,2,2,1,2
cg00753924,2,1,1,2,2,2,1,2
cg00807197,2,2,2,2,2,2,2,1
cg00813752,2,2,1,2,0,2,2,2
cg00851732,1,0,1,2,2,2,1,2
cg00871610,2,0,1,2,2,2,0,2
cg00899350,1,1,1,1,1,1,1,1
cg00918181,2,2,1,2,1,2,2,2
cg00923880,2,1,1,2,1,2,1,1
cg00930606,0,0,0,0,0,0,1,0
cg00953006,1,1,1,1,2,2,1,1
cg00973118,0,0,0,0,0,0,0,0
cg00980622,1,0,1,1,0,0,1,0
cg01000188,2,2,2,1,2,1,1,1
cg01017147,2,2,1,2,2,2,2,2
cg01066431,1,2,2,1,1,1,1,1
cg01078772,0,0,0,1,0,0,1,0
cg01094192,2,2,1,2,2,2,1,2
cg01094687,1,1,1,1,1,1,1,1
cg01094748,2,2,2,2,2,1,1,2
cg01101873,0,0,0,0,0,0,0,0
cg01104306,1,0,1,1,2,1,0,1
cg01126532,2,2,1,2,1,2,1,2
cg01156747,0,0,0,0,0,0,0,0
cg01165661,1,0,1,1,0,0,1,1
cg01169021,2,2,2,2,2,2,2,2
cg01180479,0,0,0,0,0,0,0,0
cg01196336,0,0,0,1,0,0,1,0
cg01208566,0,0,1,1,0,1,1,1
cg01218619,2,2,2,2,2,2,2,2
cg01219135,2,2,2,2,2,2,2,2
cg01223011,1,1,1,1,1,1,1,1
cg01242676,2,2,2,2,2,2,1,2
cg01248445,1,1,1,0,0,0,1,1
cg01270593,2,2,2,2,2,2,2,2
cg01274753,0,0,0,0,0,0,1,0
cg01293179,1,1,1,1,1,1,1,1
cg01301319,0,0,0,0,0,0,0,0
cg01309328,1,1,1,1,0,0,1,0
cg01314743,2,2,0,1,1,0,1,1
cg01324343,1,0,0,0,0,0,0,0
cg01351327,1,1,1,1,1,0,1,1
cg01359962,2,2,2,2,2,2,1,2
cg01365639,1,1,1,1,2,1,1,1
cg01396157,1,2,1,1,1,1,1,1
cg01426903,0,2,1,1,1,1,0,1
cg01435791,1,1,1,1,1,2,1,1
cg01439322,1,1,1,1,1,0,0,1
cg01484296,0,2,0,0,0,1,0,0
cg01485549,1,0,0,0,0,1,1,0
cg01530154,1,1,0,2,1,2,1,1
cg01552731,1,1,2,2,1,2,1,2
cg01569709,0,0,2,0,2,0,0,0
cg01584932,1,1,0,1,0,2,1,1
cg01601299,1,1,1,1,2,2,0,2
cg01607530,1,1,0,1,0,2,0,2
cg01613691,2,2,2,2,2,2,2,2
cg01622416,1,1,1,1,1,2,0,1
cg01646323,1,1,0,0,0,0,1,0
cg01758314,2,0,1,2,1,2,1,1
cg01806192,1,1,1,1,2,0,0,1
cg01809217,2,2,2,2,2,2,1,2
cg01830073,0,0,0,0,0,0,0,0
cg01870826,2,2,2,2,2,2,0,2
cg01874867,2,2,2,2,2,2,2,2
cg01894498,2,2,1,1,0,1,1,1
cg01905633,2,2,2,2,2,2,2,2
cg01987333,0,0,1,1,1,1,0,1
cg02032841,0,0,1,0,1,0,1,0
cg02067022,1,0,1,1,1,2,1,1
cg02105042,1,0,1,1,1,1,1,1
cg02158486,2,1,1,2,2,2,2,2
cg02228675,0,0,0,1,0,0,1,1
cg02238549,2,2,2,2,2,2,1,2
cg02273436,1,2,1,1,1,1,1,2
cg02274366,1,1,1,1,1,1,1,1
cg02278114,1,1,1,2,1,2,1,2
cg02315096,1,1,1,1,1,1,1,1
cg02326224,2,2,2,2,2,2,2,2
cg02331649,1,1,1,1,1,1,1,1
cg02400092,1,1,2,1,2,2,1,1
cg02421962,1,2,1,1,2,1,0,0
cg02426999,2,2,2,2,2,1,1,2
cg02428792,2,1,0,1,1,2,2,0
cg02450064,0,0,0,0,0,0,1,0
cg02473254,2,2,1,1,1,1,1,1
cg02484210,1,1,1,2,1,2,1,2
cg02498063,2,2,2,2,2,2,2,2
cg02508651,2,2,2,2,2,2,2,2
cg02518216,2,2,2,2,2,2,2,2
cg02531924,1,1,1,2,1,2,1,2
cg02546490,2,2,1,1,1,2,1,1
cg02552250,2,2,2,2,2,2,2,2
cg02586712,0,0,0,0,0,0,0,0
cg02596779,0,0,1,0,1,1,1,0
cg02607237,1,1,1,2,1,1,2,2
cg02616710,2,2,2,2,2,2,2,2
cg02621481,0,0,1,0,0,1,1,0
cg02624836,1,1,1,0,0,0,1,0
cg02641400,1,0,1,0,0,0,1,0
cg02645340,2,2,2,2,2,2,2,2
cg02675527,0,0,2,0,2,1,0,0
cg02736908,0,0,0,0,0,0,0,0
cg02738086,1,0,0,2,1,2,1,1
cg02744588,2,1,2,2,2,2,1,2
cg02753027,2,1,1,1,2,2,1,1
cg02796478,1,0,1,1,1,1,1,1
cg02799427,0,1,0,1,0,1,0,1
cg02872426,1,1,1,2,2,2,1,2
cg02881189,1,1,2,1,0,1,1,2
cg02942766,2,2,2,2,2,2,0,2
cg02971253,1,0,1,1,0,1,1,0
cg03041510,2,1,1,2,1,1,1,1
cg03047995,1,1,1,0,0,0,1,0
cg03095800,1,1,0,1,0,0,0,0
cg03147184,1,1,1,1,1,1,1,1
cg03176993,1,0,0,1,1,2,0,2
cg03179435,1,1,1,2,2,2,2,2
cg03190769,0,0,1,0,0,0,0,0
cg03207666,2,2,2,1,2,2,2,2
cg03209871,0,0,1,1,0,1,1,1
cg03242666,2,2,2,2,2,1,0,2
cg03270395,2,2,1,2,1,2,1,1
cg03271533,1,1,1,2,1,1,1,2
cg03278811,0,0,0,0,0,0,0,0
cg03297163,1,1,1,2,1,2,2,2
cg03315344,1,0,1,0,1,0,0,1
cg03325664,1,0,1,1,1,1,1,1
cg03330678,2,2,1,2,1,2,0,2
cg03370951,1,1,0,0,0,0,1,0
cg03395511,0,0,0,0,0,0,0,0
cg03421353,0,0,0,0,0,0,1,0
cg03428047,0,0,0,0,0,0,0,0
cg03428864,2,2,2,2,2,2,2,2
cg03433986,1,0,1,1,0,2,0,1
cg03444077,1,1,1,2,1,2,1,2
cg03481509,0,0,1,1,1,0,0,0
cg03520938,1,0,0,1,0,0,1,0
cg03556313,1,2,1,1,1,1,1,1
cg03611551,1,1,2,2,2,1,0,1
cg03646740,0,0,0,0,0,0,0,0
cg03669367,1,1,1,1,1,0,1,1
cg03695236,1,1,2,2,1,2,1,2
cg03706720,0,0,0,0,0,0,0,0
cg03721454,1,1,1,0,0,0,1,0
cg03738707,2,2,2,2,2,2,2,2
cg03753385,1,1,0,1,0,2,1,1
cg03755052,1,0,0,0,1,0,1,0
cg03804621,0,0,0,0,0,0,0,0
cg03826642,1,1,0,0,0,0,1,0
cg03848129,0,0,0,0,0,0,0,0
cg03880506,1,1,1,1,0,1,1,1
cg03880611,1,1,1,1,1,1,2,1
cg03889540,2,2,2,2,2,2,2,2
cg03894068,2,1,2,2,2,2,2,2
cg03898952,1,0,1,0,0,1,0,1
cg03906434,0,0,0,0,0,0,1,0
cg04006327,2,2,1,1,1,2,1,1
cg04019914,1,1,1,1,1,2,1,1
cg04036777,1,1,1,1,1,0,1,1
cg04060561,2,1,2,2,2,2,1,1
cg04070847,0,0,0,1,0,0,0,1
cg04131969,1,1,1,1,1,1,1,1
cg04141796,1,1,1,1,1,1,2,1
cg04156219,1,1,1,1,1,1,1,1
cg04176472,1,1,1,2,2,2,1,1
cg04178523,1,1,1,0,0,0,1,0
cg04216235,1,1,0,1,0,1,2,1
cg04217706,2,2,2,2,2,2,2,2
cg04264002,1,0,1,1,1,1,1,1
cg04362989,0,0,0,0,0,0,0,0
cg04391463,2,2,1,2,1,2,1,2
cg04410756,0,2,0,0,0,0,2,0
cg04454285,0,0,0,0,0,0,0,0
cg04481923,0,0,1,1,1,2,0,1
cg04520704,0,0,0,0,1,0,0,0
cg04522575,1,2,2,2,2,2,1,2
cg04547181,2,1,1,1,2,1,2,1
cg04548463,2,1,1,1,1,2,1,1
cg04605697,1,0,1,1,0,0,1,0
cg04630490,0,0,1,0,0,1,1,0
cg04653913,1,1,2,1,2,1,1,1
cg04657146,0,0,0,0,0,0,0,0
cg04671734,2,2,2,2,2,2,2,2
cg04672622,2,2,1,2,2,2,2,2
cg04672903,1,2,2,2,2,2,1,2
cg04713352,2,1,1,1,2,2,1,1
cg04726821,2,2,2,2,2,2,2,2
cg04736911,2,2,1,2,2,2,1,2
cg04737881,2,2,2,2,2,1,1,2
cg04741118,1,0,0,0,0,2,1,0
cg04748010,0,0,1,2,2,2,1,2
cg04781305,0,1,0,0,0,0,0,0
cg04783231,2,2,2,1,2,2,1,2
cg04811114,2,2,2,2,2,2,1,1
cg04876069,0,0,0,0,0,0,0,0
cg04885881,1,1,0,1,0,0,1,1
cg04889800,0,0,0,0,0,0,0,0
cg04908961,0,0,1,0,0,0,1,1
cg04931238,1,1,2,2,1,1,1,2
cg04981007,0,0,0,0,1,0,0,0
cg05004973,0,2,1,2,1,2,1,2
cg05005343,1,1,1,1,1,1,1,1
cg05020125,1,1,1,0,1,0,0,0
cg05030553,1,1,0,1,0,0,0,0
cg05090351,0,0,0,0,1,0,0,0
cg05149097,2,1,1,1,0,2,0,1
cg05168764,2,0,2,2,2,2,2,2
cg05180717,0,0,0,0,0,0,0,0
cg05182265,0,0,1,0,1,0,0,0
cg05254095,1,1,1,1,1,1,1,1
cg05275595,2,1,2,2,1,2,1,2
cg05277122,0,0,0,0,0,0,1,0
cg05292376,1,1,1,1,1,0,1,0
cg05307301,2,1,1,1,1,2,0,1
cg05308504,1,1,1,1,1,0,2,1
cg05353869,1,1,1,1,0,0,1,1
cg05360958,1,1,1,1,0,1,1,1
cg05365735,1,1,1,1,1,1,1,1
cg05371332,0,1,0,0,1,0,1,0
cg05379541,0,0,0,0,0,0,1,0
cg05385718,2,2,2,2,1,2,1,2
cg05403689,0,0,0,0,0,0,2,0
cg05424333,1,1,0,1,0,2,0,1
cg05454501,1,1,1,1,1,1,0,1
cg05460318,2,2,2,2,2,1,2,2
cg05509609,2,2,2,2,2,2,2,2
cg05542785,1,1,1,1,2,1,1,1
cg05547778,1,0,1,0,1,0,1,0
cg05547895,1,1,1,2,2,2,2,2
cg05589489,0,0,0,0,0,0,1,0
cg05620261,1,1,1,1,1,1,1,1
cg05634630,2,1,2,1,2,2,2,1
cg05650719,0,0,0,0,0,0,0,0
cg05658512,0,1,0,0,1,1,2,0
cg05666036,2,2,2,2,2,2,2,2
cg05670953,2,2,2,2,2,2,2,2
cg05702280,0,0,0,0,0,0,1,0
cg05778424,0,0,0,0,0,0,1,0
cg05817845,2,2,0,1,0,0,1,0
cg05851442,1,0,0,0,0,0,0,0
cg05865011,0,0,2,2,2,2,1,2
cg05867245,1,1,1,1,1,0,1,1
cg05879419,1,1,0,0,0,1,1,1
cg05888872,2,2,2,2,2,2,2,2
cg05903444,2,2,2,2,2,2,2,2
cg05946623,1,1,2,0,2,0,2,0
cg05951994,2,1,2,2,2,2,2,2
cg05990312,0,0,0,1,0,0,0,0
cg06000144,0,0,1,0,2,2,1,0
cg06040071,1,0,1,1,0,1,0,1
cg06094482,2,2,1,2,2,2,1,2
cg06188367,1,1,1,2,1,2,1,2
cg06235224,1,0,2,1,2,2,1,2
cg06259025,2,2,2,2,2,2,2,2
cg06263178,1,1,2,1,2,2,2,1
cg06279274,1,0,0,0,0,0,1,0
cg06327515,2,2,2,2,2,2,1,2
cg06365843,2,1,1,2,1,2,1,2
cg06371583,0,0,0,0,0,0,1,0
cg06417478,0,0,0,0,0,0,0,0
cg06478886,0,0,1,1,1,1,0,1
cg06480265,1,1,1,1,1,1,1,1
cg06490113,0,0,0,0,0,1,2,0
cg06512263,0,0,0,0,0,0,1,0
cg06536614,0,0,1,0,1,0,0,0
cg06617217,0,0,0,1,1,2,1,1
cg06623827,2,2,2,2,1,0,2,2
cg06624036,0,0,0,0,0,0,1,0
cg06635900,0,0,0,0,0,0,0,0
cg06640997,2,0,1,1,1,1,1,1
cg06650246,1,1,1,1,1,0,1,0
cg06650379,1,2,0,1,1,0,1,1
cg06677321,2,2,2,2,2,2,1,2
cg06681434,2,2,1,2,1,2,1,2
cg06683316,1,1,2,1,2,2,0,1
cg06710742,1,1,1,1,0,2,0,1
cg06713675,2,0,0,1,0,2,1,2
cg06737308,0,0,0,0,0,0,0,1
cg06751366,0,0,1,0,2,0,1,0
cg06755071,1,0,0,0,1,0,1,0
cg06759314,0,0,0,1,0,1,1,1
cg06770429,0,0,0,1,0,0,1,0
cg06779847,1,0,0,1,0,2,1,0
cg06781532,1,1,1,1,1,0,1,1
cg06813419,2,2,2,1,2,2,1,2
cg06817772,1,0,2,2,0,2,1,2
cg06818052,2,2,2,2,2,1,0,2
cg06834313,2,1,0,0,0,0,0,0
cg06834998,2,2,2,2,2,2,2,2
cg06891458,2,0,1,1,0,0,1,0
cg06902099,0,0,0,1,0,0,0,0
cg06939307,1,1,1,1,0,1,1,0
cg06961233,1,1,1,1,0,1,1,1
cg06962549,0,0,1,0,0,2,1,1
cg06965195,1,1,1,1,1,1,1,1
cg07042014,1,0,1,1,1,1,0,1
cg07048527,0,0,0,0,0,0,1,0
cg07060739,1,0,1,1,2,2,1,1
cg07067710,2,2,1,2,2,2,1,2
cg07073960,2,2,1,1,1,1,1,1
cg07109804,2,2,2,2,2,2,1,2
cg07149179,1,0,1,2,1,2,0,1
cg07184237,0,1,1,0,0,0,1,0
cg07204874,0,0,0,0,0,0,0,0
cg07222861,0,1,0,0,0,0,1,0
cg07300846,1,2,2,1,1,2,1,1
cg07312051,0,0,0,0,0,0,1,0
cg07336123,0,0,1,1,0,0,2,0
cg07337250,0,0,0,0,0,1,2,1
cg07345934,2,2,2,2,2,2,1,2
cg07363270,1,0,1,0,1,0,1,0
cg07375978,0,0,0,0,0,0,0,0
cg07389611,1,0,0,1,0,2,0,0
cg07404485,1,1,2,2,2,2,2,2
cg07429623,1,1,1,1,0,2,1,1
cg07433152,0,0,1,1,1,1,0,1
cg07459594,0,0,0,0,0,0,0,0
cg07501729,0,0,0,0,0,1,1,1
cg07504727,2,1,2,2,1,2,1,2
cg07525682,1,2,1,1,1,1,1,1
cg07530063,1,0,0,0,0,0,1,0
cg07570687,1,1,1,1,1,2,1,1
cg07571734,2,2,2,2,2,2,2,2
cg07581623,1,0,1,0,0,0,1,1
cg07594247,1,1,1,1,1,1,1,0
cg07615383,1,1,0,0,0,0,2,0
cg07629965,0,0,0,1,0,1,2,1
cg07636688,2,2,2,2,2,2,2,2
cg07685357,1,0,0,0,0,1,1,0
cg07769588,1,2,1,2,1,2,2,2
cg07819160,0,0,0,0,0,0,0,0
cg07854954,1,2,1,1,0,1,1,0
cg07856155,1,1,1,1,1,1,1,1
cg07863877,1,1,1,1,1,2,2,1
cg07878514,0,0,0,0,0,0,1,0
cg07891179,1,1,1,0,1,1,1,0
cg07898446,2,2,2,2,2,1,2,2
cg07918978,2,2,2,2,2,2,1,2
cg07935886,2,1,2,1,2,2,2,1
cg07963670,1,0,0,0,1,2,1,1
cg07964754,0,1,2,1,1,2,1,1
cg07967210,2,1,2,2,2,1,1,2
cg07997737,1,1,1,1,1,1,1,1
cg07998277,0,0,1,1,1,1,0,1
cg08024887,2,1,2,2,2,2,2,2
cg08031982,1,1,0,1,1,1,0,1
cg08033722,1,1,1,2,1,2,1,0
cg08066140,2,2,2,2,2,2,2,2
cg08070327,2,1,2,1,2,2,2,1
cg08075719,0,0,0,0,0,0,1,0
cg08084655,1,2,1,1,1,1,0,1
cg08098382,2,2,2,2,2,1,1,2
cg08129953,2,2,2,2,2,2,2,2
cg08144675,2,2,2,2,2,2,2,2
cg08161163,0,0,0,0,0,0,1,0
cg08182270,1,1,1,1,0,1,0,1
cg08203788,2,2,2,2,2,1,1,2
cg08217526,1,1,2,2,2,1,2,1
cg08223357,2,2,2,2,2,2,2,2
cg08247852,1,1,1,0,0,0,0,0
cg08258506,0,0,1,1,1,0,1,0
cg08313539,2,2,1,1,1,2,1,1
cg08318732,1,1,2,1,1,1,1,1
cg08339023,1,0,2,2,1,2,1,2
cg08352422,1,1,1,1,2,2,1,1
cg08352439,1,0,1,0,0,0,1,0
cg08377819,2,2,2,2,2,2,2,2
cg08398567,1,2,1,1,1,1,1,1
cg08410996,1,1,1,1,1,0,0,1
cg08466034,1,0,1,1,1,1,0,0
cg08477332,1,1,1,1,2,1,1,1
cg08491681,1,0,1,1,1,0,1,0
cg08515442,1,1,2,1,2,2,2,2
cg08533710,1,1,1,1,1,2,2,1
cg08541895,2,1,1,1,1,2,1,1
cg08580836,2,2,2,2,2,2,2,2
cg08623383,0,1,0,0,0,0,2,0
cg08624915,1,1,1,0,0,1,1,1
cg08639762,1,1,2,1,1,1,1,1
cg08678044,1,1,1,1,1,0,0,1
cg08681685,1,1,2,1,2,1,2,1
cg08686092,1,1,1,1,1,2,1,1
cg08709360,1,0,0,0,0,1,1,0
cg08734931,2,1,2,2,2,2,2,2
cg08744475,2,2,1,2,2,1,1,2
cg08810053,1,0,1,1,2,1,1,1
cg08822523,1,0,1,0,0,0,1,0
cg08839053,0,1,0,0,1,0,0,0
cg08872493,0,0,0,0,0,1,1,1
cg08881680,1,1,1,1,1,1,1,1
cg08946854,1,1,2,2,2,2,1,2
cg08969950,2,1,1,2,2,0,2,2
cg08991437,1,1,1,1,2,1,0,2
cg09019154,1,1,1,1,1,0,1,1
cg09023624,1,1,1,1,2,1,1,1
cg09063149,1,1,0,0,0,0,1,1
cg09076339,1,0,1,1,1,1,1,0
cg09096031,1,2,2,2,2,2,1,2
cg09118625,2,2,2,2,2,2,1,2
cg09127314,2,2,2,2,2,2,1,2
cg09144964,1,2,1,2,2,2,1,2
cg09180702,1,1,0,0,0,1,0,1
cg09212597,1,0,1,1,1,1,1,1
cg09289202,1,0,1,1,1,1,1,1
cg09323728,0,0,1,0,1,1,1,0
cg09338136,2,2,2,2,2,2,2,2
cg09361469,0,0,0,0,0,0,2,0
cg09381666,2,2,2,2,2,2,2,2
cg09417038,2,2,2,2,2,1,2,2
cg09427016,1,1,0,0,1,0,1,1
cg09460553,1,2,1,1,1,1,1,1
cg09464268,0,0,1,1,0,1,0,1
cg09467607,1,1,1,1,1,2,1,1
cg09471455,2,2,2,2,1,2,1,2
cg09474442,0,1,0,1,0,1,1,0
cg09514174,0,0,1,1,2,1,1,0
cg09524686,0,0,0,0,0,0,2,0
cg09527615,0,0,0,0,0,0,0,1
cg09563777,1,1,0,0,0,0,1,0
cg09566316,0,0,0,0,0,0,1,0
cg09582042,2,1,2,2,2,2,2,2
cg09597638,0,0,0,0,0,0,0,0
cg09608949,0,0,2,1,2,2,1,2
cg09618778,1,0,1,1,0,1,0,1
cg09647867,2,2,1,1,2,2,2,2
cg09667013,0,0,0,1,0,2,0,1
cg09706021,2,1,2,2,2,1,1,1
cg09713850,1,0,1,1,0,0,0,1
cg09715059,2,1,2,1,2,2,1,1
cg09747445,1,1,0,0,0,1,1,0
cg09824603,1,1,1,2,1,1,2,2
cg09830866,1,1,2,1,0,1,0,0
cg09862733,1,1,1,1,1,1,1,1
cg09949789,0,1,1,0,1,0,0,0
cg10011623,2,1,1,2,1,1,1,1
cg10016004,0,0,0,0,0,0,1,0
cg10028549,1,2,1,1,0,2,1,1
cg10064060,1,0,1,1,1,1,1,2
cg10092265,1,2,0,0,0,0,0,0
cg10168457,1,0,0,1,1,2,0,1
cg10177528,1,1,1,2,0,2,1,0
cg10180281,0,0,0,0,0,0,0,0
cg10195146,1,2,1,2,0,0,1,2
cg10202436,1,2,1,0,1,0,0,0
cg10246448,2,2,2,1,2,2,2,1
cg10281770,0,0,0,0,0,0,0,0
cg10322794,1,1,1,2,2,2,0,2
cg10328171,1,1,2,1,2,2,1,1
cg10334976,0,1,0,1,0,0,0,0
cg10336039,1,0,1,2,0,2,1,2
cg10400081,2,2,2,2,2,2,2,2
cg10430077,2,2,2,2,2,1,2,2
cg10449558,1,0,1,1,1,2,1,2
cg10498502,0,0,1,0,0,2,0,0
cg10501602,1,1,1,1,1,1,1,1
cg10528989,1,2,1,2,2,2,1,2
cg10530568,2,2,2,2,2,2,2,2
cg10570158,0,0,0,0,0,0,1,0
cg10596483,1,1,1,1,1,2,1,1
cg10621924,1,0,0,0,0,0,1,0
cg10672416,1,2,1,0,2,0,0,0
cg10688516,2,2,1,1,1,2,1,1
cg10703884,1,0,1,2,2,1,1,1
cg10755723,2,2,1,0,1,1,1,1
cg10763374,1,0,1,1,2,2,1,1
cg10781468,1,1,2,1,2,2,2,2
cg10783797,1,1,1,1,1,1,1,1
cg10804974,2,2,2,2,2,2,1,2
cg10874314,0,0,1,0,0,0,1,0
cg10885151,1,1,1,1,1,2,1,1
cg10925640,2,2,2,2,1,2,2,2
cg10947611,2,1,0,2,0,2,1,2
cg10963793,2,2,2,2,2,2,2,2
cg10968944,2,2,0,1,0,1,1,1
cg10995755,1,0,0,0,0,1,1,1
cg11007120,1,1,1,1,1,1,0,1
cg11039913,2,1,1,1,2,1,1,1
cg11059159,2,2,2,2,2,2,2,2
cg11084470,2,1,1,2,1,2,1,2
cg11161837,1,1,1,1,1,1,0,1
cg11204139,0,0,0,0,0,0,0,0
cg11204974,1,1,1,1,1,1,1,1
cg11218619,0,0,0,0,0,0,0,0
cg11220502,2,1,1,1,2,2,2,2
cg11220732,0,0,0,1,0,0,0,0
cg11228126,1,1,2,2,2,1,2,2
cg11245181,1,1,0,1,0,0,0,1
cg11291081,2,2,2,2,2,2,1,2
cg11322797,0,0,0,0,0,0,0,0
cg11351987,2,2,2,2,2,2,1,2
cg11363527,1,1,1,1,1,2,1,2
cg11376198,0,0,0,0,0,1,0,0
cg11413657,2,2,2,2,2,2,0,2
cg11503210,1,1,1,0,1,0,1,0
cg11522683,1,2,0,0,0,0,0,0
cg11524454,1,1,0,0,1,0,0,0
cg11544420,1,0,0,0,0,0,2,0
cg11586189,1,2,1,2,1,2,1,2
cg11588844,1,0,0,2,0,1,1,2
cg11596009,1,1,2,2,2,2,1,2
cg11600596,1,1,1,2,1,2,1,2
cg11608150,0,0,1,0,1,0,0,0
cg11617938,2,2,2,2,2,2,2,2
cg11653233,0,0,0,0,0,0,0,0
cg11656177,1,1,1,2,1,2,1,2
cg11702085,2,2,2,2,2,2,2,2
cg11719362,2,1,2,2,2,2,1,2
cg11738485,0,0,0,0,0,0,0,0
cg11738486,0,0,0,0,0,0,0,0
cg11749010,0,0,0,0,0,0,0,0
cg11800117,0,0,0,0,0,0,0,0
cg11828983,0,0,0,0,0,0,0,0
cg11835209,1,1,2,2,2,1,1,1
cg11860005,2,2,2,2,2,2,2,2
cg11871991,1,1,0,1,0,1,1,1
cg11965913,2,2,1,1,0,0,1,1
cg11989576,1,1,1,1,1,0,0,1
cg12041401,1,2,2,1,2,1,2,1
cg12054318,1,2,1,1,1,1,0,1
cg12064504,2,2,1,1,2,1,0,1
cg12080831,1,1,1,2,2,1,2,2
cg12135344,1,1,1,1,1,2,0,1
cg12152384,1,2,1,1,0,0,1,0
cg12174804,1,1,2,1,1,1,2,1
cg12215294,1,1,1,2,2,2,1,2
cg12253469,0,0,0,0,0,0,0,0
cg12319143,1,1,1,1,1,1,1,1
cg12324629,0,0,2,2,2,2,1,2
cg12350309,1,1,1,1,1,1,1,1
cg12404181,0,0,0,0,1,0,2,0
cg12450708,1,1,1,1,1,1,1,1
cg12460175,0,0,0,1,1,0,0,0
cg12473775,1,0,1,1,1,2,1,2
cg12492938,2,2,2,2,2,2,2,2
cg12500876,1,1,0,0,0,0,0,0
cg12553689,2,2,1,2,2,2,2,2
cg12574576,1,0,0,0,0,0,0,1
cg12586386,1,1,0,1,1,1,1,1
cg12588917,2,2,2,2,2,2,1,2
cg12615761,1,1,1,1,0,1,2,1
cg12668399,2,1,1,2,2,2,1,2
cg12690119,0,0,0,0,0,0,1,0
cg12705353,2,2,2,2,2,2,2,2
cg12765123,1,1,1,1,1,0,1,1
cg12798194,0,0,0,1,0,1,1,1
cg12809031,1,0,1,0,1,0,0,0
cg12840312,2,2,2,1,2,2,2,2
cg12844324,1,1,1,1,0,1,1,1
cg12850379,0,0,0,0,0,0,1,0
cg12908916,2,1,2,2,2,1,1,2
cg12924430,0,0,0,0,0,0,1,0
cg12927753,1,1,0,1,1,1,0,1
cg12938556,0,0,0,0,0,0,0,0
cg12944343,0,0,1,1,0,1,1,1
cg13027206,1,1,0,1,0,0,0,0
cg13033722,2,2,0,0,0,0,1,0
cg13050716,1,2,2,1,1,1,1,1
cg13126871,2,1,2,1,2,2,2,0
cg13128596,0,0,0,0,0,0,0,0
cg13132497,2,1,1,1,2,2,1,1
cg13172549,0,0,0,0,0,0,0,0
cg13176979,1,1,1,2,1,1,1,1
cg13186228,2,2,2,2,2,2,2,2
cg13198297,0,0,0,1,0,0,2,0
cg13207180,2,2,2,2,2,2,2,2
cg13252700,0,0,1,0,0,0,0,0
cg13278353,1,1,1,1,1,1,1,1
cg13289019,2,2,2,2,2,1,2,2
cg13307058,2,2,2,2,1,2,1,2
cg13316472,0,0,1,2,2,2,1,2
cg13377056,1,0,0,1,0,1,1,1
cg13393036,0,0,0,0,1,1,1,0
cg13405775,1,1,1,0,1,0,2,0
cg13428066,0,0,0,0,0,0,1,0
cg13477101,2,2,2,2,2,2,2,2
cg13500113,0,0,1,1,0,0,1,0
cg13522882,1,2,1,0,1,1,1,0
cg13567405,1,0,0,0,0,0,0,0
cg13572782,0,0,0,0,0,0,0,0
cg13668471,1,1,1,1,1,1,1,1
cg13681655,0,1,0,0,0,0,1,1
cg13683194,1,0,1,0,0,0,1,1
cg13687570,2,2,2,2,2,2,2,2
cg13697378,2,2,2,2,2,2,2,2
cg13734401,2,2,2,2,2,1,1,2
cg13736514,2,2,2,2,2,2,2,2
cg13805518,0,0,0,0,0,0,0,0
cg13809441,0,0,0,1,0,0,0,0
cg13812291,2,1,0,0,0,0,2,0
cg13835029,0,0,0,0,0,0,1,0
cg13845105,1,2,1,0,0,0,2,0
cg13865488,2,1,2,2,2,2,2,2
cg13884376,2,1,2,1,1,0,1,0
cg13904574,2,2,2,2,2,2,1,2
cg13928427,0,0,1,2,1,2,1,2
cg13952159,1,1,1,2,2,2,1,2
cg13972423,1,1,1,1,1,1,1,1
cg13975106,1,1,1,1,0,0,1,0
cg13978566,1,1,1,1,1,2,0,1
cg13980266,0,0,1,1,2,2,0,1
cg13981838,2,2,2,2,2,2,1,2
cg13989519,1,1,0,0,0,0,2,0
cg14032732,2,2,2,2,2,2,1,2
cg14047153,1,1,0,0,0,0,1,0
cg14058329,2,1,2,1,2,2,2,2
cg14068301,0,0,0,0,0,0,0,0
cg14076977,1,0,1,0,1,0,1,0
cg14093127,1,0,2,0,2,2,2,0
cg14113351,2,2,2,2,2,2,1,2
cg14166009,2,2,2,2,2,2,2,2
cg14202048,2,2,1,2,2,2,2,2
cg14242696,2,1,2,2,2,2,1,2
cg14340463,2,1,1,2,1,1,2,2
cg14386312,2,2,2,2,2,2,2,2
cg14413354,2,2,2,2,2,2,2,2
cg14417784,1,1,1,1,0,1,1,1
cg14562054,1,1,0,1,0,0,1,0
cg14580228,2,1,1,2,2,2,1,1
cg14595683,1,1,1,1,1,1,1,1
cg14604066,0,0,1,0,1,0,0,0
cg14637144,1,1,1,1,2,1,0,1
cg14643390,2,2,1,2,1,2,0,2
cg14644378,1,1,1,1,1,1,1,1
cg14693391,1,2,1,2,2,2,2,2
cg14700230,1,1,1,1,1,1,1,1
cg14759494,0,2,2,1,2,1,1,1
cg14794655,1,0,0,0,0,0,0,0
cg14837974,1,0,1,1,1,0,1,1
cg14847483,0,0,0,0,0,0,0,0
cg14850026,1,0,0,1,0,1,0,0
cg14866167,1,0,0,1,0,2,1,1
cg14883961,0,1,0,1,0,0,1,1
cg14893161,2,2,2,2,1,2,1,2
cg14934242,2,2,2,2,2,2,1,2
cg14952312,0,0,1,1,1,2,1,1
cg14965694,1,1,2,1,2,1,1,1
cg15002904,0,0,0,0,0,0,1,1
cg15007983,2,2,2,2,2,1,1,2
cg15008743,2,2,2,2,2,2,2,2
cg15117372,0,0,0,0,0,1,0,0
cg15147215,1,1,1,2,1,2,1,2
cg15199987,0,0,0,0,0,0,0,0
cg15200445,2,1,1,1,1,0,1,1
cg15212455,2,2,2,2,2,2,2,2
cg15224459,1,1,0,1,0,0,1,0
cg15235999,1,1,1,1,1,2,1,1
cg15241074,2,1,1,2,1,1,1,1
cg15246712,2,1,2,2,2,2,1,2
cg15319824,0,0,0,0,0,0,0,0
cg15359390,1,2,1,2,2,2,1,2
cg15401418,2,2,2,2,2,2,1,2
cg15414638,2,2,2,2,2,2,2,2
cg15425811,0,0,0,0,0,0,0,0
cg15464821,2,2,2,2,2,2,1,2
cg15469871,0,0,0,0,0,0,0,0
cg15551981,0,0,0,0,0,0,1,0
cg15690542,1,1,2,1,2,1,2,1
cg15697225,2,2,2,2,2,2,1,2
cg15701794,1,2,1,2,2,0,0,2
cg15702949,2,2,2,1,1,2,2,2
cg15711727,1,2,2,2,1,2,2,2
cg15721243,1,2,1,2,1,2,2,2
cg15777261,1,1,1,0,1,2,1,1
cg15808472,1,1,1,1,1,2,2,1
cg15854394,0,1,1,1,1,1,0,0
cg15867944,1,2,1,1,0,0,0,0
cg15881597,0,0,2,1,2,0,1,1
cg15907060,2,2,2,2,2,2,2,2
cg15996644,1,2,2,2,2,2,1,1
cg16064054,1,1,1,1,2,2,1,2
cg16127514,0,0,0,0,0,0,0,1
cg16148270,1,2,1,1,1,2,1,2
cg16172549,1,1,1,1,1,2,1,1
cg16243243,1,2,1,2,1,1,1,2
cg16254756,1,2,0,2,1,2,1,1
cg16266669,1,0,1,0,0,0,1,1
cg16274899,1,0,1,1,2,2,2,1
cg16296679,0,0,0,1,0,1,0,1
cg16303742,2,1,1,2,2,2,1,2
cg16311302,0,0,0,0,0,0,0,0
cg16314899,1,1,1,1,2,1,1,1
cg16319129,1,0,1,1,1,1,1,0
cg16345566,2,2,2,2,2,2,2,2
cg16387467,1,1,1,1,1,1,0,1
cg16391973,2,2,2,2,2,2,2,2
cg16413785,1,2,2,1,2,1,1,1
cg16430166,2,2,2,2,2,2,2,2
cg16470716,2,2,2,2,1,1,1,2
cg16475891,1,0,2,2,2,2,1,2
cg16496269,1,1,2,1,2,1,0,1
cg16527418,2,2,2,2,2,2,2,2
cg16533146,0,1,0,1,0,0,0,0
cg16585333,2,2,2,2,2,2,1,2
cg16602369,0,0,0,0,1,1,1,1
cg16645423,1,0,0,0,0,0,1,0
cg16659026,1,2,1,2,2,1,1,1
cg16664617,0,1,0,1,0,0,1,0
cg16681083,1,0,0,0,0,0,1,0
cg16714096,1,1,1,1,1,1,0,1
cg16717267,1,0,1,2,0,1,2,2
cg16735509,2,2,2,2,2,2,2,2
cg16743289,2,2,2,2,2,2,2,2
cg16752400,1,0,0,0,0,0,1,0
cg16814023,1,1,1,0,0,0,1,1
cg16852440,0,0,0,0,1,0,1,1
cg16893174,0,0,0,1,1,1,2,1
cg17006282,1,1,1,2,2,2,1,2
cg17016000,1,0,0,0,1,0,2,0
cg17074431,1,1,0,0,0,0,2,0
cg17098387,1,1,2,1,1,1,1,1
cg17118836,2,1,2,2,2,2,2,2
cg17174814,1,0,2,1,2,2,2,2
cg17186388,1,1,0,0,0,0,1,0
cg17191109,0,0,0,0,0,1,0,1
cg17254383,1,1,1,1,1,1,1,1
cg17259096,1,1,1,2,1,1,1,1
cg17306686,1,2,1,0,1,0,1,0
cg17333886,1,1,1,1,0,1,2,1
cg17393917,2,2,1,1,2,1,1,1
cg17397069,1,0,1,1,1,2,0,0
cg17420585,0,1,1,0,0,1,1,0
cg17434008,1,0,1,1,1,1,1,0
cg17445212,1,1,1,2,0,1,1,1
cg17468100,0,0,0,0,0,0,0,0
cg17491987,2,2,2,2,2,2,2,2
cg17500703,2,2,1,1,1,2,1,1
cg17511472,0,0,0,1,0,1,0,0
cg17605021,0,0,0,0,0,0,0,0
cg17610933,2,2,2,2,2,2,1,2
cg17668731,1,2,1,1,1,2,2,1
cg17680092,1,1,2,1,2,2,0,2
cg17692971,1,1,1,0,0,0,1,0
cg17694351,0,0,0,0,0,0,1,0
cg17713488,2,1,2,2,2,2,1,2
cg17723381,1,0,0,0,0,0,1,1
cg17795240,2,1,1,2,2,2,0,2
cg17805072,1,1,0,1,2,1,1,1
cg17820828,0,0,0,0,0,0,0,0
cg17839611,1,2,2,1,2,0,1,1
cg17877220,2,2,2,2,2,2,2,2
cg17961725,0,0,2,2,2,2,0,2
cg18005867,1,0,1,1,1,2,1,1
cg18046394,1,1,1,1,1,2,1,1
cg18059933,0,0,0,0,0,0,1,0
cg18104242,1,1,1,1,1,0,1,1
cg18110333,0,0,0,0,0,0,0,0
cg18168249,1,0,0,0,0,0,1,0
cg18209323,2,2,2,2,2,2,2,2
cg18222865,1,1,1,1,1,1,1,0
cg18232861,0,0,0,0,0,0,0,0
cg18241308,1,0,1,1,1,1,1,1
cg18269963,1,1,1,2,2,2,2,1
cg18279536,1,1,2,2,2,2,1,2
cg18320188,2,2,2,2,2,2,2,2
cg18322025,1,1,1,1,2,0,1,1
cg18330203,1,1,1,1,1,2,1,1
cg18335505,2,2,1,2,2,2,2,2
cg18351329,1,1,2,1,1,0,2,2
cg18352516,1,0,1,0,1,1,1,1
cg18368411,1,0,1,2,2,2,1,2
cg18372208,0,0,0,0,0,0,0,0
cg18402987,2,2,2,2,2,2,2,2
cg18448614,2,0,0,0,0,0,0,1
cg18449021,0,0,1,1,1,2,0,1
cg18460830,1,2,1,1,0,0,0,1
cg18464823,0,1,0,0,0,0,0,0
cg18467189,1,0,1,1,1,1,1,1
cg18482112,1,1,1,1,1,1,1,1
cg18506672,2,2,2,2,2,2,1,2
cg18507732,1,0,0,0,1,0,1,0
cg18520517,1,1,1,1,0,1,1,1
cg18522231,1,1,1,2,1,1,2,1
cg18558073,1,0,0,0,0,0,1,0
cg18571156,0,0,1,1,1,0,2,0
cg18587504,0,0,0,0,0,0,0,0
cg18587557,2,2,1,2,2,2,2,2
cg18634560,0,0,0,0,0,0,2,0
cg18648917,0,0,1,0,0,0,1,0
cg18665594,1,0,2,2,1,2,2,2
cg18670770,0,0,2,2,2,2,1,2
cg18678645,0,0,1,0,1,0,0,0
cg18693051,1,0,0,0,0,0,0,0
cg18707489,1,1,1,1,1,2,1,0
cg18713748,2,2,2,2,2,2,2,2
cg18735089,1,1,1,1,1,2,1,1
cg18792146,2,1,0,1,0,1,2,1
cg18850089,1,1,2,2,2,2,2,1
cg18856614,1,1,0,1,0,1,1,1
cg18857062,1,2,1,1,1,0,1,1
cg18865445,2,2,2,2,2,2,1,1
cg18912107,1,1,0,2,0,0,1,0
cg18934443,2,1,0,1,0,0,1,0
cg19002149,0,0,0,0,0,0,0,0
cg19003815,2,2,2,2,2,2,1,2
cg19050152,1,1,1,1,1,1,0,1
cg19098465,1,0,0,1,0,1,1,1
cg19101232,1,0,0,1,0,1,0,0
cg19107578,2,2,1,2,1,1,2,2
cg19117047,0,0,0,0,0,0,1,1
cg19149522,2,2,1,2,1,2,1,2
cg19183879,0,2,2,1,0,2,1,2
cg19186380,2,1,2,1,2,2,1,2
cg19190762,1,2,1,1,0,1,1,1
cg19196401,2,1,1,2,2,0,1,1
cg19257832,2,2,1,1,2,0,2,1
cg19327615,2,2,2,1,1,2,2,2
cg19333883,1,1,0,0,1,0,1,0
cg19335130,0,1,1,1,1,2,0,1
cg19375981,1,2,1,1,2,2,1,1
cg19455642,0,0,0,0,0,0,1,0
cg19480425,0,1,1,0,1,2,1,2
cg19566774,1,1,2,1,1,1,1,1
cg19572487,1,0,2,0,2,0,0,1
cg19579217,0,0,0,0,0,0,0,0
cg19584649,1,0,0,0,0,0,1,0
cg19658332,1,1,0,0,1,0,1,0
cg19660806,1,1,1,2,2,1,1,2
cg19678392,2,2,2,2,2,2,2,2
cg19701879,1,0,1,1,1,2,1,0
cg19730268,1,1,1,1,2,0,1,1
cg19811337,0,0,0,0,0,0,0,0
cg19820328,1,1,2,2,2,2,1,2
cg19970883,0,0,1,2,1,2,2,2
cg19977004,0,0,0,0,1,1,2,0
cg19978674,0,0,0,1,0,2,1,1
cg19980929,1,1,1,2,1,2,1,2
cg19998073,1,1,2,2,2,2,0,2
cg19998150,2,0,2,2,2,2,2,2
cg20008140,1,0,1,1,1,2,1,1
cg20016411,2,1,1,1,1,2,1,1
cg20018425,1,1,2,1,2,1,0,1
cg20060685,2,2,2,2,2,1,2,2
cg20104774,1,1,1,1,1,1,1,1
cg20117519,1,0,2,1,2,2,1,2
cg20119798,1,2,2,2,2,2,1,2
cg20131596,0,0,1,1,1,1,1,1
cg20165520,0,1,0,0,0,2,0,1
cg20174730,1,1,1,1,1,1,1,0
cg20176388,1,0,2,2,2,2,0,2
cg20181209,1,0,0,0,0,0,1,0
cg20222562,0,0,0,0,1,0,1,0
cg20268039,2,2,2,2,2,1,1,2
cg20276677,2,2,2,2,2,1,1,2
cg20309640,1,1,1,1,1,2,0,1
cg20340346,0,0,0,0,1,0,1,0
cg20375709,0,1,1,2,1,2,1,2
cg20379593,2,0,1,1,1,1,1,0
cg20388732,1,1,0,1,1,0,0,0
cg20432671,2,2,2,2,2,1,1,2
cg20458044,1,1,1,1,2,1,1,2
cg20504791,2,2,1,2,1,2,2,2
cg20513206,1,1,1,2,1,1,1,2
cg20515136,1,0,1,1,0,2,1,1
cg20519373,1,1,0,1,1,1,0,1
cg20569203,2,2,2,2,2,1,1,2
cg20570109,0,1,1,1,1,1,1,1
cg20630655,1,1,1,1,2,0,1,0
cg20660989,1,1,1,1,1,1,1,1
cg20677143,2,2,2,2,2,1,2,2
cg20715295,1,1,2,2,2,2,1,1
cg20740051,2,2,2,2,2,2,2,2
cg20743744,1,1,1,1,2,2,1,1
cg20747739,0,0,0,0,0,1,1,0
cg20770409,1,0,0,0,1,0,0,0
cg20801007,2,2,0,2,0,1,2,2
cg20848291,1,2,2,2,1,2,1,2
cg20885179,2,2,2,2,2,1,2,2
cg20911165,1,1,0,1,0,1,0,1
cg20956390,0,0,0,0,0,0,0,0
cg21010569,0,0,0,0,0,0,0,0
cg21041888,0,1,0,0,0,0,0,0
cg21051519,2,2,2,2,2,2,2,2
cg21061071,0,1,0,0,0,0,0,0
cg21073930,1,1,1,1,1,1,0,1
cg21103992,0,0,0,0,0,0,0,0
cg21109167,2,2,2,2,2,2,2,2
cg21116457,0,0,1,0,0,0,1,0
cg21147203,1,1,1,0,0,0,1,1
cg21153160,2,2,2,2,2,2,2,2
cg21159260,0,1,1,0,2,0,0,0
cg21179831,2,1,1,1,1,2,2,1
cg21183502,1,1,1,0,1,0,1,0
cg21220403,1,2,1,2,2,0,1,0
cg21235119,1,1,0,1,0,1,1,0
cg21361856,2,1,2,2,2,2,2,2
cg21371809,2,1,1,2,2,2,0,2
cg21392385,1,0,1,1,1,0,1,1
cg21468274,1,0,0,0,0,0,1,0
cg21500126,1,1,1,1,1,2,1,1
cg21521117,0,0,0,0,0,0,0,0
cg21523688,1,0,1,1,0,0,1,0
cg21548813,0,0,0,0,0,0,0,0
cg21573200,2,2,2,2,2,1,2,2
cg21580428,2,2,2,2,2,2,2,1
cg21583723,1,1,1,1,1,1,1,1
cg21610815,2,2,2,2,2,2,2,2
cg21626848,2,2,1,2,1,2,2,1
cg21646955,2,2,2,2,2,1,2,2
cg21665744,2,1,2,2,1,2,2,2
cg21702011,0,0,0,0,0,1,2,0
cg21746425,2,2,1,2,1,2,2,2
cg21750887,1,0,2,1,2,1,1,1
cg21790715,2,2,2,2,2,2,2,2
cg21838488,2,2,1,2,1,2,1,1
cg21859290,0,1,1,0,0,0,1,0
cg21865657,1,1,1,1,1,1,1,1
cg21910650,1,0,0,1,0,2,1,1
cg21915449,1,2,1,1,0,1,0,2
cg22033281,1,0,1,1,1,0,1,1
cg22109795,1,1,1,1,1,2,1,1
cg22115748,2,2,2,2,1,1,1,2
cg22212414,2,1,0,0,0,0,2,0
cg22234712,1,1,1,1,1,1,1,1
cg22264616,1,1,1,1,2,2,0,1
cg22307029,2,2,2,2,2,2,2,2
cg22321572,1,0,0,0,0,0,0,0
cg22358580,2,2,2,2,2,2,1,2
cg22407822,1,1,1,1,1,0,1,1
cg22407942,0,0,1,0,0,0,1,0
cg22466678,1,0,0,0,0,0,2,0
cg22533683,0,0,0,0,0,0,0,0
cg22555495,2,1,2,2,1,2,1,2
cg22590775,2,2,2,2,2,2,2,2
cg22595230,0,0,0,0,0,0,2,0
cg22611163,2,2,2,2,2,2,1,2
cg22622123,0,0,0,0,0,0,1,0
cg22677858,1,0,1,1,1,1,0,1
cg22684041,0,0,0,0,0,0,0,0
cg22697853,2,2,2,2,2,2,2,2
cg22705959,1,1,1,1,2,1,1,1
cg22721998,1,1,2,1,1,2,1,1
cg22784187,1,1,1,1,1,2,0,2
cg22796248,1,1,0,0,0,0,0,0
cg22827806,2,2,1,1,1,0,2,1
cg22833175,0,0,1,1,2,2,0,1
cg22841772,1,1,2,1,2,2,2,1
cg22867156,2,1,2,2,2,2,2,2
cg22872064,0,1,0,0,0,0,0,0
cg22879626,1,1,2,2,2,1,1,2
cg22894896,0,0,0,0,0,0,0,0
cg22898082,0,0,0,0,0,0,0,0
cg22901840,2,2,2,2,2,2,2,2
cg22960869,2,2,2,2,2,2,1,2
cg22984769,2,2,2,2,2,2,2,2
cg23003926,2,0,0,1,0,1,2,1
cg23013853,1,1,1,1,1,2,1,1
cg23053407,0,0,0,0,0,0,0,0
cg23054121,1,1,1,1,2,2,1,1
cg23107878,2,1,2,2,2,2,1,2
cg23168425,1,1,1,1,2,1,1,1
cg23181159,1,0,1,1,0,2,0,1
cg23217680,0,0,1,0,1,0,1,0
cg23221052,1,0,0,1,0,1,1,1
cg23226914,2,2,2,2,2,2,2,2
cg23284609,1,1,1,2,0,2,1,1
cg23303188,0,0,0,0,0,0,0,1
cg23323891,1,2,1,1,1,2,1,2
cg23331961,0,0,0,0,0,0,0,0
cg23396177,1,1,1,1,1,1,1,1
cg23409168,1,1,1,1,1,0,1,1
cg23423227,1,0,1,1,2,1,0,2
cg23425316,0,0,0,0,0,0,0,0
cg23445878,2,2,2,2,2,1,2,2
cg23453353,0,0,0,0,0,0,0,0
cg23490300,0,0,0,0,0,0,0,0
cg23496516,0,0,0,1,1,1,1,2
cg23499929,2,1,0,1,0,0,1,1
cg23562538,0,0,0,0,0,1,2,1
cg23573129,2,2,2,2,2,2,1,2
cg23622616,2,1,1,0,0,0,1,0
cg23658684,1,0,1,1,1,1,1,1
cg23708337,2,1,2,2,2,2,1,2
cg23732725,1,0,0,0,0,0,0,0
cg23746600,1,0,0,0,0,1,0,0
cg23748340,2,2,2,2,2,2,1,2
cg23759393,1,1,1,1,1,2,1,1
cg23796525,0,0,1,0,0,0,0,0
cg23884217,2,2,2,2,2,2,1,2
cg23892836,2,2,2,2,2,2,1,2
cg23921523,2,2,2,2,0,2,1,2
cg23929194,1,0,1,1,1,2,0,2
cg23933095,1,0,0,1,2,1,1,1
cg23942311,0,0,0,0,0,0,0,0
cg23971381,1,1,1,1,1,1,1,1
cg24008358,1,1,2,2,2,2,1,2
cg24033859,2,2,1,2,1,1,0,2
cg24048949,1,0,0,1,0,1,0,1
cg24061122,2,1,2,2,2,2,1,2
cg24128316,0,1,1,1,0,1,0,1
cg24195486,1,0,1,2,1,2,0,2
cg24218620,1,1,1,0,0,1,0,0
cg24317406,2,2,2,2,2,2,1,2
cg24319836,0,0,0,0,0,0,1,1
cg24322968,1,2,1,2,2,2,1,2
cg24324837,2,2,2,2,2,2,2,2
cg24334149,1,1,0,1,0,0,0,1
cg24345747,2,2,1,2,2,2,2,2
cg24358846,0,0,0,0,0,0,0,0
cg24395504,1,1,0,1,0,1,1,2
cg24421906,1,1,1,2,0,1,1,2
cg24429310,1,0,1,2,2,2,1,2
cg24460268,1,1,2,2,2,2,0,2
cg24482350,1,1,0,0,0,0,1,0
cg24496563,1,0,0,1,0,0,0,0
cg24512973,2,2,1,2,1,1,2,2
cg24542929,2,2,1,2,2,2,2,2
cg24576358,0,0,0,1,0,0,2,0
cg24581226,2,2,2,2,2,2,2,2
cg24585203,1,1,0,1,0,0,1,0
cg24601559,1,1,1,2,1,1,1,2
cg24617313,2,2,2,2,2,2,2,2
cg24624505,0,0,0,0,0,0,0,0
cg24631482,2,2,2,2,2,2,1,2
cg24642523,1,1,1,1,0,1,1,1
cg24670552,0,0,0,0,0,0,1,0
cg24687529,1,0,1,0,1,2,1,0
cg24691910,1,1,1,1,0,1,0,1
cg24702253,2,1,2,2,2,2,1,2
cg24733637,1,1,0,0,0,1,1,0
cg24754277,0,0,0,0,0,0,0,0
cg24776142,0,0,0,0,0,2,0,0
cg24834889,2,2,2,2,2,2,2,2
cg24843346,1,1,1,1,1,1,1,1
cg24854704,0,0,0,0,0,0,0,0
cg24865779,2,1,1,0,0,0,2,0
cg24869601,2,2,2,2,1,2,2,2
cg24907011,1,1,1,1,1,0,1,1
cg24907270,0,0,0,0,0,0,0,0
cg24920358,2,2,2,2,2,2,2,2
cg24928110,1,1,1,1,1,1,1,1
cg24961795,1,1,0,1,0,1,1,0
cg24969520,1,1,1,2,1,2,1,2
cg25023298,2,2,2,2,2,1,0,2
cg25025879,1,1,1,2,1,2,2,1
cg25043559,2,2,1,1,1,1,2,1
cg25048985,1,1,1,1,2,1,1,1
cg25090994,1,1,1,1,0,0,1,0
cg25123266,0,1,0,0,0,1,0,0
cg25130385,1,1,1,2,1,1,1,2
cg25206536,1,2,2,2,2,2,0,2
cg25223285,2,2,2,2,2,2,2,2
cg25262528,1,1,1,0,0,0,1,0
cg25264265,2,2,0,0,0,1,2,0
cg25299750,1,2,2,2,1,1,1,2
cg25309343,1,1,2,1,2,2,1,1
cg25340403,1,1,1,1,0,0,1,1
cg25340688,0,0,1,0,0,0,0,0
cg25350411,1,1,1,1,1,1,1,1
cg25352397,1,1,1,1,1,1,1,1
cg25390165,2,2,2,2,2,2,2,2
cg25477813,1,0,1,1,1,2,2,1
cg25526039,0,0,1,0,0,0,1,0
cg25560247,2,1,2,2,2,2,1,2
cg25629418,2,1,2,2,2,1,1,2
cg25634141,0,1,1,0,0,0,0,0
cg25652454,1,1,1,1,1,2,0,1
cg25652742,2,1,1,2,0,1,0,1
cg25742326,0,1,0,1,1,0,1,0
cg25771195,1,1,1,1,1,1,1,1
cg25786696,2,2,2,2,2,1,2,2
cg25801742,1,1,1,1,1,0,1,1
cg25815440,1,0,0,1,0,0,2,0
cg25877436,0,0,1,0,0,0,1,0
cg25914921,1,1,1,1,0,2,1,2
cg25986202,1,1,2,2,2,2,2,2
cg26064535,1,0,2,2,2,2,1,2
cg26090062,2,2,2,2,2,2,2,2
cg26127836,1,1,1,1,1,1,2,1
cg26143719,0,0,0,0,0,0,1,0
cg26148377,1,1,1,1,1,1,1,1
cg26154714,0,0,1,1,1,1,1,1
cg26172504,2,2,2,2,2,2,1,2
cg26195495,0,0,0,0,0,0,0,0
cg26224060,0,0,1,0,0,0,0,1
cg26234900,1,2,2,2,2,2,1,2
cg26239297,1,1,1,2,0,1,1,2
cg26250400,1,1,0,1,2,1,1,1
cg26262055,2,1,1,2,1,2,1,1
cg26270695,0,0,0,0,0,0,1,0
cg26313699,2,0,1,2,2,2,1,2
cg26338947,0,1,1,0,0,0,0,0
cg26527457,0,1,1,0,1,0,0,0
cg26536593,1,1,1,1,1,0,2,1
cg26539631,1,1,1,1,1,1,1,1
cg26639479,0,0,0,0,0,0,1,0
cg26667586,2,2,1,1,1,2,1,2
cg26681628,0,0,0,0,0,0,0,0
cg26707664,1,1,1,1,0,2,1,1
cg26725201,2,2,2,2,2,2,2,2
cg26734888,2,2,2,2,2,2,2,2
cg26750617,0,0,0,0,0,0,0,0
cg26750927,0,0,0,0,0,0,0,0
cg26779676,1,1,1,1,1,1,1,1
cg26802564,1,1,1,1,1,0,0,0
cg26850624,1,0,1,1,0,1,0,1
cg26857315,1,1,1,1,2,2,2,2
cg26896946,0,0,1,0,1,0,0,0
cg26924440,2,2,2,2,2,2,1,2
cg26960833,0,0,1,0,0,0,1,1
cg26985203,2,2,2,2,2,2,1,2
cg26992600,1,1,0,1,0,0,1,2
cg27039625,0,0,0,0,0,0,1,0
cg27130359,1,0,0,1,0,0,1,0
cg27134767,1,1,1,2,0,2,1,1
cg27177158,2,1,1,2,1,2,1,2
cg27200630,0,0,0,1,0,0,1,0
cg27203184,1,1,0,1,0,0,0,0
cg27216076,1,1,2,2,2,2,1,1
cg27237671,2,2,2,2,2,2,2,2
cg27300647,1,1,0,0,0,1,1,0
cg27333706,1,1,1,2,2,2,0,2
cg27333886,1,0,0,0,0,0,1,1
cg27345989,2,2,0,1,0,1,0,1
cg27361914,2,1,1,1,1,1,1,1
cg27366882,1,0,0,1,2,2,1,0
cg27370104,1,2,1,1,2,2,1,2
cg27375286,0,0,0,0,0,0,0,0
cg27396056,2,2,1,1,2,1,1,1
cg27398720,0,0,0,0,0,0,1,0
cg27416898,1,0,1,1,1,0,1,1
cg27427491,0,0,1,1,1,2,1,1
cg27454412,2,2,2,2,2,2,2,2
cg27480580,1,2,2,2,2,2,1,2
cg27485402,0,0,0,0,0,0,0,0
cg27493010,2,2,2,2,1,2,2,2
cg27496296,1,2,0,2,1,2,0,1
cg27571374,1,1,2,2,2,2,1,2
cg27620317,1,2,2,2,2,2,1,2
