Labels,EA LL 1,EA LL2,EA1,EA_gld,EB LL 3,EB LL4,EB1,EB2
cg00024494,1,0,1,1,1,1,1,2
cg00034101,0,1,1,0,1,1,1,0
cg00078857,1,1,1,1,1,1,1,2
cg00107579,1,2,1,1,1,0,0,0
cg00153919,2,2,2,2,1,1,1,1
cg00292669,1,0,0,0,2,1,1,1
cg00301396,1,2,2,2,2,2,2,2
cg00361017,1,2,2,2,1,1,2,2
cg00369376,1,2,2,2,1,1,1,2
cg00381755,1,2,2,2,2,2,2,2
cg00384205,1,1,2,1,0,1,0,1
cg00397910,2,1,2,2,1,1,1,1
cg00408773,1,2,1,1,1,1,0,2
cg00428638,2,1,1,1,1,1,1,2
cg00431565,1,2,1,2,2,1,1,2
cg00473597,2,2,1,1,1,1,1,1
cg00504902,2,2,2,2,1,1,1,2
cg00604454,1,1,1,1,0,1,0,1
cg00610991,2,1,1,1,0,1,0,1
cg00619263,1,2,2,2,0,0,0,0
cg00631327,1,1,2,1,1,1,1,2
cg00631329,1,2,1,1,0,0,0,0
cg00659077,1,2,1,1,0,1,1,0
cg00666014,2,2,2,2,1,1,1,2
cg00666422,1,2,1,1,0,0,0,1
cg00718336,1,1,1,1,0,0,0,0
cg00739471,2,2,2,2,2,1,1,2
cg00753924,1,1,1,1,0,0,0,1
cg00807197,1,2,2,2,0,0,0,0
cg00813752,1,2,2,2,1,2,2,2
cg00851732,1,1,1,1,0,0,0,0
cg00871610,1,2,2,2,1,1,1,1
cg00899350,1,1,2,2,0,0,0,1
cg00918181,1,2,1,1,1,1,1,1
cg00923880,1,1,1,1,2,1,2,0
cg00930606,2,2,2,2,2,1,2,1
cg00953006,1,2,1,1,0,1,1,1
cg00973118,1,2,2,2,2,1,2,2
cg00980622,1,2,1,1,0,0,1,2
cg01000188,1,2,2,2,2,2,2,2
cg01017147,0,0,0,0,0,1,0,0
cg01066431,1,0,1,1,1,1,2,2
cg01078772,2,2,1,1,0,0,0,0
cg01094192,1,1,1,1,0,1,0,1
cg01094687,1,1,1,1,1,1,1,1
cg01094748,0,0,0,0,0,0,0,0
cg01101873,2,2,2,2,2,1,2,1
cg01104306,2,2,2,2,1,1,2,1
cg01126532,1,1,1,1,0,1,0,0
cg01156747,0,0,0,0,0,0,0,0
cg01165661,1,2,2,2,2,1,2,2
cg01169021,2,2,2,2,2,2,2,2
cg01180479,1,2,1,1,1,1,1,1
cg01196336,1,2,2,2,0,1,0,2
cg01208566,1,2,2,2,0,0,0,2
cg01218619,1,2,1,1,1,1,1,1
cg01219135,1,2,2,2,2,2,2,2
cg01223011,2,2,1,2,0,0,0,1
cg01242676,1,2,2,2,1,1,1,1
cg01248445,1,2,2,1,1,1,0,2
cg01270593,1,2,2,2,1,2,2,2
cg01274753,1,1,0,0,0,0,0,0
cg01293179,1,0,1,1,1,1,1,0
cg01301319,1,0,0,0,0,0,0,1
cg01309328,1,1,1,1,2,2,2,0
cg01314743,1,1,0,0,1,1,1,0
cg01324343,1,1,1,1,2,1,1,1
cg01351327,2,2,2,2,1,1,1,1
cg01359962,1,2,1,1,1,1,1,1
cg01365639,2,1,0,0,0,1,1,2
cg01396157,2,2,2,2,2,2,2,2
cg01426903,2,1,1,1,0,1,1,1
cg01435791,1,2,2,2,2,1,1,1
cg01439322,1,1,1,1,0,1,0,0
cg01484296,1,0,0,0,0,1,0,0
cg01485549,1,2,1,1,0,0,0,0
cg01530154,1,2,2,2,0,0,0,1
cg01552731,1,2,1,1,2,2,2,2
cg01569709,2,1,0,0,1,1,1,1
cg01584932,2,2,2,2,2,1,2,2
cg01601299,1,1,0,0,1,1,1,2
cg01607530,1,0,0,0,1,0,0,0
cg01613691,1,2,2,2,0,0,0,0
cg01622416,1,2,2,2,1,1,0,0
cg01646323,1,0,0,0,0,0,0,0
cg01758314,1,0,1,1,0,0,1,0
cg01806192,1,2,1,1,0,0,0,0
cg01809217,1,2,2,2,1,1,1,2
cg01830073,1,1,0,0,0,1,0,1
cg01870826,2,2,2,2,2,2,2,2
cg01874867,2,2,2,2,1,1,1,1
cg01894498,1,1,1,1,1,1,1,1
cg01905633,1,1,1,1,1,1,1,1
cg01987333,2,2,2,2,1,1,1,0
cg02032841,1,2,0,0,1,1,0,1
cg02067022,2,2,2,2,0,0,0,1
cg02105042,1,2,2,2,0,0,0,0
cg02158486,2,2,2,2,1,1,1,2
cg02228675,1,2,2,2,1,1,1,1
cg02238549,1,0,0,0,2,2,2,1
cg02273436,0,1,0,0,0,0,0,0
cg02274366,1,1,0,0,1,1,0,0
cg02278114,2,2,1,1,2,2,2,1
cg02315096,0,0,0,0,0,0,0,0
cg02326224,2,2,2,2,2,1,2,1
cg02331649,1,1,1,1,1,1,0,0
cg02400092,0,0,0,0,0,0,0,0
cg02421962,1,1,0,0,1,1,1,0
cg02426999,1,1,2,2,1,1,2,1
cg02428792,1,2,1,1,0,0,0,1
cg02450064,1,1,1,1,1,1,1,1
cg02473254,1,2,1,1,2,1,1,1
cg02484210,2,1,0,1,1,1,1,1
cg02498063,2,2,2,2,1,1,1,2
cg02508651,1,1,1,1,1,1,1,2
cg02518216,2,1,2,2,1,1,2,2
cg02531924,1,1,0,0,1,1,2,1
cg02546490,1,2,1,2,0,2,2,1
cg02552250,0,0,0,0,1,1,1,0
cg02586712,2,2,2,2,0,0,0,1
cg02596779,1,2,2,2,2,1,2,1
cg02607237,2,2,2,2,2,1,2,1
cg02616710,0,0,0,0,0,0,0,0
cg02621481,1,1,0,0,0,0,0,0
cg02624836,1,2,2,2,1,1,1,0
cg02641400,1,2,1,1,2,2,2,2
cg02645340,1,1,1,1,2,1,1,1
cg02675527,1,1,2,2,0,0,0,0
cg02736908,2,2,2,2,2,2,2,2
cg02738086,1,1,1,1,0,0,0,0
cg02744588,1,1,0,0,1,1,2,0
cg02753027,1,2,2,2,0,0,0,1
cg02796478,1,1,1,1,0,1,0,1
cg02799427,2,2,2,1,2,1,1,0
cg02872426,2,2,2,2,1,1,1,0
cg02881189,2,1,1,1,0,1,0,1
cg02942766,1,0,0,0,0,0,0,0
cg02971253,0,0,1,1,0,0,0,0
cg03041510,1,1,1,1,0,1,1,1
cg03047995,1,1,2,2,1,1,1,1
cg03095800,1,2,2,2,1,1,1,2
cg03147184,1,2,2,2,0,0,0,2
cg03176993,1,0,1,1,1,1,1,0
cg03179435,2,2,2,2,1,1,1,0
cg03190769,1,2,1,1,1,1,1,0
cg03207666,2,2,2,2,2,2,2,2
cg03209871,1,2,2,2,0,0,0,0
cg03242666,1,1,0,0,1,1,1,1
cg03270395,1,2,1,1,2,2,2,0
cg03271533,1,0,0,1,0,0,0,2
cg03278811,0,0,0,0,0,0,0,0
cg03297163,1,1,2,2,2,2,2,2
cg03315344,1,2,2,2,0,1,0,0
cg03325664,1,1,1,1,2,2,1,1
cg03330678,1,2,1,1,0,1,0,1
cg03370951,1,2,2,2,2,2,2,2
cg03395511,1,2,1,1,2,1,2,2
cg03421353,2,2,2,2,0,0,0,2
cg03428047,1,2,2,1,0,1,1,1
cg03428864,2,2,1,1,2,2,2,2
cg03433986,0,1,0,0,0,1,0,0
cg03444077,1,2,1,1,2,2,2,1
cg03481509,1,1,0,0,0,0,0,0
cg03520938,1,1,0,1,1,1,1,0
cg03556313,1,1,1,1,0,1,0,1
cg03611551,1,1,2,1,1,1,1,0
cg03646740,1,1,0,0,1,0,0,1
cg03669367,1,2,1,1,1,1,1,0
cg03695236,1,2,2,2,1,1,1,1
cg03706720,1,2,1,1,0,0,1,1
cg03721454,1,1,0,0,1,0,0,0
cg03738707,2,2,2,2,2,2,2,2
cg03753385,1,2,1,1,0,1,1,1
cg03755052,2,1,0,0,0,1,0,0
cg03804621,1,0,0,0,0,0,0,0
cg03826642,2,2,1,2,2,1,2,2
cg03848129,0,0,0,0,0,0,0,0
cg03880506,1,0,1,1,0,1,0,0
cg03880611,2,2,2,2,2,2,2,1
cg03889540,1,2,1,1,0,0,0,0
cg03894068,2,2,2,2,1,2,2,2
cg03898952,1,0,0,0,1,1,1,1
cg03906434,0,0,0,0,0,0,0,0
cg04006327,1,2,1,2,1,1,1,2
cg04019914,1,2,2,2,2,1,1,1
cg04036777,1,0,0,0,0,0,0,0
cg04060561,2,2,2,2,0,1,0,2
cg04070847,1,1,2,1,0,0,0,0
cg04131969,0,0,0,0,0,0,0,0
cg04141796,2,2,2,2,2,2,2,1
cg04156219,1,2,2,2,0,0,0,1
cg04176472,1,2,2,2,0,0,0,1
cg04178523,1,1,2,2,1,1,2,1
cg04216235,2,2,2,2,1,1,1,1
cg04217706,1,2,2,2,2,2,2,2
cg04264002,1,2,2,1,2,1,2,2
cg04362989,1,1,0,1,0,0,0,0
cg04391463,1,2,2,2,1,1,1,2
cg04410756,1,2,2,2,0,1,0,2
cg04454285,1,2,2,2,2,1,2,2
cg04481923,1,2,1,1,1,1,1,1
cg04520704,1,1,0,0,0,0,0,0
cg04522575,1,2,2,2,2,1,2,2
cg04547181,1,2,2,2,2,2,2,1
cg04548463,1,0,1,1,0,0,1,0
cg04605697,2,1,1,1,1,1,0,2
cg04630490,1,2,2,2,1,1,1,1
cg04653913,1,1,0,0,0,0,0,0
cg04657146,2,2,2,2,2,2,2,2
cg04671734,1,2,2,2,1,1,1,2
cg04672622,1,2,2,2,0,0,0,0
cg04672903,1,0,1,1,0,1,1,1
cg04713352,0,1,0,0,0,0,0,1
cg04726821,1,2,2,2,2,2,2,2
cg04736911,1,2,2,2,1,1,1,1
cg04737881,1,1,2,2,1,1,1,1
cg04741118,2,2,2,1,0,1,0,1
cg04748010,1,2,2,2,1,1,1,1
cg04781305,1,1,1,1,2,1,2,0
cg04783231,1,2,2,2,1,1,1,2
cg04811114,1,1,1,1,2,1,1,0
cg04876069,2,2,2,2,2,1,2,1
cg04885881,1,1,1,1,0,0,0,1
cg04889800,0,0,0,0,0,0,0,0
cg04908961,2,2,2,2,1,1,1,2
cg04931238,2,2,2,2,1,1,1,2
cg04981007,1,1,1,2,0,0,0,1
cg05004973,1,0,1,1,1,0,0,2
cg05005343,1,2,2,2,0,0,0,0
cg05020125,1,1,1,1,1,1,1,1
cg05030553,1,2,1,1,1,1,0,0
cg05090351,1,1,0,0,0,0,0,0
cg05149097,0,0,0,0,0,0,0,0
cg05168764,1,1,1,1,2,1,1,1
cg05180717,1,2,1,1,1,1,1,1
cg05182265,2,2,2,2,2,1,1,1
cg05254095,1,1,1,1,1,1,1,1
cg05275595,1,2,1,1,1,1,1,1
cg05277122,2,2,2,2,0,0,0,1
cg05292376,1,2,1,1,1,1,1,0
cg05307301,2,2,1,1,1,1,1,1
cg05308504,1,2,2,2,2,2,2,1
cg05353869,0,0,0,0,0,0,0,0
cg05360958,1,1,1,1,0,0,0,2
cg05365735,2,2,1,2,1,1,1,1
cg05371332,1,1,2,2,2,1,2,1
cg05379541,1,1,1,1,2,1,1,1
cg05385718,2,2,2,2,2,1,2,2
cg05403689,1,1,0,0,1,0,0,0
cg05424333,1,2,1,1,0,0,0,0
cg05454501,0,0,0,0,0,1,0,0
cg05460318,1,2,2,2,1,1,2,1
cg05509609,1,1,1,1,2,1,2,2
cg05542785,0,0,0,0,0,0,0,0
cg05547778,1,2,1,0,1,1,1,2
cg05547895,2,2,2,2,2,1,2,2
cg05589489,0,0,0,0,0,0,0,0
cg05620261,2,2,2,2,2,2,2,1
cg05634630,1,0,0,0,0,0,0,0
cg05650719,2,2,2,2,2,2,2,2
cg05658512,2,2,2,2,1,2,2,2
cg05666036,2,2,2,2,0,0,0,0
cg05670953,1,2,2,2,2,2,2,2
cg05702280,0,0,0,0,0,0,0,0
cg05778424,1,2,2,2,2,2,2,2
cg05817845,1,0,1,1,0,0,0,0
cg05851442,1,1,0,0,0,1,0,1
cg05865011,1,0,0,0,0,0,0,0
cg05867245,1,1,1,1,2,2,2,1
cg05879419,1,1,2,2,0,0,0,1
cg05888872,2,1,2,2,2,2,2,2
cg05903444,1,2,2,2,2,2,2,2
cg05946623,1,1,1,1,0,0,0,0
cg05951994,1,1,1,1,0,0,0,0
cg05990312,1,0,0,0,1,0,0,0
cg06000144,1,2,2,2,0,1,1,0
cg06040071,1,0,0,0,0,0,0,0
cg06094482,1,1,1,1,1,1,1,0
cg06188367,1,2,1,1,2,2,2,2
cg06235224,1,1,1,1,1,1,2,0
cg06259025,1,1,1,1,1,1,1,1
cg06263178,1,2,0,0,0,0,0,0
cg06279274,2,2,2,2,2,1,1,2
cg06327515,1,2,2,2,0,0,0,0
cg06365843,2,2,2,2,0,0,0,1
cg06371583,1,1,1,1,1,1,1,0
cg06417478,1,2,2,2,1,1,2,2
cg06478886,1,2,1,1,1,1,1,1
cg06480265,1,0,0,1,1,1,1,0
cg06490113,1,1,1,1,1,1,1,2
cg06512263,1,1,1,1,1,1,1,1
cg06536614,1,1,1,1,2,1,1,1
cg06617217,1,1,1,1,1,1,2,1
cg06623827,1,1,2,2,2,1,2,2
cg06624036,2,2,1,1,2,2,2,1
cg06635900,1,1,1,1,1,1,1,2
cg06640997,1,2,2,2,0,0,0,0
cg06650246,1,2,2,2,1,1,2,0
cg06650379,2,2,1,1,0,1,0,1
cg06677321,1,0,1,1,0,0,0,2
cg06681434,2,2,1,1,1,1,1,1
cg06683316,1,1,0,0,1,0,1,0
cg06710742,1,2,2,1,0,1,1,1
cg06713675,1,2,2,2,1,1,1,1
cg06737308,1,1,1,1,1,1,1,0
cg06751366,1,1,2,2,1,1,1,1
cg06755071,1,1,0,0,0,0,0,1
cg06759314,2,2,2,2,1,1,1,2
cg06770429,1,0,0,0,0,1,1,1
cg06779847,2,1,2,2,2,1,1,0
cg06781532,1,1,1,1,1,1,1,0
cg06813419,2,2,2,2,2,2,2,2
cg06817772,1,2,2,2,1,1,1,1
cg06818052,1,0,0,0,0,0,0,0
cg06834313,1,0,0,0,0,0,0,0
cg06834998,1,1,1,1,2,1,2,2
cg06891458,1,1,1,1,2,2,2,2
cg06902099,1,1,1,1,0,0,0,1
cg06939307,1,2,2,2,1,1,1,1
cg06961233,1,2,1,1,1,1,1,1
cg06962549,1,1,1,1,1,1,1,2
cg06965195,2,2,2,2,2,1,1,2
cg07042014,1,2,2,2,0,0,0,0
cg07048527,2,2,2,2,2,1,1,0
cg07060739,1,1,0,1,0,0,0,0
cg07067710,1,1,1,1,1,1,1,1
cg07073960,1,2,2,2,1,1,1,0
cg07109804,1,2,2,2,1,1,1,2
cg07149179,1,2,1,1,1,1,1,0
cg07184237,1,2,2,2,1,1,1,0
cg07204874,0,2,1,1,0,0,0,2
cg07222861,1,2,1,1,0,1,1,2
cg07300846,1,1,2,2,2,2,2,1
cg07312051,1,2,1,1,0,0,0,0
cg07336123,1,2,1,2,1,1,0,0
cg07337250,1,2,2,1,2,2,2,2
cg07345934,0,2,2,2,2,2,2,1
cg07363270,1,2,2,2,1,1,2,2
cg07375978,0,0,0,0,0,0,0,0
cg07389611,1,1,1,1,0,1,0,0
cg07404485,2,2,1,1,0,0,0,0
cg07429623,1,1,2,2,2,1,2,2
cg07433152,1,1,0,0,0,0,0,0
cg07459594,1,0,0,0,2,1,1,0
cg07501729,1,1,1,1,1,1,1,0
cg07504727,1,2,2,2,0,0,0,1
cg07525682,1,1,1,1,0,1,1,1
cg07530063,2,2,2,2,1,2,2,2
cg07570687,2,2,0,0,2,2,2,1
cg07571734,1,2,2,2,2,1,2,2
cg07581623,1,1,1,1,0,0,0,0
cg07594247,1,1,0,0,0,1,0,0
cg07615383,1,2,2,2,2,2,2,2
cg07629965,0,1,2,2,1,1,2,1
cg07636688,1,1,2,2,2,2,2,2
cg07685357,1,2,2,2,0,0,0,0
cg07769588,2,2,2,2,2,2,2,2
cg07819160,1,0,1,1,1,1,1,1
cg07854954,1,2,2,2,1,1,2,2
cg07856155,2,1,1,2,1,1,1,1
cg07863877,1,1,1,1,2,1,2,1
cg07878514,1,1,2,1,1,1,1,1
cg07891179,0,0,0,0,0,0,0,0
cg07898446,1,1,1,1,1,1,1,1
cg07918978,1,2,2,2,2,1,2,1
cg07935886,1,0,0,0,1,1,1,1
cg07963670,1,2,2,2,0,0,0,0
cg07964754,1,1,0,0,0,1,0,0
cg07967210,1,1,1,1,1,1,1,2
cg07997737,1,2,2,1,1,1,0,0
cg07998277,0,0,0,0,0,0,0,0
cg08024887,1,0,1,0,1,1,1,1
cg08031982,1,0,0,0,0,0,0,0
cg08033722,0,0,0,0,0,0,0,0
cg08066140,1,2,2,2,2,2,2,2
cg08070327,2,2,2,2,2,1,1,2
cg08075719,1,1,0,0,0,0,1,1
cg08084655,1,1,1,1,0,0,0,0
cg08098382,1,2,2,2,1,1,2,0
cg08129953,1,0,1,1,1,1,2,2
cg08144675,1,1,1,1,2,2,2,2
cg08161163,1,2,2,2,2,2,2,1
cg08182270,0,1,0,0,1,1,1,0
cg08203788,1,2,2,2,2,1,2,2
cg08217526,1,2,1,1,1,1,1,1
cg08223357,2,1,2,2,1,1,1,1
cg08247852,1,1,1,1,1,1,1,1
cg08258506,1,1,1,1,1,1,2,0
cg08313539,1,2,1,1,1,1,1,2
cg08318732,1,2,2,2,0,0,0,0
cg08339023,1,1,1,1,0,1,0,0
cg08352422,1,0,0,0,0,0,0,0
cg08352439,1,1,0,1,1,1,1,0
cg08377819,1,1,1,1,0,1,1,2
cg08398567,1,0,0,0,0,0,0,0
cg08410996,0,0,0,0,0,0,0,0
cg08466034,1,2,2,2,0,0,0,1
cg08477332,1,2,1,1,2,1,1,1
cg08491681,1,2,1,1,1,1,1,2
cg08515442,2,2,2,2,0,1,0,1
cg08533710,1,2,2,2,2,2,2,2
cg08541895,1,0,0,1,0,0,0,0
cg08580836,1,1,1,1,1,1,1,1
cg08623383,2,2,2,2,1,1,1,1
cg08624915,1,2,2,2,1,1,2,0
cg08639762,1,1,2,2,1,1,1,2
cg08678044,1,1,1,1,0,1,1,1
cg08681685,1,0,0,0,0,1,0,0
cg08686092,1,1,1,1,1,1,1,1
cg08709360,1,1,1,1,2,0,0,0
cg08734931,2,2,2,2,1,1,1,2
cg08744475,1,1,1,1,0,0,0,1
cg08810053,1,2,1,1,1,1,1,1
cg08822523,1,2,2,2,0,0,0,0
cg08839053,1,1,2,2,1,1,2,2
cg08872493,1,2,2,2,1,1,1,1
cg08881680,1,1,1,1,2,1,1,1
cg08946854,1,2,0,0,1,1,1,1
cg08969950,1,2,2,2,2,1,2,2
cg08991437,1,2,1,1,1,1,1,1
cg09019154,0,0,0,0,0,0,0,0
cg09023624,1,0,0,0,0,0,0,0
cg09063149,1,0,0,0,0,0,0,0
cg09076339,1,1,0,1,0,1,1,0
cg09096031,2,2,2,2,1,1,1,1
cg09118625,1,1,1,1,1,1,1,1
cg09127314,0,0,0,0,0,0,0,1
cg09144964,1,1,0,1,1,1,1,1
cg09180702,1,2,0,0,1,2,0,0
cg09212597,1,2,2,2,1,1,1,1
cg09289202,0,0,0,0,0,0,0,0
cg09323728,2,2,1,1,2,1,2,2
cg09338136,1,1,2,2,1,1,1,1
cg09361469,1,2,1,1,1,1,0,1
cg09381666,1,0,0,0,0,0,0,0
cg09417038,0,0,0,0,0,0,0,0
cg09427016,1,2,2,2,1,0,0,1
cg09460553,0,1,0,0,0,0,0,0
cg09464268,1,2,2,2,1,1,1,1
cg09467607,1,1,1,1,1,1,1,1
cg09471455,1,2,2,2,0,0,0,1
cg09474442,2,2,2,2,2,2,2,2
cg09514174,0,0,0,0,1,1,1,1
cg09524686,1,1,1,1,2,2,2,2
cg09527615,1,0,0,0,0,0,0,1
cg09563777,2,2,2,2,0,1,0,1
cg09566316,2,2,1,1,0,0,0,1
cg09582042,1,2,2,2,2,2,1,1
cg09597638,1,1,1,1,1,1,1,1
cg09608949,2,2,2,2,2,1,1,1
cg09618778,1,1,1,1,0,0,0,1
cg09647867,1,2,2,2,1,1,1,0
cg09667013,0,1,0,0,0,1,0,2
cg09706021,1,0,0,0,0,1,0,1
cg09713850,1,2,1,1,0,0,1,0
cg09715059,1,1,1,1,0,1,0,0
cg09747445,1,1,0,0,1,1,1,2
cg09824603,1,2,2,2,1,1,1,0
cg09830866,2,2,2,2,2,2,2,2
cg09862733,1,2,2,2,2,2,2,1
cg09949789,1,2,1,1,1,1,1,2
cg10011623,2,2,1,1,1,1,2,1
cg10016004,2,2,2,2,2,1,1,2
cg10028549,1,0,0,0,0,1,0,0
cg10064060,1,1,1,1,0,0,0,0
cg10092265,1,1,0,0,1,1,1,1
cg10168457,1,1,2,2,1,1,1,1
cg10177528,1,1,1,1,1,1,1,2
cg10180281,1,2,2,2,2,1,2,2
cg10195146,1,2,1,1,0,0,0,1
cg10202436,1,2,2,2,1,1,0,0
cg10246448,1,1,0,0,1,1,2,1
cg10281770,1,0,0,0,0,0,0,0
cg10322794,2,2,2,2,1,1,1,1
cg10328171,1,1,1,1,1,1,1,1
cg10334976,1,2,0,0,0,0,0,1
cg10336039,2,2,2,2,2,2,2,2
cg10400081,2,2,2,2,2,2,2,2
cg10430077,1,2,2,2,0,1,0,2
cg10449558,1,2,1,1,0,0,0,1
cg10498502,2,2,2,2,0,1,0,2
cg10501602,1,1,1,1,1,1,1,1
cg10528989,1,0,1,0,0,1,0,0
cg10530568,1,1,1,1,1,1,1,1
cg10570158,2,2,2,2,0,0,0,0
cg10596483,1,2,1,1,1,1,1,1
cg10621924,1,0,0,0,0,0,0,1
cg10672416,1,2,2,2,1,1,1,0
cg10688516,1,2,2,2,2,1,1,2
cg10703884,1,2,1,1,0,1,1,0
cg10755723,1,2,2,2,0,0,0,0
cg10763374,1,2,2,1,2,1,2,2
cg10781468,2,2,2,2,0,0,0,2
cg10783797,1,2,1,2,1,1,1,2
cg10804974,2,2,2,2,0,0,0,1
cg10874314,1,0,1,0,1,0,0,1
cg10885151,0,0,0,0,0,0,0,0
cg10925640,1,0,1,1,1,1,1,0
cg10947611,0,0,0,0,0,0,0,0
cg10963793,1,0,0,0,1,1,1,1
cg10968944,1,2,2,1,0,0,0,0
cg10995755,1,1,1,1,0,1,0,1
cg11007120,2,2,2,2,1,1,2,2
cg11039913,1,1,1,1,0,1,0,1
cg11059159,2,2,2,2,2,1,2,2
cg11084470,1,1,1,1,1,1,1,0
cg11161837,1,1,1,1,1,1,1,1
cg11204139,1,2,1,1,0,1,1,1
cg11204974,0,0,0,0,0,0,0,0
cg11218619,1,2,2,2,1,1,1,2
cg11220502,2,2,2,2,2,2,2,2
cg11220732,1,2,1,1,0,0,0,0
cg11228126,0,0,0,1,2,1,2,2
cg11245181,1,1,1,1,0,0,0,0
cg11291081,1,2,2,2,2,2,2,1
cg11322797,2,2,2,2,2,2,2,2
cg11351987,1,1,1,1,0,0,0,1
cg11363527,1,1,1,1,2,1,2,2
cg11376198,1,2,1,1,1,1,1,1
cg11413657,1,1,0,0,0,0,0,1
cg11503210,1,0,1,1,0,0,0,0
cg11522683,1,2,1,1,0,1,0,1
cg11524454,1,1,2,2,0,0,0,1
cg11544420,1,2,2,2,2,1,2,2
cg11586189,2,2,2,2,2,1,2,2
cg11588844,1,1,1,1,0,1,0,1
cg11596009,1,1,1,1,1,1,0,1
cg11600596,2,2,2,2,0,1,0,1
cg11608150,1,2,1,1,1,1,1,1
cg11617938,2,2,2,2,0,1,1,1
cg11653233,2,2,1,1,1,1,1,2
cg11656177,1,2,2,2,2,2,2,2
cg11702085,1,2,1,1,2,1,1,1
cg11719362,2,2,2,2,2,2,2,2
cg11738485,2,2,2,2,2,2,2,2
cg11738486,1,1,1,1,1,0,0,1
cg11749010,0,0,0,0,0,0,0,0
cg11800117,2,2,1,2,0,1,1,2
cg11828983,2,1,1,1,1,1,1,1
cg11835209,1,2,2,2,1,0,0,0
cg11860005,0,0,0,0,0,0,0,0
cg11871991,1,2,2,2,0,0,0,0
cg11965913,0,0,0,0,0,0,1,0
cg11989576,2,2,2,2,1,1,1,1
cg12041401,2,2,2,2,2,1,2,2
cg12054318,1,2,1,1,0,1,0,1
cg12064504,2,1,1,1,2,1,2,2
cg12080831,2,2,2,1,1,1,2,1
cg12135344,1,0,0,0,0,0,0,0
cg12152384,1,2,1,1,0,1,0,2
cg12174804,0,0,0,0,0,1,0,0
cg12215294,1,1,1,1,2,1,1,1
cg12253469,1,0,1,1,2,1,1,1
cg12319143,1,2,0,0,1,0,0,0
cg12324629,2,2,2,2,2,2,2,2
cg12350309,1,2,1,1,1,1,1,1
cg12404181,1,2,1,1,1,1,1,1
cg12450708,1,2,2,2,0,0,0,0
cg12460175,1,0,0,0,1,1,0,0
cg12473775,2,2,2,2,0,1,0,1
cg12492938,1,2,2,2,2,1,2,2
cg12500876,1,1,0,0,0,0,0,0
cg12553689,1,2,2,2,2,2,2,2
cg12574576,1,2,2,1,0,1,0,0
cg12586386,1,1,1,1,1,1,1,1
cg12588917,2,2,2,2,1,1,1,1
cg12615761,1,1,1,1,1,1,1,1
cg12668399,1,2,2,2,2,1,1,0
cg12690119,1,1,1,1,1,1,1,1
cg12705353,2,2,2,2,1,2,2,2
cg12765123,1,1,0,0,0,0,0,0
cg12798194,1,0,1,1,0,0,0,0
cg12809031,1,1,1,1,0,0,0,0
cg12840312,1,2,1,1,1,1,1,1
cg12844324,1,1,1,1,1,1,1,1
cg12850379,1,1,1,1,1,1,1,1
cg12908916,1,2,2,2,0,0,0,2
cg12924430,1,1,2,2,0,1,1,1
cg12927753,1,2,1,2,1,1,1,1
cg12938556,1,1,0,0,1,0,0,1
cg12944343,1,1,0,0,0,0,0,0
cg13027206,0,0,0,0,1,1,2,1
cg13033722,1,1,1,1,1,1,1,1
cg13050716,1,0,0,0,0,1,0,0
cg13126871,1,1,1,1,0,1,0,0
cg13128596,1,1,1,1,1,1,1,1
cg13132497,1,1,1,1,0,1,0,1
cg13172549,1,0,0,0,0,0,0,0
cg13176979,1,1,1,1,1,1,1,1
cg13186228,0,0,0,0,0,0,0,0
cg13198297,1,0,0,0,0,1,0,0
cg13207180,0,0,0,0,0,0,0,0
cg13252700,1,1,1,1,0,1,1,1
cg13278353,2,2,2,2,1,1,1,1
cg13289019,1,1,1,1,1,1,1,1
cg13307058,1,1,2,2,2,1,2,2
cg13316472,1,2,1,1,0,1,0,0
cg13377056,1,1,2,2,0,0,0,0
cg13393036,1,2,2,1,2,2,1,1
cg13405775,2,1,2,1,1,1,2,1
cg13428066,1,2,2,1,0,0,0,0
cg13477101,1,1,1,1,0,1,1,1
cg13500113,1,2,2,2,1,1,0,2
cg13522882,2,2,2,1,1,1,1,2
cg13567405,1,2,2,2,1,1,0,0
cg13572782,1,0,0,0,0,1,0,1
cg13668471,1,1,1,1,0,1,0,0
cg13681655,1,2,1,2,2,1,2,2
cg13683194,2,2,2,2,0,1,0,0
cg13687570,1,0,1,1,0,0,0,0
cg13697378,1,2,1,1,1,1,1,1
cg13734401,1,1,1,2,0,0,0,0
cg13736514,1,1,1,1,0,0,0,0
cg13805518,1,1,0,1,1,1,2,1
cg13809441,0,0,0,0,0,0,0,0
cg13812291,1,2,2,2,2,2,2,2
cg13835029,2,2,2,2,2,2,2,2
cg13845105,1,2,2,2,2,1,2,2
cg13865488,1,2,1,1,2,1,1,1
cg13884376,1,1,1,1,1,1,1,1
cg13904574,1,1,1,1,1,1,1,0
cg13928427,1,0,0,0,0,1,0,0
cg13952159,1,0,0,0,0,0,0,0
cg13972423,0,0,0,0,0,0,1,0
cg13975106,1,1,0,0,0,0,0,1
cg13978566,1,0,0,0,0,0,0,0
cg13980266,2,2,2,2,1,1,0,2
cg13981838,1,1,1,1,0,1,0,2
cg13989519,1,1,1,1,0,0,0,0
cg14032732,1,2,2,2,2,1,2,2
cg14047153,2,2,2,2,0,0,0,1
cg14058329,2,2,2,2,2,2,2,2
cg14068301,2,2,2,2,2,2,2,2
cg14076977,1,2,2,2,1,1,1,2
cg14093127,1,1,1,1,1,1,1,1
cg14113351,1,1,1,1,2,2,2,1
cg14166009,1,0,1,1,0,0,0,0
cg14202048,2,2,2,2,2,2,2,2
cg14242696,1,2,2,2,2,1,2,2
cg14340463,2,1,2,2,1,1,2,2
cg14386312,1,1,0,0,0,1,0,0
cg14413354,2,1,2,2,0,0,0,0
cg14417784,1,2,1,1,1,1,0,1
cg14562054,1,1,0,0,0,0,0,0
cg14580228,1,2,2,2,2,2,2,2
cg14595683,1,1,2,2,1,1,1,2
cg14604066,1,2,2,1,0,1,0,1
cg14637144,1,2,2,2,1,1,1,2
cg14643390,1,2,1,1,0,0,0,0
cg14644378,0,0,0,0,1,1,1,0
cg14693391,0,0,0,0,1,1,1,1
cg14700230,1,1,1,1,1,1,1,1
cg14759494,2,2,1,1,0,0,0,1
cg14794655,1,2,1,1,1,1,1,0
cg14837974,1,1,1,2,0,0,0,1
cg14847483,1,1,1,1,1,1,1,1
cg14850026,1,0,0,0,0,1,0,1
cg14866167,2,2,0,1,0,1,1,0
cg14883961,1,2,2,1,2,2,2,2
cg14893161,0,0,0,0,1,1,1,1
cg14934242,2,2,2,2,2,2,2,2
cg14952312,2,2,2,2,1,1,1,1
cg14965694,0,1,0,1,1,1,2,1
cg15002904,0,0,0,0,0,0,0,0
cg15007983,0,1,1,0,2,1,1,2
cg15008743,2,2,2,2,2,1,2,2
cg15117372,1,1,2,2,0,0,0,1
cg15147215,1,1,1,1,1,1,1,1
cg15199987,2,2,2,1,2,1,1,0
cg15200445,1,1,2,2,0,0,0,0
cg15212455,0,0,0,0,0,0,0,0
cg15224459,1,1,2,1,0,1,0,0
cg15235999,1,2,2,2,2,1,0,0
cg15241074,1,2,2,2,1,1,1,2
cg15246712,1,2,2,2,0,0,0,0
cg15319824,2,2,2,2,2,2,2,2
cg15359390,1,2,2,1,0,0,0,0
cg15401418,1,2,2,2,2,2,2,2
cg15414638,1,1,1,1,1,1,1,1
cg15425811,0,0,0,0,0,0,0,0
cg15464821,0,2,2,2,2,2,2,1
cg15469871,0,0,0,0,0,0,0,0
cg15551981,1,2,2,2,2,1,2,1
cg15690542,1,2,1,1,2,2,2,2
cg15697225,1,2,2,2,1,1,1,1
cg15701794,0,0,0,0,0,0,0,0
cg15702949,1,1,1,1,0,0,0,0
cg15711727,0,0,0,0,0,0,0,0
cg15721243,2,2,2,2,2,1,2,2
cg15777261,1,2,0,1,0,1,0,2
cg15808472,1,2,2,2,0,1,0,0
cg15854394,1,2,1,1,0,1,0,0
cg15867944,1,0,0,0,0,1,0,0
cg15881597,1,2,1,0,1,1,1,0
cg15907060,2,2,2,2,2,2,1,2
cg15996644,0,0,0,0,0,1,0,1
cg16064054,0,0,0,0,0,0,0,0
cg16127514,1,0,1,1,0,0,0,0
cg16148270,1,2,1,1,1,1,1,1
cg16172549,2,2,1,1,1,0,0,1
cg16243243,1,2,2,2,0,1,0,1
cg16254756,1,2,2,1,0,1,0,0
cg16266669,1,1,2,2,1,1,2,2
cg16274899,2,2,2,2,2,2,2,1
cg16296679,1,0,0,0,1,1,1,0
cg16303742,1,2,2,1,0,0,0,0
cg16311302,2,2,2,2,2,1,2,1
cg16314899,1,2,1,1,1,1,1,1
cg16319129,1,1,1,1,1,1,1,0
cg16345566,2,2,2,2,1,1,1,0
cg16387467,1,1,2,2,1,1,2,2
cg16391973,1,2,1,1,0,1,0,0
cg16413785,1,1,1,1,1,1,1,1
cg16430166,1,1,2,2,2,2,2,1
cg16470716,1,1,1,1,1,1,1,1
cg16475891,1,2,2,2,1,1,1,1
cg16496269,0,0,0,0,0,0,0,0
cg16527418,1,0,1,0,2,2,1,2
cg16533146,1,1,1,1,2,1,0,2
cg16585333,1,1,1,1,2,1,1,1
cg16602369,0,0,0,0,0,1,0,0
cg16645423,2,2,0,0,2,1,1,1
cg16659026,0,1,0,0,2,2,2,2
cg16664617,1,1,1,1,1,1,1,1
cg16681083,1,0,0,0,0,1,1,0
cg16714096,1,2,2,2,1,1,2,2
cg16717267,1,2,0,0,0,1,0,0
cg16735509,1,1,1,1,1,1,1,1
cg16743289,1,0,0,0,0,0,0,0
cg16752400,1,2,1,1,0,0,0,0
cg16814023,1,2,2,2,2,2,2,2
cg16852440,1,0,0,0,0,0,0,0
cg16893174,1,1,1,1,0,0,0,1
cg17006282,1,0,0,1,1,1,1,1
cg17016000,1,0,0,0,0,0,0,0
cg17074431,1,2,2,2,2,1,2,2
cg17098387,1,2,1,1,2,1,1,2
cg17118836,2,2,2,2,2,1,2,2
cg17174814,1,1,0,0,1,1,1,1
cg17186388,0,0,0,0,0,0,0,0
cg17191109,0,1,0,0,0,1,0,0
cg17254383,1,2,2,2,0,0,0,0
cg17259096,1,0,2,2,0,0,1,0
cg17306686,1,1,1,1,1,1,1,1
cg17333886,1,1,1,1,0,0,1,0
cg17393917,1,1,1,2,2,1,2,2
cg17397069,1,2,1,1,2,1,2,2
cg17420585,1,0,0,0,0,0,0,0
cg17434008,1,2,2,2,2,1,2,2
cg17445212,1,1,0,0,0,0,0,0
cg17468100,0,0,0,0,0,0,0,0
cg17491987,0,0,0,0,0,0,0,0
cg17500703,1,2,2,2,0,0,0,0
cg17511472,1,0,0,0,0,0,0,0
cg17605021,1,1,1,1,1,1,1,1
cg17610933,1,2,1,1,2,2,2,1
cg17668731,1,2,2,2,0,0,0,1
cg17680092,1,2,1,1,0,0,0,1
cg17692971,1,2,2,2,0,1,0,0
cg17694351,1,0,1,1,1,1,1,1
cg17713488,0,0,1,0,0,0,0,0
cg17723381,1,2,1,2,0,0,0,0
cg17795240,1,2,1,1,0,0,0,0
cg17805072,1,2,2,2,1,1,2,1
cg17820828,1,1,1,1,1,1,1,1
cg17839611,1,2,2,2,1,1,1,0
cg17877220,1,0,2,2,2,1,2,2
cg17961725,1,1,1,1,2,2,1,1
cg18005867,1,1,0,0,0,0,0,0
cg18046394,1,0,1,0,1,1,1,1
cg18059933,1,2,2,2,1,1,1,2
cg18104242,1,1,1,1,1,1,1,1
cg18110333,1,1,1,1,2,1,1,1
cg18168249,1,2,0,1,0,1,0,0
cg18209323,1,2,2,2,2,2,2,2
cg18222865,2,2,2,2,2,2,2,2
cg18232861,2,2,2,2,1,1,1,1
cg18241308,2,2,2,2,2,2,1,2
cg18269963,2,2,2,1,2,1,1,0
cg18279536,1,0,0,0,1,0,0,0
cg18320188,1,2,2,2,1,1,2,1
cg18322025,1,1,1,1,2,1,1,1
cg18330203,1,2,1,1,2,1,1,1
cg18335505,2,2,2,2,1,1,1,2
cg18351329,1,2,2,2,1,1,2,2
cg18352516,2,2,2,2,0,1,0,2
cg18368411,0,0,0,0,0,1,1,0
cg18372208,1,1,1,1,1,1,1,1
cg18402987,2,2,2,2,2,2,2,2
cg18448614,1,0,0,0,1,1,1,0
cg18449021,1,2,2,2,1,1,2,1
cg18460830,1,1,1,1,1,1,1,0
cg18464823,1,1,1,1,1,1,1,0
cg18467189,1,2,2,2,1,1,0,0
cg18482112,2,1,1,1,2,1,1,1
cg18506672,1,1,1,1,1,1,1,1
cg18507732,1,1,1,1,1,1,1,0
cg18520517,2,2,2,2,1,1,0,2
cg18522231,2,2,2,2,2,2,2,2
cg18558073,1,2,1,1,1,1,1,1
cg18571156,2,2,2,2,2,2,2,2
cg18587504,0,0,0,0,0,0,0,0
cg18587557,1,1,2,2,1,1,1,1
cg18634560,1,0,0,0,0,1,0,0
cg18648917,1,2,0,0,0,0,0,0
cg18665594,1,2,1,1,1,1,1,1
cg18670770,0,0,0,0,1,1,2,2
cg18678645,1,2,1,1,1,1,1,1
cg18693051,1,0,0,0,0,1,0,0
cg18707489,1,1,1,1,1,1,1,0
cg18713748,1,2,2,2,1,1,1,2
cg18735089,1,2,1,1,2,2,1,1
cg18792146,1,2,2,2,2,2,2,2
cg18850089,0,1,1,1,0,0,0,1
cg18856614,2,0,2,2,1,1,1,1
cg18857062,0,0,0,0,0,0,0,0
cg18865445,1,1,1,1,0,1,1,1
cg18912107,1,2,1,1,2,1,2,0
cg18934443,1,0,0,0,1,1,1,1
cg19002149,1,2,2,2,1,2,2,1
cg19003815,1,1,1,1,2,2,2,2
cg19050152,1,1,0,0,0,0,0,0
cg19098465,1,1,0,0,1,0,0,0
cg19101232,1,0,0,0,0,1,0,0
cg19107578,1,1,0,0,0,0,0,0
cg19117047,1,2,1,1,0,0,0,0
cg19149522,1,1,0,0,1,1,1,0
cg19183879,1,2,2,2,2,1,2,0
cg19186380,1,0,0,0,2,2,2,2
cg19190762,1,1,1,1,0,0,0,0
cg19196401,0,1,1,1,0,1,0,0
cg19257832,1,0,0,0,0,0,0,1
cg19327615,1,2,2,2,2,1,2,1
cg19333883,1,1,1,1,2,1,2,2
cg19335130,1,2,1,1,1,1,2,0
cg19375981,1,1,0,0,0,0,0,1
cg19455642,1,1,0,0,0,0,0,1
cg19480425,1,1,1,1,0,1,0,1
cg19566774,2,2,2,2,2,2,2,0
cg19572487,1,1,1,1,1,1,1,1
cg19579217,1,1,1,1,1,1,1,1
cg19584649,2,2,2,2,2,1,2,2
cg19658332,0,2,1,1,1,1,1,0
cg19660806,2,2,1,2,2,1,2,1
cg19678392,2,2,2,2,2,1,1,2
cg19701879,1,2,2,2,0,0,1,1
cg19730268,1,0,0,0,0,0,0,1
cg19811337,1,2,1,1,1,1,1,1
cg19820328,1,1,0,0,1,1,1,1
cg19970883,1,1,1,1,1,1,0,0
cg19977004,1,1,1,1,0,1,0,0
cg19978674,2,2,1,1,0,1,0,1
cg19980929,1,2,2,2,2,2,2,2
cg19998073,1,2,1,1,1,1,1,1
cg19998150,1,1,1,1,0,0,0,0
cg20008140,1,2,1,1,2,1,1,1
cg20016411,1,1,0,0,1,1,1,1
cg20018425,1,2,1,1,0,0,0,0
cg20060685,1,1,2,2,2,2,2,2
cg20104774,2,2,2,2,2,2,2,2
cg20117519,1,1,1,1,0,0,0,1
cg20119798,1,1,1,1,1,1,1,0
cg20131596,1,2,1,1,0,0,0,0
cg20165520,1,2,1,1,1,1,1,1
cg20174730,1,2,1,1,1,1,1,1
cg20176388,0,1,0,0,0,0,0,0
cg20181209,1,1,0,0,0,0,0,0
cg20222562,2,2,2,2,1,2,2,1
cg20268039,1,2,2,2,2,1,2,1
cg20276677,1,0,0,0,0,0,0,0
cg20309640,1,1,1,0,1,1,0,0
cg20340346,1,1,0,0,0,1,0,1
cg20375709,1,1,1,1,1,1,1,1
cg20379593,1,2,1,1,2,1,2,1
cg20388732,2,2,2,2,1,1,2,2
cg20432671,0,0,0,0,0,1,0,0
cg20458044,1,1,2,2,1,1,2,2
cg20504791,0,0,0,0,1,1,1,2
cg20513206,1,2,2,2,2,2,2,2
cg20515136,1,1,0,1,1,1,1,1
cg20519373,1,2,1,1,1,1,1,2
cg20569203,1,2,1,1,0,0,0,0
cg20570109,2,2,2,2,2,2,2,2
cg20630655,1,2,2,2,2,2,2,2
cg20660989,1,0,0,0,0,1,0,0
cg20677143,1,2,2,2,2,2,2,2
cg20715295,0,0,1,1,1,1,0,0
cg20740051,1,2,1,1,2,2,2,1
cg20743744,1,1,0,1,0,0,0,0
cg20747739,1,0,0,0,0,1,0,0
cg20770409,1,1,0,0,1,1,1,1
cg20801007,1,1,1,1,2,0,0,1
cg20848291,1,1,1,1,0,1,0,0
cg20885179,0,0,0,0,0,0,0,0
cg20911165,1,0,0,0,0,0,0,0
cg20956390,1,2,2,2,1,1,1,1
cg21010569,1,1,0,0,0,0,0,0
cg21041888,2,2,2,1,0,0,0,1
cg21051519,1,0,1,1,2,1,1,1
cg21061071,2,2,2,2,0,1,0,1
cg21073930,1,0,0,0,0,1,0,0
cg21103992,1,0,0,0,0,0,0,0
cg21109167,1,2,1,1,2,2,2,2
cg21116457,1,0,0,0,2,1,1,0
cg21147203,1,1,1,1,0,0,0,0
cg21153160,1,1,1,1,1,1,1,2
cg21159260,1,1,0,0,1,0,0,0
cg21179831,1,2,1,2,2,2,2,2
cg21183502,2,2,1,1,1,2,2,2
cg21220403,2,2,2,2,1,1,1,0
cg21235119,2,2,2,2,1,1,0,2
cg21361856,1,2,1,1,1,1,2,1
cg21371809,1,1,2,2,0,0,0,0
cg21392385,1,1,1,1,2,2,2,1
cg21468274,1,1,1,0,2,1,1,1
cg21500126,2,2,2,2,0,1,0,0
cg21521117,1,2,1,1,2,1,1,1
cg21523688,1,1,1,1,0,1,1,1
cg21548813,1,2,1,1,1,1,1,1
cg21573200,1,1,2,2,2,2,2,2
cg21580428,1,2,2,2,0,1,0,1
cg21583723,1,1,1,1,1,1,1,1
cg21610815,1,1,1,1,0,1,0,1
cg21626848,1,0,0,0,2,1,1,1
cg21646955,1,0,0,0,0,1,1,1
cg21665744,1,0,0,0,0,0,0,1
cg21702011,1,1,2,2,0,1,0,1
cg21746425,1,1,2,2,1,1,2,2
cg21750887,1,0,0,0,0,0,0,0
cg21790715,1,2,2,2,0,0,0,0
cg21838488,1,2,2,2,1,1,1,2
cg21859290,2,2,1,1,2,2,2,2
cg21865657,2,2,1,1,2,2,1,1
cg21910650,1,2,1,1,2,1,2,2
cg21915449,1,0,1,2,1,1,1,1
cg22033281,1,2,1,2,0,1,1,1
cg22109795,1,2,2,2,2,1,1,1
cg22115748,0,0,0,0,1,0,1,0
cg22212414,0,0,0,0,0,0,0,0
cg22234712,0,0,0,0,2,1,1,1
cg22264616,2,2,1,1,0,0,0,0
cg22307029,1,0,0,0,0,0,0,0
cg22321572,0,0,0,0,0,0,0,0
cg22358580,1,1,1,1,2,2,2,2
cg22407822,1,2,0,0,2,2,1,1
cg22407942,0,0,0,0,0,1,0,0
cg22466678,1,0,0,0,0,1,0,0
cg22533683,1,2,2,2,2,1,2,2
cg22555495,1,1,1,1,1,1,1,1
cg22590775,1,0,0,0,0,0,0,0
cg22595230,1,2,0,0,1,1,2,1
cg22611163,2,2,2,2,2,2,2,2
cg22622123,2,1,2,2,0,0,0,1
cg22677858,1,2,2,2,1,1,1,1
cg22684041,1,1,2,2,0,1,1,1
cg22697853,1,2,1,1,2,2,1,0
cg22705959,2,2,2,2,1,1,1,1
cg22721998,1,1,1,1,0,0,0,1
cg22784187,1,1,1,1,2,1,1,1
cg22796248,1,1,0,1,0,0,0,0
cg22827806,0,1,0,0,0,0,0,0
cg22833175,1,1,1,0,2,2,0,1
cg22841772,0,1,1,1,0,0,0,0
cg22867156,1,2,2,2,2,1,2,2
cg22872064,1,1,0,0,0,1,0,0
cg22879626,1,2,2,2,1,1,1,1
cg22894896,2,2,2,2,2,1,2,2
cg22898082,1,2,2,2,2,2,2,2
cg22901840,1,1,1,1,2,1,1,1
cg22960869,1,1,1,1,0,1,1,1
cg22984769,1,1,1,1,1,1,1,1
cg23003926,1,1,2,2,1,1,1,0
cg23013853,1,0,2,2,0,0,0,1
cg23053407,0,0,0,0,0,0,0,0
cg23054121,2,1,1,1,2,2,2,2
cg23107878,1,0,0,0,0,0,0,0
cg23168425,2,2,1,1,1,0,0,1
cg23181159,1,1,0,0,0,0,0,0
cg23217680,1,2,2,2,2,1,2,1
cg23221052,1,1,1,1,1,1,1,1
cg23226914,2,2,2,2,2,2,2,2
cg23284609,1,1,1,1,0,0,0,1
cg23303188,1,2,1,2,0,0,0,0
cg23323891,2,1,1,1,0,0,0,1
cg23331961,1,2,0,0,0,0,0,1
cg23396177,1,1,1,1,0,0,0,0
cg23409168,2,1,1,1,0,1,0,2
cg23423227,1,2,2,2,1,1,1,1
cg23425316,1,1,1,1,1,2,2,1
cg23445878,1,1,1,1,1,1,1,1
cg23453353,1,1,2,2,0,0,0,1
cg23490300,2,2,2,2,1,1,1,2
cg23496516,1,1,2,2,1,1,2,2
cg23499929,2,2,2,2,2,2,2,2
cg23562538,1,1,0,0,0,0,0,0
cg23573129,1,2,1,1,1,1,1,1
cg23622616,1,1,0,0,1,1,1,0
cg23658684,2,2,1,1,1,1,1,2
cg23708337,2,2,2,2,2,2,2,2
cg23732725,2,2,2,2,0,0,0,1
cg23746600,1,2,2,2,2,1,2,0
cg23748340,1,1,1,1,2,2,2,2
cg23759393,2,2,2,2,2,2,2,2
cg23796525,1,2,2,2,0,1,1,0
cg23884217,1,1,1,0,0,0,0,0
cg23892836,2,2,2,2,1,1,1,1
cg23921523,1,2,1,1,2,1,1,1
cg23929194,1,1,1,0,1,1,2,0
cg23933095,2,1,1,1,1,1,0,0
cg23942311,1,1,1,1,0,0,0,1
cg23971381,1,2,1,1,1,1,1,1
cg24008358,1,2,2,2,0,0,0,1
cg24033859,2,1,2,1,0,1,0,0
cg24048949,1,2,1,1,0,0,0,0
cg24061122,1,1,0,0,0,0,0,0
cg24128316,1,1,1,1,1,1,1,1
cg24195486,2,1,1,1,2,1,1,2
cg24218620,1,2,1,2,1,1,1,1
cg24317406,1,0,0,0,0,0,0,0
cg24319836,1,0,0,1,0,0,0,1
cg24322968,1,0,1,1,1,2,2,1
cg24324837,0,0,0,0,0,0,0,0
cg24334149,1,1,2,2,0,0,0,0
cg24345747,1,1,1,1,0,1,0,0
cg24358846,1,1,0,0,0,0,0,0
cg24395504,2,2,2,1,0,0,0,2
cg24421906,1,2,1,1,1,1,1,1
cg24429310,1,0,1,1,1,1,0,1
cg24460268,2,2,2,2,2,2,2,2
cg24482350,1,2,1,2,1,1,1,2
cg24496563,2,2,2,2,0,1,0,2
cg24512973,1,1,1,1,1,1,1,2
cg24542929,1,1,0,1,1,1,0,1
cg24576358,1,2,2,1,1,0,1,2
cg24581226,1,2,2,2,2,2,2,2
cg24585203,1,2,2,2,1,0,1,1
cg24601559,1,0,1,1,0,1,1,1
cg24617313,1,2,1,2,1,1,1,1
cg24624505,1,0,0,0,0,0,0,0
cg24631482,0,0,0,0,0,0,0,0
cg24642523,1,2,2,2,2,2,2,2
cg24670552,2,2,2,2,2,2,2,2
cg24687529,2,2,2,2,2,2,2,2
cg24691910,2,2,2,2,1,1,2,1
cg24702253,1,2,1,2,1,1,1,2
cg24733637,1,1,1,1,1,1,1,1
cg24754277,1,2,1,1,2,1,2,2
cg24776142,2,2,2,2,1,1,0,2
cg24834889,0,0,0,0,0,0,0,0
cg24843346,1,1,1,1,2,2,2,1
cg24854704,1,0,0,0,0,0,0,0
cg24865779,0,0,0,0,0,0,0,0
cg24869601,0,0,0,0,0,0,0,0
cg24907011,1,2,1,1,0,0,0,0
cg24907270,1,0,0,0,0,0,0,1
cg24920358,2,2,2,2,2,2,2,2
cg24928110,1,0,0,0,1,1,1,0
cg24961795,1,1,1,0,2,2,2,0
cg24969520,1,2,1,1,2,1,2,1
cg25023298,0,0,0,0,0,0,0,0
cg25025879,1,0,0,0,0,0,0,0
cg25043559,2,2,2,2,2,2,2,2
cg25048985,1,1,1,1,0,1,0,1
cg25090994,2,2,2,2,1,1,1,2
cg25123266,1,0,1,1,0,0,0,0
cg25130385,1,2,2,2,2,2,2,2
cg25206536,2,2,2,2,1,1,1,1
cg25223285,2,2,2,2,2,2,2,2
cg25262528,2,2,2,2,1,1,2,2
cg25264265,1,2,1,1,2,2,1,2
cg25299750,0,0,0,0,0,0,0,0
cg25309343,1,1,0,0,1,1,1,1
cg25340403,1,1,2,2,0,1,1,0
cg25340688,1,1,1,1,1,1,1,1
cg25350411,1,2,1,1,2,1,1,1
cg25352397,1,0,0,0,0,0,0,0
cg25390165,2,2,2,2,2,2,2,2
cg25477813,1,1,1,1,0,0,0,1
cg25526039,1,2,2,2,1,1,1,2
cg25560247,1,2,2,2,1,1,2,2
cg25629418,1,2,1,1,2,1,1,2
cg25634141,1,0,0,1,0,0,0,1
cg25652454,1,2,1,1,0,0,0,1
cg25652742,2,2,2,2,2,1,1,1
cg25742326,1,1,2,2,1,1,1,0
cg25771195,1,0,1,1,0,0,0,1
cg25786696,1,0,0,0,1,1,0,2
cg25801742,1,1,1,1,0,1,1,2
cg25815440,1,2,2,2,2,1,1,1
cg25877436,2,2,2,2,2,1,2,2
cg25914921,1,2,1,1,0,0,0,0
cg25986202,1,2,1,1,0,0,0,0
cg26064535,1,2,1,2,0,1,0,0
cg26090062,1,2,1,1,0,0,0,1
cg26127836,1,1,1,1,1,1,1,1
cg26143719,1,0,0,0,0,0,0,0
cg26148377,1,1,1,1,0,1,0,1
cg26154714,1,2,2,2,1,1,0,1
cg26172504,1,2,2,2,2,1,1,2
cg26195495,2,2,1,1,0,0,0,0
cg26224060,1,2,2,2,2,1,1,1
cg26234900,1,2,0,1,2,2,1,0
cg26239297,1,2,2,1,0,1,0,0
cg26250400,1,1,1,1,2,2,2,2
cg26262055,1,1,1,1,1,1,1,1
cg26270695,1,1,1,1,0,0,0,0
cg26313699,1,0,0,0,1,1,1,2
cg26338947,1,1,0,0,0,0,0,0
cg26527457,1,0,0,0,0,1,0,0
cg26536593,1,2,2,2,0,0,0,0
cg26539631,2,2,1,1,1,1,1,0
cg26639479,2,2,2,1,1,1,0,1
cg26667586,1,2,2,2,1,1,0,1
cg26681628,1,1,1,1,1,1,1,1
cg26707664,1,1,1,1,0,1,0,0
cg26725201,2,2,2,2,2,2,2,2
cg26734888,1,0,1,1,0,1,0,0
cg26750617,2,2,2,2,2,2,2,2
cg26750927,1,2,2,2,0,0,0,1
cg26779676,2,2,2,2,2,2,2,1
cg26802564,0,0,0,0,0,0,0,0
cg26850624,1,2,2,2,0,1,1,1
cg26857315,1,1,2,2,2,2,2,2
cg26896946,1,1,1,1,1,1,1,1
cg26924440,2,2,2,2,2,2,2,2
cg26960833,1,1,1,1,1,1,2,1
cg26985203,1,1,1,1,1,1,1,1
cg26992600,2,2,2,1,2,2,1,2
cg27039625,1,1,1,1,0,0,0,1
cg27130359,0,0,0,0,0,0,0,1
cg27134767,1,1,1,1,0,1,0,0
cg27177158,1,2,2,2,1,1,1,2
cg27200630,1,1,1,1,0,0,0,0
cg27203184,1,0,1,1,0,1,1,1
cg27216076,1,2,2,2,2,2,2,2
cg27237671,1,1,1,1,1,1,1,2
cg27300647,1,0,0,0,0,0,1,1
cg27333706,2,2,2,2,0,0,0,0
cg27333886,1,2,1,1,1,1,1,0
cg27345989,1,1,0,1,0,1,1,0
cg27361914,1,2,2,2,0,1,0,2
cg27366882,1,1,0,0,0,0,0,0
cg27370104,1,1,2,2,1,1,0,2
cg27375286,2,2,2,2,2,1,2,2
cg27396056,1,1,1,1,1,1,1,1
cg27398720,2,1,2,2,2,1,2,2
cg27416898,1,2,2,2,0,0,0,0
cg27427491,1,2,1,1,0,0,0,1
cg27454412,0,0,0,0,0,1,0,0
cg27480580,1,1,0,0,1,1,0,0
cg27485402,0,0,0,1,1,1,1,0
cg27493010,1,2,2,2,2,2,2,2
cg27496296,1,2,0,1,2,2,1,2
cg27571374,1,2,2,2,1,1,1,1
cg27620317,1,2,2,2,2,2,2,2
