Labels,IA1,IA-11,IA-12,IA-13,IB2,IB-14,IB-15,IB-16
cg00024494,2,1,2,2,2,2,2,2
cg00034101,2,2,2,2,2,2,2,2
cg00078857,2,2,2,2,2,2,2,2
cg00107579,1,1,1,1,1,2,1,1
cg00153919,1,1,1,1,0,0,0,1
cg00292669,1,1,1,1,1,1,1,1
cg00301396,2,2,2,2,2,2,2,2
cg00361017,2,2,2,2,2,2,2,2
cg00369376,1,1,1,0,0,0,0,0
cg00381755,2,2,2,2,2,2,2,2
cg00384205,1,2,2,2,1,2,2,2
cg00397910,1,1,1,1,1,1,1,1
cg00408773,1,1,1,1,1,1,1,1
cg00428638,1,1,1,1,2,1,2,2
cg00431565,2,2,1,1,1,1,1,1
cg00473597,2,2,2,2,1,1,1,1
cg00504902,2,2,2,2,1,1,1,1
cg00604454,1,1,1,1,2,2,2,2
cg00610991,1,1,2,1,1,1,1,1
cg00619263,2,2,2,2,2,2,2,2
cg00631327,0,0,0,0,0,0,0,0
cg00631329,2,2,2,2,2,2,2,2
cg00659077,2,2,2,2,1,0,1,1
cg00666014,0,0,0,0,0,0,0,0
cg00666422,1,1,2,1,1,1,1,1
cg00718336,2,1,1,1,1,1,1,1
cg00739471,2,1,2,2,2,2,2,2
cg00753924,1,1,1,1,2,2,2,2
cg00807197,2,2,2,2,1,1,1,1
cg00813752,2,2,2,2,2,2,2,2
cg00851732,1,1,1,1,1,1,1,1
cg00871610,2,2,2,2,2,2,2,2
cg00899350,2,2,2,2,1,1,1,1
cg00918181,2,2,2,2,2,2,2,2
cg00923880,2,2,2,2,2,2,2,2
cg00930606,1,1,0,1,2,2,2,2
cg00953006,2,1,2,1,2,1,1,1
cg00973118,0,0,0,0,0,0,0,0
cg00980622,2,2,1,2,1,2,2,1
cg01000188,2,2,2,2,2,1,2,1
cg01017147,2,2,2,2,2,2,2,2
cg01066431,1,1,1,1,2,2,2,2
cg01078772,2,2,2,2,2,2,2,2
cg01094192,1,1,1,1,1,1,1,1
cg01094687,2,1,2,1,1,1,1,1
cg01094748,0,0,0,0,0,0,0,0
cg01101873,1,1,2,2,1,1,1,1
cg01104306,1,1,1,1,1,1,1,1
cg01126532,2,2,2,2,2,2,2,2
cg01156747,1,2,1,1,1,1,1,1
cg01165661,0,0,0,1,1,1,1,1
cg01169021,1,0,1,1,1,1,1,1
cg01180479,0,0,0,0,0,0,0,0
cg01196336,2,2,2,2,2,2,2,2
cg01208566,1,1,1,1,2,2,2,2
cg01218619,2,2,2,2,2,2,2,2
cg01219135,2,2,2,2,2,2,2,2
cg01223011,1,1,1,1,1,1,1,1
cg01242676,1,1,1,1,0,1,0,0
cg01248445,2,2,2,2,2,2,2,2
cg01270593,2,2,2,2,2,2,2,2
cg01274753,1,2,2,1,2,2,2,2
cg01293179,2,2,2,2,2,1,2,2
cg01301319,1,1,1,1,2,2,2,2
cg01309328,1,1,1,1,1,1,1,1
cg01314743,1,1,1,1,1,1,1,1
cg01324343,1,1,1,1,1,1,1,1
cg01351327,1,1,1,2,2,2,2,2
cg01359962,1,1,1,1,1,1,1,1
cg01365639,1,2,1,1,1,1,1,1
cg01396157,1,1,1,1,1,1,1,1
cg01426903,2,2,2,2,2,2,2,2
cg01435791,2,1,2,2,2,2,2,2
cg01439322,2,1,2,1,2,2,2,2
cg01484296,2,2,2,2,2,2,2,2
cg01485549,2,2,1,2,2,2,2,1
cg01530154,2,2,2,1,2,2,2,2
cg01552731,1,1,1,1,1,2,1,1
cg01569709,1,1,1,1,1,1,1,1
cg01584932,2,2,2,2,2,1,2,2
cg01601299,1,1,1,1,1,1,1,1
cg01607530,2,2,2,2,2,2,2,2
cg01613691,2,2,2,2,2,1,1,1
cg01622416,1,1,1,1,1,1,1,1
cg01646323,1,1,1,1,2,2,2,2
cg01758314,0,0,0,0,1,1,1,1
cg01806192,2,2,1,2,2,1,1,1
cg01809217,2,2,2,2,2,2,2,2
cg01830073,1,1,0,1,1,1,2,1
cg01870826,1,1,1,1,2,2,2,2
cg01874867,2,2,2,2,2,2,2,2
cg01894498,2,2,2,2,2,2,2,2
cg01905633,1,1,1,1,1,1,1,1
cg01987333,2,2,1,2,2,2,2,2
cg02032841,2,2,2,2,2,2,2,2
cg02067022,2,2,2,2,2,1,1,2
cg02105042,1,1,1,1,1,1,1,1
cg02158486,2,2,2,2,2,2,2,2
cg02228675,1,1,1,1,1,1,1,1
cg02238549,1,1,1,2,2,2,2,2
cg02273436,2,2,1,1,2,2,2,2
cg02274366,0,0,0,0,1,1,1,1
cg02278114,1,1,1,1,1,1,1,1
cg02315096,1,1,1,1,1,1,1,1
cg02326224,2,2,2,2,2,2,2,2
cg02331649,1,2,2,2,2,2,2,2
cg02400092,1,1,1,1,1,1,1,1
cg02421962,1,1,1,1,1,1,1,1
cg02426999,1,1,2,1,2,2,2,2
cg02428792,2,2,2,2,2,2,2,2
cg02450064,1,1,1,1,1,1,1,1
cg02473254,0,0,0,1,0,1,0,0
cg02484210,2,2,2,2,1,1,1,1
cg02498063,1,1,1,1,2,2,2,2
cg02508651,2,2,2,2,1,1,1,1
cg02518216,2,2,2,2,2,2,2,2
cg02531924,2,2,2,2,1,2,1,1
cg02546490,0,0,0,0,2,2,1,1
cg02552250,2,2,2,2,2,2,1,1
cg02586712,1,1,1,1,1,2,1,2
cg02596779,1,1,2,2,1,1,1,1
cg02607237,1,1,1,1,1,1,1,1
cg02616710,2,2,2,2,2,2,2,2
cg02621481,1,1,1,1,2,1,1,2
cg02624836,2,1,2,1,1,1,1,1
cg02641400,2,2,2,2,0,0,0,0
cg02645340,2,2,2,2,2,2,2,2
cg02675527,2,1,1,1,1,1,1,1
cg02736908,1,1,1,1,1,2,1,1
cg02738086,2,1,2,2,1,1,1,1
cg02744588,2,2,2,2,2,2,2,2
cg02753027,1,1,1,1,2,2,2,2
cg02796478,2,2,2,2,2,2,2,2
cg02799427,2,2,2,2,1,1,1,1
cg02872426,2,1,1,2,1,1,1,1
cg02881189,2,2,2,2,2,2,2,2
cg02942766,2,2,2,2,2,2,2,2
cg02971253,2,2,1,1,1,2,1,1
cg03041510,1,1,1,1,1,2,1,1
cg03047995,2,2,2,2,2,2,2,2
cg03095800,1,2,2,2,1,1,1,1
cg03147184,1,1,1,1,1,1,1,1
cg03176993,2,2,2,2,1,2,2,2
cg03179435,1,1,1,2,2,2,2,2
cg03190769,2,2,2,1,2,2,2,2
cg03207666,2,2,2,2,2,2,2,2
cg03209871,0,0,0,1,0,0,0,0
cg03242666,2,2,2,2,2,2,2,2
cg03270395,2,2,2,2,2,2,2,1
cg03271533,1,1,0,1,0,1,0,0
cg03278811,0,0,0,0,0,0,0,0
cg03297163,2,2,2,2,2,2,2,2
cg03315344,1,1,1,2,2,2,2,2
cg03325664,2,2,2,2,2,2,2,2
cg03330678,2,2,2,2,2,2,2,2
cg03370951,2,2,2,2,2,2,2,2
cg03395511,1,1,1,1,1,1,1,1
cg03421353,2,2,2,2,1,1,1,1
cg03428047,1,2,1,1,2,2,2,2
cg03428864,2,2,2,2,2,2,2,2
cg03433986,2,2,2,2,2,2,2,2
cg03444077,2,2,2,2,2,2,2,2
cg03481509,2,2,1,1,1,1,1,1
cg03520938,2,2,2,2,2,2,2,2
cg03556313,2,2,2,2,2,2,2,2
cg03611551,1,1,1,1,2,1,1,1
cg03646740,1,1,1,1,0,1,0,0
cg03669367,2,2,2,2,1,2,2,2
cg03695236,2,2,2,2,2,2,2,2
cg03706720,1,1,1,0,1,1,1,1
cg03721454,1,1,1,1,1,1,1,1
cg03738707,2,2,2,2,2,2,2,2
cg03753385,1,1,1,1,1,1,1,1
cg03755052,1,1,1,1,2,2,2,2
cg03804621,1,1,1,1,1,1,1,1
cg03826642,2,2,2,2,2,2,2,2
cg03848129,1,2,1,1,1,1,1,1
cg03880506,2,2,2,2,2,2,2,2
cg03880611,1,1,1,1,0,0,0,0
cg03889540,2,2,2,2,2,2,2,2
cg03894068,2,2,2,2,2,2,2,2
cg03898952,1,1,1,1,1,1,1,1
cg03906434,0,0,0,0,0,0,0,0
cg04006327,1,1,1,1,0,0,0,0
cg04019914,2,2,2,2,2,2,2,2
cg04036777,1,1,1,1,1,1,1,1
cg04060561,1,1,1,1,1,1,1,1
cg04070847,1,1,1,1,0,0,0,0
cg04131969,0,0,0,0,0,0,0,0
cg04141796,2,2,2,2,2,2,2,2
cg04156219,2,2,2,2,2,2,2,2
cg04176472,2,2,2,2,1,1,1,1
cg04178523,1,1,1,1,1,1,1,1
cg04216235,1,2,2,1,2,2,2,2
cg04217706,2,2,2,2,2,2,2,2
cg04264002,1,1,1,1,1,1,1,1
cg04362989,2,2,2,2,2,2,2,2
cg04391463,2,2,2,2,2,1,1,1
cg04410756,2,1,2,2,2,1,2,1
cg04454285,1,1,1,1,1,1,1,1
cg04481923,2,2,2,2,2,2,2,2
cg04520704,1,1,0,1,1,1,1,1
cg04522575,2,2,1,2,1,1,1,1
cg04547181,1,1,1,1,0,0,1,1
cg04548463,2,2,2,2,2,2,2,2
cg04605697,1,1,2,1,1,1,1,1
cg04630490,1,1,2,2,2,2,2,2
cg04653913,1,1,1,1,1,1,1,1
cg04657146,1,1,1,1,1,1,1,1
cg04671734,2,2,2,2,2,2,2,2
cg04672622,1,1,1,1,0,0,0,0
cg04672903,2,2,2,2,2,2,2,2
cg04713352,0,1,1,1,0,0,0,0
cg04726821,0,0,0,1,1,2,2,1
cg04736911,1,1,1,2,2,2,2,2
cg04737881,1,1,1,1,2,1,1,1
cg04741118,1,1,1,1,1,1,1,1
cg04748010,1,1,1,1,2,1,1,1
cg04781305,1,1,1,1,1,1,1,1
cg04783231,1,2,2,2,2,2,2,2
cg04811114,2,2,1,2,1,2,1,1
cg04876069,1,1,1,1,1,2,2,1
cg04885881,1,1,1,1,0,0,0,0
cg04889800,2,2,2,2,2,2,2,2
cg04908961,1,1,1,1,1,1,1,1
cg04931238,2,1,1,2,1,1,1,1
cg04981007,1,1,1,2,2,2,2,2
cg05004973,1,1,1,1,2,2,2,1
cg05005343,1,1,0,1,1,1,1,1
cg05020125,0,0,0,0,1,0,0,0
cg05030553,2,2,2,2,1,1,1,1
cg05090351,0,0,0,0,0,0,0,0
cg05149097,1,1,1,1,1,1,1,1
cg05168764,2,2,2,2,1,1,1,1
cg05180717,2,2,2,2,2,2,2,2
cg05182265,1,1,1,1,1,0,1,1
cg05254095,1,1,1,1,1,1,1,1
cg05275595,1,1,1,1,1,1,1,1
cg05277122,2,2,2,2,2,2,2,2
cg05292376,1,1,1,1,1,1,1,1
cg05307301,1,1,0,1,0,0,0,0
cg05308504,2,2,2,2,2,2,2,2
cg05353869,2,2,2,2,2,2,2,2
cg05360958,2,2,2,2,1,2,1,1
cg05365735,2,2,2,2,2,1,2,1
cg05371332,1,1,1,1,2,2,2,2
cg05379541,2,1,2,2,2,1,2,1
cg05385718,1,1,1,1,1,1,1,1
cg05403689,2,2,2,2,2,2,2,2
cg05424333,1,1,1,2,1,1,1,1
cg05454501,2,2,2,2,2,2,2,2
cg05460318,1,1,1,1,1,1,1,1
cg05509609,1,1,1,1,1,1,2,1
cg05542785,0,1,0,0,1,1,1,1
cg05547778,2,2,1,2,1,1,1,1
cg05547895,2,2,2,2,2,2,2,2
cg05589489,2,2,2,2,2,2,2,2
cg05620261,1,1,1,1,1,1,1,1
cg05634630,1,0,0,0,1,1,1,1
cg05650719,1,1,1,1,2,2,2,2
cg05658512,2,1,1,2,1,1,1,1
cg05666036,2,2,2,2,2,2,2,2
cg05670953,0,0,0,1,1,1,1,1
cg05702280,2,1,2,2,2,2,2,2
cg05778424,1,1,1,2,2,2,2,2
cg05817845,2,2,2,2,2,2,2,2
cg05851442,2,1,1,1,2,2,2,2
cg05865011,2,2,2,2,2,2,2,2
cg05867245,1,1,1,1,1,1,1,1
cg05879419,0,0,0,0,1,1,1,1
cg05888872,2,2,2,2,2,2,2,2
cg05903444,2,2,2,2,2,2,2,2
cg05946623,1,1,1,1,1,1,1,1
cg05951994,1,1,1,1,1,1,1,1
cg05990312,2,2,2,2,2,2,2,2
cg06000144,2,2,2,2,2,2,2,2
cg06040071,2,2,2,2,1,1,1,1
cg06094482,2,2,2,2,2,1,2,2
cg06188367,2,2,2,2,2,2,2,2
cg06235224,0,0,0,1,0,0,0,0
cg06259025,1,1,1,1,0,0,0,0
cg06263178,2,2,1,1,2,2,2,2
cg06279274,1,1,2,1,1,1,1,1
cg06327515,1,1,1,1,1,1,1,1
cg06365843,2,2,2,2,2,2,2,2
cg06371583,1,1,0,1,1,1,1,1
cg06417478,1,1,1,1,1,1,1,1
cg06478886,2,2,2,2,2,2,2,2
cg06480265,2,2,2,2,2,2,2,2
cg06490113,0,1,0,1,0,0,0,0
cg06512263,1,1,0,1,1,0,0,0
cg06536614,2,2,2,2,2,2,2,2
cg06617217,1,1,1,1,0,0,0,0
cg06623827,2,2,2,2,2,2,2,2
cg06624036,1,1,1,0,1,1,1,1
cg06635900,2,1,2,2,1,1,1,1
cg06640997,2,2,1,2,2,2,2,2
cg06650246,1,1,1,1,1,0,0,1
cg06650379,2,2,2,2,2,2,2,2
cg06677321,1,1,1,1,0,0,0,0
cg06681434,1,1,1,1,1,1,1,1
cg06683316,2,2,2,2,1,2,2,2
cg06710742,2,2,2,2,1,1,1,1
cg06713675,2,2,2,1,1,1,1,1
cg06737308,1,1,1,1,1,1,1,1
cg06751366,2,2,2,1,2,2,2,2
cg06755071,2,2,2,2,2,2,2,2
cg06759314,2,1,1,1,1,1,1,1
cg06770429,1,1,1,1,1,1,1,1
cg06779847,2,2,2,2,1,2,2,1
cg06781532,0,0,0,0,0,0,0,0
cg06813419,0,0,0,1,0,0,0,0
cg06817772,2,2,2,2,1,0,1,1
cg06818052,2,2,2,2,2,2,2,2
cg06834313,1,1,1,1,0,0,0,0
cg06834998,1,1,1,1,1,1,1,1
cg06891458,2,2,2,2,2,2,2,2
cg06902099,2,2,2,2,1,1,1,1
cg06939307,2,2,2,2,1,1,1,1
cg06961233,2,2,2,2,2,2,2,2
cg06962549,2,2,2,2,2,2,2,2
cg06965195,2,2,2,2,1,1,1,1
cg07042014,2,2,2,2,2,2,2,2
cg07048527,2,2,2,2,2,2,2,2
cg07060739,0,1,1,2,2,2,1,1
cg07067710,2,2,1,1,2,2,2,2
cg07073960,1,1,2,2,1,1,1,1
cg07109804,2,2,2,2,1,1,1,1
cg07149179,1,1,1,1,1,1,1,1
cg07184237,2,2,2,2,2,2,2,2
cg07204874,0,0,0,1,1,1,2,1
cg07222861,1,1,1,1,1,1,1,1
cg07300846,2,2,1,2,1,1,1,1
cg07312051,2,2,2,2,2,2,2,2
cg07336123,1,1,1,1,1,1,1,1
cg07337250,2,2,2,1,1,1,1,1
cg07345934,2,2,2,2,2,2,2,2
cg07363270,1,1,1,1,1,1,1,1
cg07375978,1,1,1,1,0,0,0,0
cg07389611,2,2,2,2,2,2,2,2
cg07404485,1,1,0,0,1,1,1,1
cg07429623,1,2,2,2,2,2,2,2
cg07433152,2,2,2,2,2,2,1,2
cg07459594,2,2,2,2,2,2,2,2
cg07501729,1,1,1,1,1,2,1,1
cg07504727,1,1,1,2,2,1,2,2
cg07525682,2,2,2,2,2,2,2,2
cg07530063,2,2,2,2,2,2,2,2
cg07570687,1,1,1,1,1,1,1,1
cg07571734,0,0,0,0,0,0,0,0
cg07581623,1,1,1,1,2,1,1,1
cg07594247,1,1,1,1,1,1,1,1
cg07615383,1,1,1,1,1,1,1,1
cg07629965,0,0,1,0,1,1,1,1
cg07636688,1,1,1,1,2,2,2,2
cg07685357,1,1,1,1,1,1,1,1
cg07769588,1,1,1,1,1,1,1,1
cg07819160,2,2,2,2,2,2,2,2
cg07854954,1,1,2,2,2,2,2,2
cg07856155,2,2,1,2,1,2,1,2
cg07863877,2,2,2,2,1,1,1,1
cg07878514,2,2,2,2,2,2,2,2
cg07891179,2,2,2,2,2,2,2,2
cg07898446,1,1,1,1,1,1,1,1
cg07918978,2,2,2,2,2,2,2,2
cg07935886,2,2,2,2,2,2,2,2
cg07963670,0,0,1,1,0,0,0,0
cg07964754,1,1,1,1,2,2,2,2
cg07967210,2,2,2,2,2,2,2,2
cg07997737,0,0,0,0,1,1,1,1
cg07998277,1,1,1,1,1,1,1,1
cg08024887,0,0,0,1,0,0,0,0
cg08031982,1,2,2,2,2,2,2,2
cg08033722,1,1,1,2,1,1,1,1
cg08066140,1,1,1,1,2,2,2,2
cg08070327,2,2,2,2,2,2,2,2
cg08075719,1,1,1,1,2,2,2,2
cg08084655,1,1,1,1,1,1,2,1
cg08098382,2,2,2,2,2,2,2,2
cg08129953,2,2,2,2,2,2,2,2
cg08144675,1,1,1,2,2,2,2,2
cg08161163,2,2,1,2,1,1,1,1
cg08182270,2,1,2,2,2,2,2,2
cg08203788,0,0,0,0,0,0,0,0
cg08217526,2,2,2,2,1,2,1,1
cg08223357,2,1,1,1,2,2,2,2
cg08247852,0,0,0,0,0,0,0,0
cg08258506,1,1,2,2,1,1,1,1
cg08313539,1,1,1,1,1,1,1,1
cg08318732,2,2,1,2,2,2,2,2
cg08339023,1,1,1,1,2,2,2,2
cg08352422,2,1,2,2,2,2,2,2
cg08352439,1,1,1,1,1,1,1,1
cg08377819,2,2,2,2,2,2,2,2
cg08398567,1,1,1,1,1,1,1,1
cg08410996,2,2,2,2,2,2,2,2
cg08466034,2,2,2,1,1,1,1,1
cg08477332,0,0,0,0,0,0,0,0
cg08491681,1,1,1,1,2,2,2,1
cg08515442,2,2,2,2,2,2,2,2
cg08533710,2,2,1,1,2,2,1,2
cg08541895,1,1,1,1,2,2,2,2
cg08580836,2,2,2,2,2,2,2,2
cg08623383,0,1,1,1,0,0,0,0
cg08624915,1,1,1,1,2,0,1,1
cg08639762,1,1,1,2,1,1,1,1
cg08678044,2,2,2,2,2,1,2,2
cg08681685,1,1,1,1,1,1,1,1
cg08686092,0,0,0,0,0,0,0,0
cg08709360,0,0,0,0,1,1,1,1
cg08734931,2,2,2,2,2,2,2,2
cg08744475,2,2,1,2,1,1,1,1
cg08810053,2,2,2,2,0,0,0,0
cg08822523,2,2,2,2,1,1,1,1
cg08839053,0,0,1,1,1,1,1,1
cg08872493,1,1,1,2,0,0,0,0
cg08881680,2,2,2,2,2,2,2,2
cg08946854,1,1,1,1,1,1,1,1
cg08969950,0,0,0,0,0,0,0,0
cg08991437,1,2,1,1,2,2,2,2
cg09019154,1,1,1,1,2,1,1,1
cg09023624,1,1,1,2,1,1,1,1
cg09063149,2,2,2,2,2,2,2,2
cg09076339,2,2,1,2,1,0,1,1
cg09096031,2,2,2,2,1,1,1,1
cg09118625,1,1,1,1,1,1,1,1
cg09127314,0,0,1,0,1,1,1,1
cg09144964,2,1,2,2,2,2,2,2
cg09180702,0,1,1,1,1,0,1,1
cg09212597,1,1,1,1,1,1,1,1
cg09289202,1,1,2,2,2,2,2,2
cg09323728,1,1,2,1,1,1,1,1
cg09338136,1,1,1,1,1,1,1,1
cg09361469,0,0,0,0,0,0,0,0
cg09381666,1,1,1,1,1,1,1,1
cg09417038,2,2,2,2,2,2,2,2
cg09427016,2,1,1,1,1,1,1,2
cg09460553,1,1,1,1,1,1,1,1
cg09464268,2,2,2,2,1,1,1,1
cg09467607,2,2,1,2,1,1,1,1
cg09471455,2,2,2,2,1,1,1,1
cg09474442,2,2,2,2,2,2,2,2
cg09514174,1,2,1,1,1,2,2,2
cg09524686,1,1,1,1,1,1,1,1
cg09527615,2,2,2,2,2,2,2,2
cg09563777,0,0,0,0,0,0,0,0
cg09566316,2,2,2,2,1,2,1,1
cg09582042,1,2,1,2,1,1,1,1
cg09597638,0,0,0,0,0,0,0,0
cg09608949,2,2,2,2,2,2,2,2
cg09618778,2,2,2,2,2,2,2,2
cg09647867,2,2,2,2,2,2,2,2
cg09667013,2,2,2,2,2,2,2,2
cg09706021,1,1,2,1,1,0,1,1
cg09713850,2,2,2,2,2,2,2,2
cg09715059,2,1,2,2,2,2,2,2
cg09747445,0,0,0,0,1,1,1,1
cg09824603,1,1,1,1,1,1,1,1
cg09830866,2,2,2,2,1,1,1,1
cg09862733,2,2,2,2,1,1,1,1
cg09949789,0,0,0,1,0,0,0,0
cg10011623,2,2,2,2,2,2,2,2
cg10016004,1,2,1,1,0,0,0,0
cg10028549,1,0,1,1,1,1,1,1
cg10064060,1,0,1,1,1,0,1,1
cg10092265,1,2,2,2,2,2,2,2
cg10168457,2,2,2,2,1,1,1,1
cg10177528,1,1,1,1,1,1,1,1
cg10180281,0,0,0,0,0,0,0,0
cg10195146,2,2,2,2,2,2,2,2
cg10202436,1,0,1,1,1,1,1,1
cg10246448,1,1,1,1,1,1,1,1
cg10281770,1,0,1,1,0,1,1,1
cg10322794,2,2,2,2,2,2,1,1
cg10328171,2,2,2,1,2,2,2,2
cg10334976,2,2,2,1,1,1,1,1
cg10336039,1,1,1,1,2,2,2,2
cg10400081,2,2,2,2,2,2,2,2
cg10430077,2,2,1,2,2,2,2,2
cg10449558,1,1,1,1,1,0,0,0
cg10498502,2,2,2,2,2,2,2,2
cg10501602,2,2,2,2,2,2,2,2
cg10528989,1,1,1,1,2,2,2,1
cg10530568,2,1,1,2,2,2,2,2
cg10570158,1,2,1,1,1,2,1,2
cg10596483,2,2,2,2,2,2,2,2
cg10621924,1,1,1,1,0,0,0,0
cg10672416,1,2,1,1,1,1,1,1
cg10688516,2,2,1,1,1,1,1,1
cg10703884,0,0,0,0,1,0,1,1
cg10755723,2,2,2,2,2,2,2,2
cg10763374,2,2,2,2,2,2,2,2
cg10781468,2,2,2,2,2,2,2,2
cg10783797,1,1,1,1,1,1,1,1
cg10804974,2,2,1,1,2,1,2,1
cg10874314,1,1,0,1,1,0,1,1
cg10885151,1,1,1,1,1,1,1,1
cg10925640,0,0,0,1,0,0,0,0
cg10947611,1,0,0,0,0,0,0,0
cg10963793,1,2,1,2,2,2,2,2
cg10968944,0,0,0,0,1,1,1,1
cg10995755,1,1,2,2,1,1,1,1
cg11007120,1,1,1,1,1,1,1,1
cg11039913,1,2,2,2,1,2,2,2
cg11059159,2,2,2,2,2,2,2,2
cg11084470,1,2,2,2,2,2,2,2
cg11161837,1,1,1,1,0,1,1,1
cg11204139,0,0,0,0,0,0,0,0
cg11204974,1,1,1,1,1,1,1,1
cg11218619,1,2,1,2,2,2,2,2
cg11220502,2,2,2,2,2,2,2,1
cg11220732,2,2,2,2,1,1,1,1
cg11228126,2,2,1,2,2,2,1,1
cg11245181,1,2,2,2,2,2,2,2
cg11291081,0,0,0,1,1,1,1,1
cg11322797,2,2,2,2,1,1,1,1
cg11351987,2,2,2,2,2,2,2,2
cg11363527,2,2,2,2,2,2,2,2
cg11376198,2,2,2,2,2,2,2,2
cg11413657,0,1,1,2,1,1,1,1
cg11503210,2,2,2,2,2,2,1,2
cg11522683,2,2,2,2,1,1,1,1
cg11524454,1,1,2,1,1,2,2,2
cg11544420,1,1,1,1,1,1,1,1
cg11586189,2,2,2,2,2,2,2,2
cg11588844,2,2,2,2,1,1,1,1
cg11596009,2,2,2,2,2,2,2,2
cg11600596,2,2,2,2,2,2,2,1
cg11608150,2,2,2,2,2,2,2,2
cg11617938,2,2,2,2,2,2,2,2
cg11653233,1,1,2,2,2,2,2,2
cg11656177,1,1,1,1,1,1,1,1
cg11702085,2,2,2,2,2,2,2,2
cg11719362,0,0,0,0,0,0,0,0
cg11738485,1,1,1,1,1,1,1,1
cg11738486,1,1,1,1,1,0,1,1
cg11749010,1,1,2,1,1,1,1,1
cg11800117,0,0,0,1,0,0,0,0
cg11828983,2,2,2,2,2,2,2,2
cg11835209,2,2,2,2,1,1,1,2
cg11860005,2,2,2,2,2,1,1,1
cg11871991,1,1,1,1,0,0,0,0
cg11965913,2,2,2,2,2,2,2,2
cg11989576,2,2,2,2,2,2,2,2
cg12041401,2,2,2,2,1,1,1,1
cg12054318,1,1,1,1,1,1,1,1
cg12064504,1,1,1,2,2,1,2,2
cg12080831,2,1,2,1,1,2,1,1
cg12135344,0,0,0,1,0,0,0,0
cg12152384,1,1,2,1,2,2,2,2
cg12174804,2,2,2,2,2,2,2,2
cg12215294,1,1,1,1,1,1,1,1
cg12253469,2,2,2,2,2,2,2,2
cg12319143,1,1,1,1,1,1,1,1
cg12324629,2,2,2,2,2,2,2,2
cg12350309,0,0,0,0,1,1,1,1
cg12404181,0,0,1,0,1,1,1,1
cg12450708,2,2,2,2,2,2,2,2
cg12460175,0,1,0,0,0,1,0,0
cg12473775,1,1,1,1,1,1,1,1
cg12492938,0,0,0,0,0,0,0,0
cg12500876,1,1,1,1,1,1,1,1
cg12553689,1,1,1,1,1,1,1,1
cg12574576,0,0,1,1,0,0,0,0
cg12586386,1,1,1,1,1,1,1,1
cg12588917,2,2,1,2,1,1,1,1
cg12615761,2,2,2,2,2,2,2,2
cg12668399,1,2,1,1,1,1,1,1
cg12690119,2,1,1,1,1,1,1,1
cg12705353,2,2,2,2,2,1,1,1
cg12765123,1,1,1,1,1,1,1,1
cg12798194,2,1,2,2,2,2,2,2
cg12809031,1,1,1,2,1,1,1,1
cg12840312,1,1,1,1,1,1,1,1
cg12844324,2,2,2,2,2,2,2,2
cg12850379,2,2,2,2,1,1,2,1
cg12908916,2,2,2,2,1,1,1,1
cg12924430,2,2,2,2,2,2,2,2
cg12927753,2,2,2,1,1,1,1,1
cg12938556,1,1,1,1,1,1,0,0
cg12944343,1,1,1,1,1,1,1,1
cg13027206,1,0,0,1,1,0,0,1
cg13033722,1,1,1,1,1,1,1,1
cg13050716,1,1,1,1,1,1,1,1
cg13126871,2,2,2,2,2,2,2,2
cg13128596,0,0,0,0,0,0,0,0
cg13132497,2,2,2,2,2,2,2,2
cg13172549,2,1,1,1,2,2,2,2
cg13176979,0,0,0,1,1,1,1,1
cg13186228,2,2,2,2,2,2,2,2
cg13198297,0,0,0,0,1,1,1,1
cg13207180,2,1,1,2,2,2,2,2
cg13252700,1,0,1,1,0,1,0,0
cg13278353,2,2,2,2,2,2,2,2
cg13289019,1,1,1,1,1,1,1,1
cg13307058,2,2,2,2,2,2,2,2
cg13316472,1,1,1,1,1,1,1,1
cg13377056,1,1,1,1,1,1,2,2
cg13393036,1,1,1,1,1,1,1,1
cg13405775,2,2,2,2,2,2,2,2
cg13428066,1,1,1,1,1,1,1,1
cg13477101,2,2,2,2,2,2,2,2
cg13500113,2,2,2,2,2,2,2,2
cg13522882,0,0,0,0,2,2,1,1
cg13567405,2,2,1,1,1,1,1,1
cg13572782,2,2,2,2,2,2,2,2
cg13668471,1,1,1,2,1,1,1,1
cg13681655,1,2,2,2,2,2,1,2
cg13683194,0,0,0,0,1,1,1,1
cg13687570,2,2,2,2,2,2,2,2
cg13697378,1,1,1,1,1,1,1,1
cg13734401,1,2,1,1,1,1,1,1
cg13736514,2,2,2,2,2,2,2,2
cg13805518,1,2,2,2,2,2,2,2
cg13809441,0,0,0,0,1,0,0,0
cg13812291,1,1,1,1,1,1,1,1
cg13835029,2,2,2,2,2,2,2,2
cg13845105,2,2,2,2,2,2,2,2
cg13865488,2,2,2,2,2,2,2,2
cg13884376,2,2,2,2,2,2,2,2
cg13904574,1,1,1,1,1,1,1,1
cg13928427,1,1,1,1,1,1,1,1
cg13952159,1,1,1,1,2,2,2,2
cg13972423,1,1,1,1,2,2,2,2
cg13975106,1,2,2,2,1,1,1,1
cg13978566,1,1,1,1,1,1,1,1
cg13980266,2,2,2,2,1,1,0,1
cg13981838,2,2,2,2,2,2,2,2
cg13989519,2,2,2,2,2,2,2,2
cg14032732,2,2,2,2,2,2,2,2
cg14047153,1,1,2,2,1,1,1,1
cg14058329,2,2,2,2,2,2,2,2
cg14068301,1,1,1,2,1,1,1,1
cg14076977,2,2,2,2,1,1,1,1
cg14093127,1,1,1,1,1,1,1,1
cg14113351,1,1,1,1,2,2,2,2
cg14166009,2,2,2,2,2,2,2,2
cg14202048,2,2,2,2,2,1,2,2
cg14242696,1,1,2,2,1,1,1,1
cg14340463,2,1,1,2,2,1,2,2
cg14386312,1,1,1,1,1,1,1,1
cg14413354,2,2,2,2,2,2,2,2
cg14417784,1,1,1,1,1,1,1,1
cg14562054,1,1,2,2,2,1,1,1
cg14580228,2,2,1,2,2,2,2,2
cg14595683,1,1,1,1,1,1,1,1
cg14604066,0,1,1,1,1,1,1,1
cg14637144,2,1,1,2,2,1,2,1
cg14643390,0,1,0,0,0,0,0,0
cg14644378,1,1,1,1,2,2,2,2
cg14693391,1,1,1,2,2,2,2,2
cg14700230,1,1,1,1,1,1,1,1
cg14759494,1,1,1,1,1,1,1,1
cg14794655,1,1,1,1,2,2,2,2
cg14837974,2,2,1,2,1,2,2,2
cg14847483,2,2,2,2,2,2,2,2
cg14850026,0,0,0,0,0,0,0,0
cg14866167,1,1,2,1,1,2,1,1
cg14883961,1,1,2,2,2,2,2,2
cg14893161,2,2,2,2,1,1,1,1
cg14934242,1,1,2,2,1,1,1,1
cg14952312,2,2,2,2,2,2,2,2
cg14965694,2,2,2,2,2,2,2,2
cg15002904,2,2,2,2,2,2,2,2
cg15007983,2,2,2,2,2,2,2,2
cg15008743,1,1,1,1,1,1,1,1
cg15117372,2,2,2,2,2,2,2,2
cg15147215,1,1,1,1,1,1,1,1
cg15199987,0,0,0,0,2,1,1,1
cg15200445,1,2,2,1,2,2,2,2
cg15212455,1,1,1,1,1,1,1,1
cg15224459,1,1,1,1,1,1,1,1
cg15235999,2,2,2,2,2,2,1,2
cg15241074,1,1,1,1,1,1,1,1
cg15246712,1,1,1,1,1,1,1,1
cg15319824,1,1,1,2,1,1,1,1
cg15359390,2,2,2,2,2,2,2,2
cg15401418,2,2,2,2,2,2,2,2
cg15414638,2,2,2,2,2,2,2,2
cg15425811,2,2,2,2,2,2,2,2
cg15464821,2,2,2,2,2,2,2,2
cg15469871,2,2,2,2,2,2,2,2
cg15551981,2,2,2,1,1,1,1,1
cg15690542,1,2,2,2,1,1,1,1
cg15697225,2,2,2,2,2,2,2,2
cg15701794,0,0,0,0,1,1,1,1
cg15702949,2,2,2,2,1,1,1,1
cg15711727,2,2,2,2,2,2,2,2
cg15721243,1,1,2,1,2,2,2,2
cg15777261,1,1,1,1,2,1,2,2
cg15808472,1,1,1,1,1,1,1,1
cg15854394,2,2,2,2,2,2,2,2
cg15867944,2,1,1,1,2,2,2,2
cg15881597,1,1,1,2,1,1,2,2
cg15907060,2,2,2,2,1,1,1,1
cg15996644,2,2,2,2,2,2,2,2
cg16064054,2,2,2,2,2,2,2,2
cg16127514,2,2,2,2,2,2,2,2
cg16148270,2,2,2,2,2,1,2,1
cg16172549,2,2,2,2,1,1,1,1
cg16243243,2,1,1,1,2,2,2,2
cg16254756,2,1,1,2,1,1,2,1
cg16266669,2,2,2,2,2,2,2,2
cg16274899,1,1,1,1,0,0,0,1
cg16296679,2,2,2,2,1,1,1,1
cg16303742,1,2,1,1,2,2,2,2
cg16311302,1,1,2,1,2,2,2,2
cg16314899,1,2,1,2,1,1,1,1
cg16319129,2,2,2,2,1,1,1,1
cg16345566,2,2,2,2,2,2,2,2
cg16387467,2,2,1,2,2,2,2,2
cg16391973,2,2,2,2,2,2,2,2
cg16413785,2,2,2,2,2,2,2,2
cg16430166,1,1,1,1,1,1,1,1
cg16470716,2,1,2,2,2,2,2,2
cg16475891,1,2,1,2,2,2,2,2
cg16496269,1,1,1,1,2,2,2,2
cg16527418,2,2,2,2,2,2,2,2
cg16533146,2,2,2,2,1,1,1,1
cg16585333,2,2,2,2,2,2,2,2
cg16602369,0,0,0,0,0,0,0,0
cg16645423,1,1,1,1,1,1,1,1
cg16659026,1,1,1,1,1,1,1,1
cg16664617,0,0,0,0,1,1,1,1
cg16681083,2,2,2,2,2,2,2,2
cg16714096,2,2,2,2,2,2,2,2
cg16717267,0,1,0,1,1,1,1,1
cg16735509,1,1,1,1,1,1,1,1
cg16743289,1,0,0,0,0,0,0,0
cg16752400,2,2,2,2,2,2,2,2
cg16814023,1,1,1,1,1,1,1,1
cg16852440,2,2,2,2,2,2,2,2
cg16893174,2,1,2,2,2,2,2,2
cg17006282,2,2,2,2,2,2,2,2
cg17016000,2,2,2,2,2,1,2,2
cg17074431,1,1,1,1,1,1,1,1
cg17098387,1,1,1,1,1,1,1,1
cg17118836,2,2,2,2,2,2,2,2
cg17174814,2,2,2,2,2,2,2,2
cg17186388,2,2,2,2,2,2,2,2
cg17191109,0,0,0,0,0,0,0,0
cg17254383,2,1,1,1,1,1,1,1
cg17259096,2,2,1,1,1,1,1,1
cg17306686,0,0,0,0,0,0,0,0
cg17333886,2,2,2,2,2,2,2,2
cg17393917,2,2,2,2,2,2,2,2
cg17397069,2,2,2,2,2,2,2,2
cg17420585,2,2,2,2,2,2,2,2
cg17434008,1,1,1,1,1,1,1,1
cg17445212,1,1,1,1,1,1,1,1
cg17468100,1,1,1,1,2,2,2,2
cg17491987,0,0,0,0,0,0,0,0
cg17500703,1,1,1,1,1,1,1,1
cg17511472,2,2,2,2,2,2,2,2
cg17605021,0,0,0,0,0,0,0,0
cg17610933,2,2,2,2,1,1,1,1
cg17668731,1,1,1,1,1,1,1,1
cg17680092,2,2,2,2,2,1,1,2
cg17692971,0,0,0,1,1,1,1,1
cg17694351,2,2,2,2,1,1,1,1
cg17713488,1,1,2,1,1,1,1,1
cg17723381,2,2,2,2,1,1,1,0
cg17795240,0,1,1,2,2,2,2,2
cg17805072,2,1,1,1,2,2,2,1
cg17820828,2,2,2,2,2,2,2,2
cg17839611,2,2,2,2,2,2,2,2
cg17877220,0,0,0,0,0,0,0,0
cg17961725,2,1,2,2,1,1,1,1
cg18005867,2,2,2,2,2,2,2,2
cg18046394,2,2,2,2,2,2,2,2
cg18059933,1,1,1,1,1,1,1,1
cg18104242,1,1,1,1,1,1,1,1
cg18110333,1,1,1,1,1,1,1,1
cg18168249,1,1,1,1,2,2,2,2
cg18209323,2,2,2,2,2,2,2,2
cg18222865,2,1,2,2,1,1,1,1
cg18232861,2,2,2,2,2,2,2,2
cg18241308,2,2,2,2,2,2,2,2
cg18269963,2,2,2,2,2,2,2,2
cg18279536,1,2,2,2,1,1,1,1
cg18320188,1,1,0,1,1,1,1,1
cg18322025,1,1,1,1,1,1,1,1
cg18330203,1,1,1,1,1,1,1,1
cg18335505,1,1,1,1,1,1,1,1
cg18351329,2,2,2,2,2,2,2,2
cg18352516,2,2,2,2,2,2,2,2
cg18368411,2,2,2,2,2,2,2,2
cg18372208,1,1,1,1,1,1,1,1
cg18402987,2,2,2,2,2,2,2,2
cg18448614,0,0,1,1,1,1,1,1
cg18449021,2,2,2,2,2,2,2,2
cg18460830,1,2,2,2,0,0,0,0
cg18464823,2,2,2,2,1,1,1,1
cg18467189,2,2,2,2,2,2,2,2
cg18482112,0,0,0,1,0,0,0,0
cg18506672,1,1,1,1,1,1,1,1
cg18507732,2,2,2,2,2,2,2,2
cg18520517,1,1,1,2,1,1,1,1
cg18522231,2,2,2,2,2,2,2,2
cg18558073,2,2,2,2,2,2,2,2
cg18571156,2,2,2,2,2,2,2,2
cg18587504,2,2,2,2,2,2,2,2
cg18587557,2,2,2,2,2,2,2,2
cg18634560,2,1,1,2,2,2,2,2
cg18648917,2,2,2,2,2,2,2,2
cg18665594,2,2,2,2,2,2,2,2
cg18670770,2,2,2,2,2,2,2,2
cg18678645,2,2,2,2,2,2,2,2
cg18693051,1,1,1,1,0,1,0,0
cg18707489,2,2,1,1,1,1,1,1
cg18713748,2,1,1,1,1,1,1,1
cg18735089,2,1,1,2,1,1,1,1
cg18792146,2,2,2,2,2,2,2,2
cg18850089,1,2,2,2,1,1,1,1
cg18856614,1,1,1,1,1,1,1,1
cg18857062,2,2,2,2,2,2,2,2
cg18865445,1,1,1,1,1,1,1,1
cg18912107,2,1,1,2,0,1,1,1
cg18934443,2,2,2,2,2,2,2,2
cg19002149,2,1,2,2,1,1,1,1
cg19003815,2,2,2,2,2,2,2,2
cg19050152,1,1,1,1,1,1,1,1
cg19098465,0,0,0,0,0,0,0,0
cg19101232,2,1,2,2,1,1,1,1
cg19107578,2,2,2,2,1,1,1,1
cg19117047,2,2,2,2,1,1,1,1
cg19149522,1,1,1,1,1,1,1,1
cg19183879,2,1,2,2,2,2,2,2
cg19186380,1,1,1,1,2,2,2,2
cg19190762,2,2,1,1,2,2,2,2
cg19196401,2,2,2,2,1,1,1,1
cg19257832,1,1,1,1,1,1,1,1
cg19327615,2,2,2,2,2,2,2,2
cg19333883,1,1,1,1,2,2,1,2
cg19335130,1,1,1,1,2,2,2,2
cg19375981,1,1,1,1,1,1,1,1
cg19455642,1,1,1,1,2,2,2,2
cg19480425,2,2,2,2,2,2,2,2
cg19566774,1,1,2,1,1,1,1,1
cg19572487,2,2,2,2,2,2,2,1
cg19579217,0,0,0,0,0,0,0,0
cg19584649,1,1,1,1,1,1,1,1
cg19658332,1,1,2,2,1,1,2,2
cg19660806,2,2,1,1,1,1,1,1
cg19678392,2,2,2,2,2,2,2,2
cg19701879,1,1,1,1,1,1,1,1
cg19730268,2,1,1,1,1,1,1,1
cg19811337,0,0,0,0,0,0,0,0
cg19820328,1,1,1,1,1,1,1,1
cg19970883,1,1,1,1,1,1,1,1
cg19977004,1,1,1,1,1,1,1,1
cg19978674,2,2,2,2,2,2,2,2
cg19980929,1,1,1,1,1,1,1,1
cg19998073,1,1,2,1,0,0,0,0
cg19998150,2,2,2,1,1,1,1,1
cg20008140,2,2,2,2,2,2,2,2
cg20016411,2,2,2,2,2,2,2,2
cg20018425,2,2,2,1,1,1,1,1
cg20060685,2,2,2,2,2,2,2,2
cg20104774,0,0,1,1,1,1,1,1
cg20117519,1,1,1,1,1,1,1,1
cg20119798,2,2,2,2,1,1,1,1
cg20131596,2,2,2,2,2,2,2,2
cg20165520,1,1,1,1,2,2,1,1
cg20174730,2,1,2,2,2,2,2,2
cg20176388,0,0,0,0,0,0,0,0
cg20181209,0,0,0,0,1,1,1,1
cg20222562,2,2,2,2,2,2,2,2
cg20268039,0,0,0,0,0,0,0,0
cg20276677,2,2,2,2,2,2,2,2
cg20309640,1,1,1,1,1,1,1,1
cg20340346,1,0,1,1,2,2,2,1
cg20375709,0,0,0,0,0,0,0,0
cg20379593,2,2,2,2,1,1,1,1
cg20388732,1,1,0,1,0,0,0,0
cg20432671,2,2,2,2,2,2,2,2
cg20458044,2,1,1,1,1,1,1,1
cg20504791,2,2,2,2,2,2,2,2
cg20513206,1,0,0,0,0,0,0,0
cg20515136,1,1,1,1,1,1,1,1
cg20519373,1,1,0,1,1,1,1,1
cg20569203,1,2,2,2,2,2,2,2
cg20570109,2,2,2,2,2,2,2,2
cg20630655,2,2,2,2,1,1,1,1
cg20660989,1,1,1,1,1,1,1,1
cg20677143,2,2,2,2,2,2,2,2
cg20715295,2,2,2,2,2,2,2,2
cg20740051,2,2,2,2,2,2,2,2
cg20743744,2,2,2,2,2,2,2,2
cg20747739,2,2,1,2,1,1,1,1
cg20770409,1,1,1,1,2,2,2,2
cg20801007,0,0,0,0,1,1,1,1
cg20848291,1,1,1,1,1,1,1,1
cg20885179,2,2,2,2,2,2,2,2
cg20911165,2,2,2,2,2,2,2,2
cg20956390,2,2,2,2,2,2,2,2
cg21010569,1,1,1,1,0,0,0,0
cg21041888,2,2,2,2,2,2,2,2
cg21051519,2,2,2,2,2,2,2,2
cg21061071,1,1,1,2,2,2,2,2
cg21073930,1,1,1,1,1,1,1,1
cg21103992,0,0,0,0,1,1,0,1
cg21109167,0,0,0,1,1,1,1,1
cg21116457,2,2,2,2,2,2,2,2
cg21147203,1,1,1,1,1,1,1,1
cg21153160,1,1,1,1,1,1,1,1
cg21159260,2,1,1,1,2,2,1,1
cg21179831,2,2,2,2,2,2,2,2
cg21183502,1,1,2,2,2,2,2,2
cg21220403,2,2,2,2,2,1,2,2
cg21235119,1,1,2,1,1,1,1,1
cg21361856,2,2,2,2,2,2,2,2
cg21371809,2,2,2,2,1,1,1,1
cg21392385,2,2,2,2,2,2,2,2
cg21468274,0,0,0,0,1,0,0,0
cg21500126,2,1,1,1,1,0,1,1
cg21521117,0,0,0,0,0,0,0,0
cg21523688,1,1,2,1,2,2,2,1
cg21548813,1,1,1,1,1,1,1,1
cg21573200,2,2,2,2,2,2,2,2
cg21580428,1,1,1,1,1,1,1,1
cg21583723,1,1,1,1,1,1,1,1
cg21610815,1,1,1,1,1,1,1,1
cg21626848,1,1,1,1,1,1,1,1
cg21646955,2,2,2,2,2,2,2,2
cg21665744,1,1,1,1,1,1,1,1
cg21702011,2,2,2,2,2,2,2,2
cg21746425,1,1,1,1,1,1,1,1
cg21750887,0,0,0,0,2,2,2,2
cg21790715,2,2,2,2,2,2,2,2
cg21838488,2,2,2,2,2,2,2,2
cg21859290,2,2,1,2,1,1,1,1
cg21865657,2,2,2,2,2,2,2,2
cg21910650,2,1,1,1,2,2,2,2
cg21915449,1,2,1,1,1,1,1,1
cg22033281,1,1,1,1,1,1,1,1
cg22109795,2,2,2,2,2,2,2,2
cg22115748,2,2,2,2,2,2,2,2
cg22212414,2,2,2,2,2,2,2,2
cg22234712,2,2,2,2,2,2,2,2
cg22264616,1,2,2,2,1,2,2,1
cg22307029,1,1,1,1,1,1,1,1
cg22321572,1,1,2,1,2,2,2,2
cg22358580,2,2,2,2,2,2,2,2
cg22407822,2,2,2,2,2,2,2,2
cg22407942,2,1,1,1,2,2,1,1
cg22466678,2,2,2,2,2,2,2,2
cg22533683,1,1,2,1,2,2,1,1
cg22555495,1,1,1,1,1,1,1,1
cg22590775,1,1,1,1,1,1,1,1
cg22595230,2,2,2,2,2,2,2,2
cg22611163,1,1,1,1,1,1,1,1
cg22622123,2,2,1,2,1,1,2,2
cg22677858,2,2,2,2,1,1,1,1
cg22684041,1,1,1,0,1,1,0,1
cg22697853,2,2,2,2,2,2,2,2
cg22705959,2,2,2,2,2,2,2,2
cg22721998,1,1,1,1,1,1,1,1
cg22784187,1,2,1,1,1,1,2,1
cg22796248,2,1,2,1,2,2,2,2
cg22827806,1,0,0,0,0,0,0,0
cg22833175,1,1,1,2,1,1,1,1
cg22841772,1,1,1,1,1,1,2,1
cg22867156,2,2,2,2,2,2,2,2
cg22872064,2,2,2,2,2,2,2,2
cg22879626,2,2,2,2,2,2,2,2
cg22894896,1,1,1,1,1,1,1,1
cg22898082,2,1,1,2,2,1,1,1
cg22901840,1,1,1,1,1,1,1,1
cg22960869,1,1,1,1,2,2,2,2
cg22984769,0,0,0,0,0,0,0,0
cg23003926,0,0,0,0,1,1,1,1
cg23013853,1,2,1,1,1,1,1,1
cg23053407,0,0,0,0,0,0,0,0
cg23054121,1,1,1,1,1,1,1,1
cg23107878,1,1,1,1,1,1,1,1
cg23168425,2,2,2,2,2,2,2,2
cg23181159,1,1,1,1,0,0,0,1
cg23217680,2,2,2,2,2,2,2,2
cg23221052,2,2,2,2,2,2,2,2
cg23226914,2,2,2,2,2,2,2,2
cg23284609,1,1,1,1,1,1,1,1
cg23303188,2,2,2,2,2,2,2,2
cg23323891,2,2,2,2,2,2,2,2
cg23331961,1,1,1,1,1,1,1,0
cg23396177,1,1,1,0,0,0,0,0
cg23409168,1,1,1,1,1,1,1,1
cg23423227,2,2,2,2,1,1,1,1
cg23425316,2,2,2,2,2,2,2,2
cg23445878,2,2,2,2,2,2,2,2
cg23453353,1,1,1,1,1,1,1,1
cg23490300,0,0,0,0,0,0,0,0
cg23496516,1,1,1,1,2,2,2,2
cg23499929,1,2,2,1,1,1,2,1
cg23562538,1,1,1,1,2,2,2,2
cg23573129,1,1,1,1,0,0,0,0
cg23622616,1,1,1,1,1,1,1,1
cg23658684,1,1,1,1,1,1,1,1
cg23708337,2,2,2,2,2,2,2,2
cg23732725,2,2,2,2,2,2,2,2
cg23746600,1,2,2,2,1,0,0,0
cg23748340,2,2,2,2,2,2,2,2
cg23759393,2,2,2,2,2,2,2,2
cg23796525,1,0,1,1,1,1,1,1
cg23884217,0,0,0,0,0,0,0,0
cg23892836,2,2,1,2,1,1,1,1
cg23921523,2,2,2,2,1,1,1,1
cg23929194,1,0,0,0,0,0,0,0
cg23933095,1,1,1,1,1,1,1,1
cg23942311,1,1,1,1,1,1,1,1
cg23971381,0,0,0,0,1,1,1,1
cg24008358,1,1,1,1,0,0,0,0
cg24033859,2,2,2,1,1,1,1,1
cg24048949,2,2,2,2,1,1,1,1
cg24061122,1,0,1,1,0,0,0,0
cg24128316,2,2,2,2,2,2,2,2
cg24195486,2,2,2,1,2,1,1,1
cg24218620,1,1,1,1,1,1,1,1
cg24317406,1,1,1,1,0,0,0,0
cg24319836,1,1,1,1,1,1,1,1
cg24322968,2,2,2,2,2,2,2,2
cg24324837,1,1,1,1,1,1,1,1
cg24334149,1,1,1,1,1,1,1,1
cg24345747,1,1,1,1,1,1,1,1
cg24358846,2,1,1,1,1,1,1,1
cg24395504,2,2,2,2,2,2,2,2
cg24421906,2,1,2,2,2,2,2,2
cg24429310,2,2,2,2,2,2,2,2
cg24460268,1,1,1,2,2,2,2,2
cg24482350,1,2,1,1,1,1,1,1
cg24496563,2,1,1,1,1,1,1,2
cg24512973,2,2,2,2,2,2,2,2
cg24542929,2,2,2,2,2,2,1,2
cg24576358,1,1,1,1,1,2,2,2
cg24581226,0,0,0,0,0,0,0,0
cg24585203,2,2,2,2,1,1,1,1
cg24601559,1,1,1,1,1,1,1,1
cg24617313,2,2,2,2,2,2,2,2
cg24624505,2,2,2,2,2,2,2,2
cg24631482,2,2,2,2,2,2,2,2
cg24642523,2,2,2,1,1,1,1,1
cg24670552,2,2,2,2,2,2,2,2
cg24687529,0,0,0,0,0,0,0,0
cg24691910,2,2,2,2,2,1,2,2
cg24702253,1,1,1,2,1,1,1,1
cg24733637,2,2,2,2,1,1,1,1
cg24754277,2,2,2,2,2,1,2,2
cg24776142,1,0,1,1,1,1,0,0
cg24834889,2,2,2,2,2,2,2,2
cg24843346,1,2,2,1,1,1,1,1
cg24854704,2,1,2,1,1,1,1,1
cg24865779,2,2,2,2,2,2,2,2
cg24869601,2,2,2,2,2,2,2,2
cg24907011,1,1,1,1,0,0,0,0
cg24907270,0,0,1,0,1,1,1,1
cg24920358,2,2,2,2,2,2,2,2
cg24928110,2,2,2,2,2,2,2,2
cg24961795,2,2,2,2,2,2,2,2
cg24969520,2,2,2,2,2,2,2,2
cg25023298,0,0,0,0,1,1,1,1
cg25025879,1,1,2,2,2,2,2,2
cg25043559,2,2,2,2,2,2,2,2
cg25048985,0,0,0,0,0,0,0,0
cg25090994,1,1,1,1,1,1,1,1
cg25123266,1,1,2,2,2,2,2,2
cg25130385,2,2,2,2,2,2,2,2
cg25206536,1,1,2,2,2,2,2,2
cg25223285,2,2,2,2,2,2,2,2
cg25262528,2,2,2,2,2,2,2,2
cg25264265,2,2,2,2,1,1,1,1
cg25299750,2,2,2,2,2,2,2,2
cg25309343,1,1,2,1,2,2,2,2
cg25340403,2,2,2,2,2,2,2,2
cg25340688,2,2,2,2,2,2,2,2
cg25350411,1,0,0,1,1,1,1,1
cg25352397,0,0,0,0,0,0,0,0
cg25390165,2,2,2,2,2,2,2,2
cg25477813,2,1,2,2,1,1,1,1
cg25526039,2,2,2,2,2,2,2,2
cg25560247,1,1,1,1,2,2,2,2
cg25629418,1,1,1,0,1,1,1,1
cg25634141,1,1,1,1,2,1,2,2
cg25652454,0,0,0,0,0,0,0,0
cg25652742,1,1,1,0,1,1,1,1
cg25742326,2,1,1,2,2,2,1,2
cg25771195,1,1,1,1,1,1,1,1
cg25786696,1,2,2,2,2,2,2,2
cg25801742,0,0,0,0,0,0,0,0
cg25815440,2,2,2,2,2,2,2,2
cg25877436,2,2,2,2,2,2,2,2
cg25914921,1,1,1,1,1,1,0,0
cg25986202,1,1,1,1,0,0,0,0
cg26064535,2,2,2,2,1,1,1,1
cg26090062,2,2,2,2,2,1,1,2
cg26127836,1,1,1,1,2,2,2,2
cg26143719,1,1,1,1,2,2,1,1
cg26148377,2,2,2,2,2,2,2,2
cg26154714,2,1,2,2,2,2,2,2
cg26172504,1,1,1,1,1,2,1,2
cg26195495,1,2,2,2,2,2,2,2
cg26224060,2,2,2,2,2,2,2,2
cg26234900,1,1,1,1,0,0,1,1
cg26239297,0,0,0,0,0,0,0,0
cg26250400,1,1,1,1,1,1,1,1
cg26262055,2,2,2,2,2,2,2,2
cg26270695,1,2,2,2,1,1,1,1
cg26313699,0,0,0,0,0,0,0,0
cg26338947,1,1,0,1,0,0,0,0
cg26527457,1,1,1,1,1,1,1,1
cg26536593,0,0,0,0,0,0,0,0
cg26539631,1,1,1,1,1,1,1,1
cg26639479,2,2,2,2,1,1,1,1
cg26667586,1,1,1,1,2,2,2,2
cg26681628,2,2,2,2,2,2,2,2
cg26707664,0,0,0,1,0,0,0,0
cg26725201,1,1,1,1,1,1,1,1
cg26734888,2,2,2,2,2,2,2,2
cg26750617,1,1,1,1,2,2,2,2
cg26750927,1,1,1,1,1,1,1,1
cg26779676,0,0,0,0,0,0,0,0
cg26802564,0,0,0,0,1,1,1,1
cg26850624,1,1,1,1,2,2,2,2
cg26857315,2,2,2,2,1,2,1,2
cg26896946,2,2,2,2,2,2,2,2
cg26924440,0,0,0,0,0,0,0,0
cg26960833,1,1,1,1,1,1,1,1
cg26985203,2,2,2,2,1,1,1,1
cg26992600,2,2,2,2,2,2,2,2
cg27039625,2,2,2,2,2,2,2,2
cg27130359,2,2,2,2,1,1,1,1
cg27134767,1,1,1,1,2,2,2,2
cg27177158,2,2,2,2,2,2,2,2
cg27200630,2,2,1,2,2,2,2,2
cg27203184,1,2,1,2,2,2,2,2
cg27216076,2,2,2,2,1,1,2,2
cg27237671,1,1,1,1,1,1,1,1
cg27300647,0,0,0,0,0,0,0,0
cg27333706,2,2,2,2,1,1,1,0
cg27333886,1,2,1,1,1,1,1,1
cg27345989,2,2,2,2,2,2,2,2
cg27361914,1,1,2,1,1,1,1,1
cg27366882,1,1,1,1,1,1,1,1
cg27370104,2,2,2,2,2,2,2,2
cg27375286,2,2,2,2,2,2,2,2
cg27396056,1,1,1,1,1,1,1,1
cg27398720,2,1,1,2,1,1,1,1
cg27416898,0,0,0,0,1,1,1,1
cg27427491,1,1,1,1,2,2,2,2
cg27454412,2,2,2,2,2,2,2,2
cg27480580,2,2,2,2,2,2,2,2
cg27485402,2,2,2,2,2,2,2,2
cg27493010,2,2,2,2,2,2,2,2
cg27496296,1,1,1,1,1,1,1,1
cg27571374,0,0,0,0,0,0,0,0
cg27620317,0,0,0,0,0,0,0,0
