Labels,PA L 1,PB L 2,PB L 3,PB L 4,PA LL 1,PA LL 2,PB LL 3,PB LL 4
cg00024494,2,1,1,1,2,2,2,2
cg00034101,0,0,0,0,0,0,0,0
cg00078857,1,1,1,1,1,0,1,1
cg00107579,0,0,0,0,0,0,1,0
cg00153919,0,0,0,0,1,1,0,0
cg00292669,2,1,1,1,2,2,1,1
cg00301396,0,0,0,0,0,0,0,0
cg00361017,0,0,0,0,0,0,0,0
cg00369376,2,0,0,0,1,1,1,1
cg00381755,0,0,0,0,0,0,0,0
cg00384205,2,1,1,2,2,2,2,2
cg00397910,0,0,0,0,0,0,0,0
cg00408773,0,0,0,0,0,1,0,0
cg00428638,1,1,1,1,1,1,0,1
cg00431565,1,0,1,1,0,1,1,1
cg00473597,1,1,1,1,0,1,0,0
cg00504902,2,2,2,2,2,2,2,2
cg00604454,2,2,2,2,2,2,2,2
cg00610991,2,2,2,2,2,2,2,2
cg00619263,0,1,1,0,2,0,1,0
cg00631327,0,0,0,0,0,0,1,1
cg00631329,1,1,1,1,2,1,1,1
cg00659077,0,0,1,0,1,1,1,1
cg00666014,0,2,2,1,1,1,1,2
cg00666422,0,1,1,1,0,0,1,1
cg00718336,0,0,0,0,0,0,0,0
cg00739471,1,0,0,1,0,0,0,1
cg00753924,1,1,1,1,0,1,1,1
cg00807197,2,2,2,1,1,2,1,2
cg00813752,2,1,1,1,2,2,1,1
cg00851732,0,1,1,1,2,0,1,1
cg00871610,1,0,0,0,1,1,0,0
cg00899350,1,1,1,1,0,1,1,1
cg00918181,1,1,1,1,0,1,1,2
cg00923880,1,1,1,1,1,1,1,1
cg00930606,1,0,0,1,0,0,0,0
cg00953006,1,2,2,2,2,1,2,2
cg00973118,0,0,0,0,0,0,0,0
cg00980622,1,1,1,1,1,1,1,1
cg01000188,0,1,1,0,0,0,0,0
cg01017147,2,2,2,2,2,2,2,2
cg01066431,0,0,0,1,0,0,0,0
cg01078772,1,1,1,0,0,1,1,0
cg01094192,1,1,1,1,0,1,1,1
cg01094687,1,1,1,1,2,1,1,1
cg01094748,0,0,0,0,0,0,0,0
cg01101873,1,1,0,1,2,1,1,0
cg01104306,1,0,0,0,1,0,0,0
cg01126532,2,2,2,2,2,2,2,2
cg01156747,1,0,0,0,1,1,0,0
cg01165661,0,1,1,0,0,0,1,0
cg01169021,2,2,2,2,2,2,2,2
cg01180479,2,2,2,2,2,2,2,2
cg01196336,0,1,0,0,0,0,0,0
cg01208566,1,1,1,1,1,1,2,1
cg01218619,2,2,2,2,2,2,2,2
cg01219135,1,1,1,1,1,1,1,1
cg01223011,0,0,0,0,0,0,0,0
cg01242676,1,2,1,2,2,1,2,2
cg01248445,1,2,2,2,1,1,1,1
cg01270593,0,0,0,0,1,0,0,0
cg01274753,0,0,0,0,1,0,0,0
cg01293179,2,2,2,2,2,2,2,2
cg01301319,0,0,0,0,0,0,0,0
cg01309328,1,0,0,0,0,0,0,0
cg01314743,0,0,0,0,0,0,0,0
cg01324343,0,0,0,0,0,0,0,0
cg01351327,1,0,0,0,1,0,0,0
cg01359962,1,1,1,1,1,1,0,1
cg01365639,0,1,1,1,1,0,0,0
cg01396157,2,2,2,2,2,2,2,2
cg01426903,0,1,1,1,0,0,0,0
cg01435791,0,1,1,0,0,0,1,0
cg01439322,1,1,1,1,1,0,1,1
cg01484296,0,0,0,0,1,0,0,0
cg01485549,1,0,0,1,1,1,0,0
cg01530154,0,1,1,1,2,0,1,1
cg01552731,1,0,1,0,0,1,0,0
cg01569709,1,0,0,1,0,1,0,0
cg01584932,1,1,1,1,1,1,1,2
cg01601299,2,2,2,2,2,2,2,2
cg01607530,0,0,0,0,0,0,0,0
cg01613691,0,0,0,0,0,0,0,0
cg01622416,0,0,0,0,0,0,0,1
cg01646323,0,0,0,0,0,1,0,0
cg01758314,1,0,0,0,1,0,1,0
cg01806192,2,2,2,1,2,2,2,2
cg01809217,1,1,1,1,2,1,1,1
cg01830073,0,0,0,0,2,0,0,0
cg01870826,1,1,1,1,1,1,1,1
cg01874867,1,1,1,1,1,2,1,1
cg01894498,2,2,2,2,2,2,2,2
cg01905633,0,1,1,1,0,0,1,0
cg01987333,0,0,0,0,0,0,0,0
cg02032841,2,1,1,1,1,2,1,2
cg02067022,0,0,0,0,0,0,0,0
cg02105042,0,2,2,1,0,0,1,1
cg02158486,2,2,2,2,1,1,2,2
cg02228675,2,2,2,2,2,2,2,2
cg02238549,1,0,0,0,1,1,0,0
cg02273436,0,0,0,0,0,0,0,0
cg02274366,1,1,1,1,1,1,0,0
cg02278114,0,0,0,0,0,0,0,0
cg02315096,1,0,0,1,2,1,0,1
cg02326224,1,0,0,0,0,1,0,0
cg02331649,1,0,0,1,0,2,1,0
cg02400092,1,0,0,1,0,1,0,0
cg02421962,1,1,1,1,0,1,0,1
cg02426999,1,0,0,0,1,2,0,0
cg02428792,1,1,1,1,2,0,1,2
cg02450064,2,2,2,2,2,2,2,2
cg02473254,0,0,0,0,1,0,0,0
cg02484210,1,2,2,2,0,1,1,0
cg02498063,1,1,1,1,1,1,1,1
cg02508651,2,2,2,2,2,2,2,2
cg02518216,0,0,0,0,0,0,0,0
cg02531924,1,1,1,1,0,1,1,1
cg02546490,0,0,0,0,0,0,0,0
cg02552250,2,2,2,2,2,2,2,2
cg02586712,0,0,0,0,0,0,0,0
cg02596779,1,1,1,1,2,1,0,1
cg02607237,2,2,2,2,1,2,2,2
cg02616710,1,1,1,1,1,1,1,1
cg02621481,0,0,0,0,0,0,0,0
cg02624836,1,1,1,0,0,1,0,0
cg02641400,0,0,0,0,1,0,0,0
cg02645340,1,1,1,1,0,0,1,2
cg02675527,0,1,1,0,0,1,1,1
cg02736908,1,1,1,1,0,1,0,1
cg02738086,1,0,0,0,1,1,0,1
cg02744588,2,1,0,1,1,2,1,1
cg02753027,2,1,1,1,0,0,1,1
cg02796478,1,1,1,0,1,1,1,1
cg02799427,0,0,0,0,0,0,0,0
cg02872426,1,1,1,2,2,2,2,1
cg02881189,2,0,0,0,0,1,1,0
cg02942766,1,1,1,1,2,1,0,1
cg02971253,2,1,1,1,2,1,1,0
cg03041510,1,1,1,1,1,1,1,1
cg03047995,0,0,1,0,0,0,0,0
cg03095800,0,0,0,0,0,0,0,0
cg03147184,1,1,1,1,0,1,1,1
cg03176993,1,0,1,0,1,1,0,0
cg03179435,2,2,1,2,2,2,2,2
cg03190769,1,0,1,0,0,0,1,1
cg03207666,0,0,0,0,0,0,0,0
cg03209871,0,0,0,0,0,1,1,1
cg03242666,0,0,0,0,0,0,0,0
cg03270395,2,1,1,2,2,1,1,1
cg03271533,0,0,0,0,0,1,0,0
cg03278811,0,0,0,0,0,0,0,0
cg03297163,0,1,2,0,0,1,0,0
cg03315344,2,2,2,2,1,2,2,1
cg03325664,1,0,0,0,2,1,0,0
cg03330678,1,1,1,0,2,1,1,2
cg03370951,1,1,1,1,2,2,1,1
cg03395511,1,1,1,1,2,1,1,1
cg03421353,0,0,0,0,2,0,0,1
cg03428047,0,0,0,0,0,0,0,0
cg03428864,1,1,1,1,1,1,1,1
cg03433986,1,0,1,1,0,1,1,0
cg03444077,1,1,1,1,0,1,1,1
cg03481509,2,1,1,0,1,1,1,1
cg03520938,1,0,0,0,0,0,0,0
cg03556313,1,1,1,1,0,0,1,1
cg03611551,0,0,0,1,1,0,0,1
cg03646740,0,0,0,0,0,0,0,0
cg03669367,1,0,0,1,0,1,1,1
cg03695236,2,1,1,1,2,2,1,2
cg03706720,0,0,0,1,0,0,2,1
cg03721454,2,1,1,1,2,2,1,1
cg03738707,1,1,1,1,1,1,1,1
cg03753385,1,1,1,1,2,1,1,1
cg03755052,1,0,0,0,0,1,1,0
cg03804621,0,0,0,0,0,0,0,0
cg03826642,0,0,0,0,1,1,0,0
cg03848129,0,0,0,0,0,0,0,0
cg03880506,0,0,0,0,1,0,0,0
cg03880611,1,1,1,1,2,2,2,2
cg03889540,1,1,1,1,2,2,1,1
cg03894068,1,1,1,2,2,2,1,2
cg03898952,1,1,1,1,1,1,0,1
cg03906434,0,0,0,0,0,0,0,0
cg04006327,1,2,2,2,2,2,1,2
cg04019914,1,1,1,1,2,1,1,1
cg04036777,1,1,1,1,0,1,1,1
cg04060561,1,2,2,1,0,2,2,1
cg04070847,1,0,0,0,0,0,0,0
cg04131969,1,0,0,0,1,1,1,1
cg04141796,2,2,2,2,2,2,2,2
cg04156219,1,2,2,2,2,1,1,2
cg04176472,0,0,1,0,0,0,0,1
cg04178523,1,1,1,0,0,1,0,0
cg04216235,0,1,1,1,0,0,1,0
cg04217706,2,2,2,2,1,2,2,2
cg04264002,2,2,2,2,1,2,2,1
cg04362989,1,1,1,1,2,1,1,1
cg04391463,0,0,0,0,1,0,0,0
cg04410756,2,1,1,1,0,2,1,1
cg04454285,1,1,1,1,0,1,1,1
cg04481923,1,1,1,1,1,1,1,1
cg04520704,1,1,1,1,1,2,1,1
cg04522575,0,0,0,1,2,1,0,1
cg04547181,0,0,0,0,1,0,0,0
cg04548463,1,2,2,2,1,1,1,2
cg04605697,1,1,1,2,1,2,1,2
cg04630490,0,0,0,1,1,0,1,1
cg04653913,1,1,1,0,1,1,0,1
cg04657146,1,1,1,1,1,1,1,1
cg04671734,0,1,1,1,1,0,1,1
cg04672622,0,0,0,0,0,0,0,0
cg04672903,1,1,1,1,0,1,1,1
cg04713352,1,0,0,0,0,0,1,0
cg04726821,1,0,0,0,1,0,0,0
cg04736911,0,0,0,0,0,1,0,0
cg04737881,0,1,1,1,0,0,1,0
cg04741118,1,1,1,1,1,1,1,1
cg04748010,1,0,0,0,1,1,0,0
cg04781305,0,0,0,0,0,0,0,0
cg04783231,1,0,0,1,0,2,0,0
cg04811114,0,0,0,0,0,0,0,0
cg04876069,0,1,0,1,1,1,1,1
cg04885881,1,0,0,0,0,0,0,0
cg04889800,0,0,0,0,0,0,0,0
cg04908961,1,1,1,1,2,1,1,1
cg04931238,0,0,0,1,0,0,0,0
cg04981007,1,0,0,0,0,0,0,1
cg05004973,1,1,1,1,2,1,1,1
cg05005343,0,0,0,0,0,0,0,0
cg05020125,1,1,1,1,1,1,1,1
cg05030553,1,1,1,1,1,1,1,0
cg05090351,1,1,1,1,2,2,1,1
cg05149097,2,1,1,1,0,1,1,1
cg05168764,0,0,0,0,0,0,0,0
cg05180717,1,1,1,1,2,1,1,1
cg05182265,1,1,1,1,1,2,1,1
cg05254095,1,1,1,1,0,1,1,1
cg05275595,0,0,0,0,0,0,0,0
cg05277122,0,0,1,0,0,0,0,0
cg05292376,0,0,0,0,0,0,0,0
cg05307301,1,0,0,0,0,1,0,0
cg05308504,0,0,0,0,0,0,0,0
cg05353869,2,2,2,2,2,2,2,2
cg05360958,1,2,2,1,2,1,1,1
cg05365735,0,0,0,0,0,0,0,0
cg05371332,2,1,1,1,1,1,1,1
cg05379541,0,0,0,1,0,0,1,0
cg05385718,1,1,1,1,1,1,1,1
cg05403689,0,0,0,0,0,0,0,0
cg05424333,0,0,0,0,0,0,0,0
cg05454501,2,2,2,2,1,2,2,2
cg05460318,2,2,2,2,2,2,2,2
cg05509609,0,0,0,0,0,0,0,0
cg05542785,0,0,0,0,0,0,0,0
cg05547778,0,1,1,1,0,0,1,1
cg05547895,0,1,1,1,0,0,1,1
cg05589489,0,0,0,0,0,0,0,0
cg05620261,1,1,1,1,1,1,1,1
cg05634630,1,1,1,1,0,0,1,1
cg05650719,1,1,1,1,0,1,1,1
cg05658512,1,1,1,1,2,1,1,1
cg05666036,2,1,1,1,0,1,1,2
cg05670953,1,0,0,0,2,0,0,0
cg05702280,0,0,0,0,0,0,0,0
cg05778424,1,1,1,1,0,1,1,1
cg05817845,1,0,0,0,0,0,0,0
cg05851442,0,0,0,0,0,0,0,0
cg05865011,1,1,1,2,0,1,1,1
cg05867245,1,0,0,0,0,1,1,0
cg05879419,1,1,1,1,2,0,0,1
cg05888872,2,1,1,1,2,1,2,2
cg05903444,0,0,0,0,0,0,0,0
cg05946623,1,1,1,1,2,2,1,1
cg05951994,1,2,2,2,2,2,2,2
cg05990312,0,0,0,0,0,0,0,0
cg06000144,2,1,1,1,2,1,1,1
cg06040071,1,0,0,0,0,1,0,0
cg06094482,0,0,0,1,0,0,0,0
cg06188367,1,1,1,1,1,1,1,0
cg06235224,2,1,1,0,0,0,1,1
cg06259025,0,0,0,0,0,0,0,0
cg06263178,1,1,1,1,2,2,1,1
cg06279274,0,0,0,0,0,0,0,0
cg06327515,0,1,1,1,0,0,0,1
cg06365843,1,1,1,1,0,1,0,1
cg06371583,0,1,1,1,0,0,0,0
cg06417478,1,1,1,1,2,1,1,1
cg06478886,1,1,1,1,1,1,1,1
cg06480265,1,0,0,0,1,1,1,1
cg06490113,0,0,0,0,0,0,0,0
cg06512263,1,1,1,1,1,1,1,1
cg06536614,1,1,1,1,1,1,1,1
cg06617217,1,0,0,2,0,1,1,2
cg06623827,2,2,2,2,1,1,2,2
cg06624036,1,1,1,1,1,0,1,1
cg06635900,0,0,0,0,0,0,0,1
cg06640997,1,1,1,2,1,0,2,2
cg06650246,1,1,1,1,0,1,1,1
cg06650379,0,1,1,0,0,0,0,0
cg06677321,0,0,0,1,0,1,1,0
cg06681434,1,1,1,2,2,1,2,2
cg06683316,0,0,0,0,1,0,0,1
cg06710742,0,1,1,0,0,1,0,0
cg06713675,1,0,1,0,1,1,1,1
cg06737308,1,0,0,1,0,1,1,1
cg06751366,1,0,0,0,0,0,0,0
cg06755071,0,0,0,0,0,2,0,0
cg06759314,2,2,2,2,2,2,2,2
cg06770429,0,0,0,0,0,0,1,0
cg06779847,1,2,2,2,2,2,0,2
cg06781532,1,1,1,1,2,1,1,1
cg06813419,2,1,1,2,2,2,2,2
cg06817772,0,1,1,1,0,0,0,1
cg06818052,1,1,0,0,1,1,0,0
cg06834313,2,2,2,2,2,2,2,2
cg06834998,0,0,0,0,0,0,0,0
cg06891458,1,0,0,0,0,0,0,0
cg06902099,0,0,0,0,0,0,0,0
cg06939307,0,1,1,1,0,0,0,1
cg06961233,1,1,1,1,2,1,1,1
cg06962549,1,1,1,1,1,1,1,1
cg06965195,1,1,1,1,2,1,1,1
cg07042014,2,0,0,0,1,1,1,1
cg07048527,0,0,0,0,0,0,0,0
cg07060739,1,1,1,1,0,1,1,1
cg07067710,1,0,0,0,0,2,0,0
cg07073960,2,2,2,2,2,1,2,2
cg07109804,0,0,0,1,0,0,1,1
cg07149179,1,1,1,1,1,1,1,1
cg07184237,0,0,0,0,0,0,0,0
cg07204874,0,0,0,0,0,0,0,0
cg07222861,1,0,0,0,1,0,0,0
cg07300846,2,2,2,2,2,2,2,2
cg07312051,1,0,1,0,0,1,0,0
cg07336123,0,0,0,0,0,0,0,0
cg07337250,1,1,1,1,1,0,1,1
cg07345934,2,1,1,1,1,2,2,1
cg07363270,2,2,2,1,2,2,1,2
cg07375978,0,0,0,0,0,0,0,0
cg07389611,0,0,0,0,0,0,0,0
cg07404485,1,1,1,1,0,1,1,1
cg07429623,1,1,1,1,2,1,0,1
cg07433152,0,0,0,0,0,0,0,0
cg07459594,2,2,2,2,2,1,2,2
cg07501729,1,2,1,1,1,1,1,1
cg07504727,0,0,0,0,2,0,1,0
cg07525682,0,0,0,0,0,0,0,0
cg07530063,2,2,2,2,1,1,2,2
cg07570687,1,1,1,1,0,0,2,1
cg07571734,2,2,2,2,1,2,2,2
cg07581623,1,1,1,1,0,1,1,1
cg07594247,0,0,0,0,1,0,0,0
cg07615383,1,1,1,1,0,1,1,1
cg07629965,1,1,1,1,0,1,1,0
cg07636688,1,1,1,1,2,2,0,1
cg07685357,0,0,0,0,1,0,0,0
cg07769588,0,0,0,0,0,0,0,0
cg07819160,0,0,0,0,0,0,0,0
cg07854954,1,1,1,1,0,1,1,1
cg07856155,2,1,1,1,0,1,1,1
cg07863877,1,1,1,1,2,1,2,2
cg07878514,1,1,2,2,2,1,2,2
cg07891179,2,2,2,2,2,2,2,1
cg07898446,1,1,1,1,2,0,1,1
cg07918978,0,2,2,2,2,1,1,1
cg07935886,0,1,1,1,0,0,1,1
cg07963670,1,1,1,0,1,2,1,2
cg07964754,1,1,1,1,1,1,1,1
cg07967210,1,2,2,2,2,1,2,2
cg07997737,1,1,1,1,1,1,1,1
cg07998277,0,1,1,1,0,0,1,1
cg08024887,2,1,1,2,2,2,1,2
cg08031982,0,0,0,0,0,0,0,0
cg08033722,0,0,0,0,0,0,0,0
cg08066140,1,1,1,1,2,1,1,1
cg08070327,0,0,0,0,1,0,0,0
cg08075719,0,0,0,0,0,0,0,0
cg08084655,0,0,0,0,0,0,0,0
cg08098382,1,2,2,1,2,1,1,1
cg08129953,0,0,0,1,0,0,0,0
cg08144675,2,2,2,2,2,2,2,2
cg08161163,1,0,0,0,0,0,0,0
cg08182270,1,1,1,1,0,1,2,0
cg08203788,1,1,2,2,2,2,2,2
cg08217526,0,0,0,0,0,0,0,0
cg08223357,2,2,2,2,2,2,2,2
cg08247852,1,1,1,1,2,1,1,1
cg08258506,1,0,0,0,2,0,0,1
cg08313539,1,1,1,1,1,1,1,1
cg08318732,0,2,2,2,0,1,2,2
cg08339023,1,2,2,2,0,1,1,2
cg08352422,1,0,0,0,2,1,2,2
cg08352439,0,0,0,0,0,0,0,0
cg08377819,2,2,2,2,2,2,2,2
cg08398567,1,0,0,0,0,1,0,0
cg08410996,2,2,2,2,2,2,2,2
cg08466034,0,0,0,0,0,0,0,0
cg08477332,0,0,0,0,0,0,0,0
cg08491681,1,1,1,1,1,1,1,0
cg08515442,1,1,1,0,0,1,1,1
cg08533710,1,0,0,1,1,1,0,1
cg08541895,1,1,1,0,1,1,1,1
cg08580836,1,1,1,1,2,1,1,1
cg08623383,0,0,0,0,0,1,0,0
cg08624915,0,0,0,0,0,0,0,0
cg08639762,1,1,0,2,1,1,1,1
cg08678044,0,1,1,1,0,0,1,1
cg08681685,1,1,1,1,0,1,1,1
cg08686092,1,1,1,1,1,1,1,1
cg08709360,0,0,0,0,0,0,0,0
cg08734931,2,2,2,2,2,2,1,1
cg08744475,1,1,1,1,2,1,1,1
cg08810053,0,2,2,1,0,0,0,0
cg08822523,0,1,0,1,1,0,0,0
cg08839053,0,0,0,0,0,0,0,0
cg08872493,0,2,1,2,1,0,0,1
cg08881680,1,1,1,1,2,1,1,1
cg08946854,1,1,1,2,1,1,1,1
cg08969950,0,0,0,0,0,0,0,0
cg08991437,0,2,2,1,0,0,1,1
cg09019154,0,0,0,0,0,0,0,0
cg09023624,1,0,0,0,2,0,1,0
cg09063149,0,1,1,1,0,0,0,1
cg09076339,2,1,1,1,2,0,1,1
cg09096031,1,1,1,1,1,0,1,1
cg09118625,1,1,1,1,2,1,1,1
cg09127314,1,1,1,1,2,1,1,1
cg09144964,0,0,0,0,0,0,0,0
cg09180702,1,2,1,1,2,2,1,1
cg09212597,1,0,0,0,0,1,0,0
cg09289202,0,1,1,0,1,0,0,1
cg09323728,0,0,0,0,0,0,0,0
cg09338136,0,0,0,0,0,0,0,0
cg09361469,0,0,0,0,0,0,0,0
cg09381666,1,1,1,1,2,0,1,1
cg09417038,1,1,1,1,0,0,1,0
cg09427016,2,1,1,2,2,1,1,2
cg09460553,1,2,2,1,2,1,1,2
cg09464268,0,1,1,1,0,1,0,0
cg09467607,1,0,0,0,0,1,0,0
cg09471455,1,1,1,1,0,1,1,0
cg09474442,0,0,0,0,1,0,0,0
cg09514174,0,0,0,1,0,0,1,0
cg09524686,0,0,0,0,0,0,0,0
cg09527615,1,1,1,1,1,1,1,1
cg09563777,0,1,1,1,1,0,1,1
cg09566316,0,0,0,0,0,0,0,0
cg09582042,2,1,1,0,2,1,0,0
cg09597638,1,1,1,1,1,1,1,1
cg09608949,1,0,0,0,2,2,0,1
cg09618778,0,0,0,0,0,0,0,0
cg09647867,0,1,1,1,0,0,1,1
cg09667013,1,0,0,0,0,0,0,0
cg09706021,1,1,1,1,1,0,2,2
cg09713850,1,1,1,1,2,0,1,0
cg09715059,1,1,1,1,2,1,1,1
cg09747445,0,0,0,0,0,0,0,0
cg09824603,0,0,0,0,1,0,0,0
cg09830866,1,2,2,1,1,2,1,1
cg09862733,2,0,0,0,0,2,0,0
cg09949789,1,1,1,1,0,0,1,1
cg10011623,1,0,1,1,1,1,2,1
cg10016004,1,1,1,1,2,1,0,0
cg10028549,0,0,0,1,1,0,0,0
cg10064060,1,1,1,1,2,1,1,1
cg10092265,0,0,0,0,0,0,0,0
cg10168457,1,1,1,1,0,1,1,1
cg10177528,1,1,1,1,1,1,1,1
cg10180281,0,0,0,0,0,0,0,0
cg10195146,0,1,1,1,0,0,0,1
cg10202436,0,0,0,0,2,0,1,0
cg10246448,1,1,1,0,1,1,1,0
cg10281770,0,0,0,0,0,0,0,0
cg10322794,0,0,0,1,1,0,0,1
cg10328171,1,2,2,2,2,1,2,2
cg10334976,0,0,0,0,0,0,0,0
cg10336039,0,0,0,0,0,0,0,0
cg10400081,1,1,1,1,0,1,1,1
cg10430077,2,2,2,1,0,2,2,2
cg10449558,1,0,0,0,0,0,0,0
cg10498502,1,1,1,1,1,1,2,1
cg10501602,1,1,1,1,0,1,1,1
cg10528989,2,1,1,1,2,2,1,1
cg10530568,1,2,2,2,1,2,1,2
cg10570158,0,0,0,0,0,0,0,0
cg10596483,2,2,2,1,2,2,2,2
cg10621924,0,0,0,0,0,0,0,0
cg10672416,0,0,0,0,1,0,0,1
cg10688516,1,1,1,1,1,1,1,1
cg10703884,1,1,1,1,1,2,1,1
cg10755723,2,2,2,2,1,2,2,2
cg10763374,1,1,2,2,1,2,1,1
cg10781468,1,1,1,1,0,0,1,2
cg10783797,1,1,1,0,0,0,0,1
cg10804974,1,0,0,1,0,1,0,0
cg10874314,0,0,0,0,0,0,0,1
cg10885151,1,1,1,1,2,1,1,1
cg10925640,0,0,0,1,0,0,0,0
cg10947611,0,0,0,0,0,0,0,0
cg10963793,2,1,1,1,2,1,1,1
cg10968944,1,0,0,0,0,1,0,0
cg10995755,1,0,0,0,0,0,0,0
cg11007120,1,1,1,1,1,1,0,1
cg11039913,1,1,1,1,2,1,1,1
cg11059159,1,1,1,1,1,1,1,1
cg11084470,1,1,1,1,1,1,1,1
cg11161837,2,1,1,1,2,2,1,1
cg11204139,2,2,2,2,2,2,2,2
cg11204974,2,1,2,2,2,2,2,2
cg11218619,1,0,0,0,0,0,0,0
cg11220502,1,1,1,1,2,1,1,1
cg11220732,0,1,1,0,0,0,1,0
cg11228126,0,1,1,1,0,0,1,0
cg11245181,1,1,1,1,0,1,1,1
cg11291081,1,0,0,0,2,0,0,0
cg11322797,0,0,0,0,0,0,0,0
cg11351987,2,2,2,2,2,2,2,2
cg11363527,1,1,1,1,2,1,1,2
cg11376198,2,2,2,2,2,2,2,2
cg11413657,0,0,0,0,0,1,0,0
cg11503210,1,2,2,2,0,2,1,1
cg11522683,0,0,0,1,0,0,0,0
cg11524454,1,1,1,1,2,1,0,1
cg11544420,1,1,1,1,2,1,1,1
cg11586189,1,0,0,1,0,1,0,0
cg11588844,0,0,0,0,0,0,0,0
cg11596009,1,0,1,1,2,1,1,2
cg11600596,1,2,2,2,2,2,1,2
cg11608150,1,1,1,0,0,1,1,1
cg11617938,1,2,2,1,2,1,1,1
cg11653233,1,2,2,2,2,1,2,2
cg11656177,1,1,1,1,1,1,1,1
cg11702085,2,2,2,2,2,2,2,2
cg11719362,1,2,2,2,2,1,1,2
cg11738485,1,1,1,1,1,1,1,1
cg11738486,1,0,0,0,1,0,0,0
cg11749010,2,2,2,2,2,2,2,2
cg11800117,0,0,0,0,0,0,0,0
cg11828983,0,0,0,0,0,0,0,0
cg11835209,1,1,1,1,1,2,1,1
cg11860005,2,1,2,2,1,2,2,2
cg11871991,2,1,1,1,2,2,1,1
cg11965913,0,1,1,1,0,1,1,0
cg11989576,0,0,0,0,0,0,0,0
cg12041401,0,0,0,0,0,0,1,0
cg12054318,1,0,0,0,0,0,0,0
cg12064504,0,0,0,0,1,0,1,1
cg12080831,2,2,2,2,2,1,2,2
cg12135344,0,1,2,2,0,1,1,1
cg12152384,1,1,1,0,0,1,1,0
cg12174804,1,1,1,1,1,1,2,1
cg12215294,2,2,2,2,2,2,2,2
cg12253469,0,0,0,0,0,0,0,0
cg12319143,1,1,1,1,0,0,1,2
cg12324629,1,1,1,1,2,1,1,1
cg12350309,2,2,2,2,2,2,2,2
cg12404181,0,0,0,0,0,0,0,0
cg12450708,2,2,2,2,2,2,2,2
cg12460175,0,0,0,0,0,0,0,0
cg12473775,1,1,1,1,2,0,1,2
cg12492938,0,0,0,0,0,0,0,0
cg12500876,0,0,0,0,0,0,0,0
cg12553689,1,1,1,1,2,1,1,1
cg12574576,0,0,0,0,0,0,0,0
cg12586386,1,0,0,0,0,1,0,0
cg12588917,2,2,2,2,2,2,2,2
cg12615761,2,2,2,2,1,2,2,2
cg12668399,1,0,0,0,2,1,1,1
cg12690119,1,1,1,1,2,1,1,1
cg12705353,2,2,2,2,2,2,1,2
cg12765123,1,0,0,0,0,1,0,0
cg12798194,0,0,0,1,0,1,0,1
cg12809031,2,0,0,0,2,2,0,0
cg12840312,1,1,1,1,0,0,1,0
cg12844324,1,1,1,1,0,1,1,1
cg12850379,0,0,0,0,1,0,0,0
cg12908916,0,1,1,1,1,0,0,1
cg12924430,0,0,0,0,0,0,0,0
cg12927753,1,1,1,1,0,1,2,1
cg12938556,0,0,0,0,0,0,0,0
cg12944343,1,1,1,1,1,1,0,1
cg13027206,0,0,0,0,0,0,0,0
cg13033722,1,1,1,1,1,2,1,1
cg13050716,1,1,0,0,0,1,1,0
cg13126871,1,1,1,1,1,1,1,1
cg13128596,1,0,0,0,1,1,0,0
cg13132497,1,1,2,1,2,1,2,1
cg13172549,0,0,0,0,0,0,0,0
cg13176979,2,1,2,1,2,1,1,1
cg13186228,2,2,2,2,2,2,2,2
cg13198297,0,0,0,0,0,0,0,0
cg13207180,1,1,1,1,0,0,1,2
cg13252700,2,1,1,1,2,1,1,1
cg13278353,0,0,0,0,0,0,0,0
cg13289019,0,1,1,1,1,1,1,1
cg13307058,2,2,2,2,0,1,1,1
cg13316472,0,0,0,0,0,0,0,0
cg13377056,1,1,1,1,0,1,1,1
cg13393036,0,0,0,0,0,0,0,0
cg13405775,1,1,1,1,2,2,1,1
cg13428066,1,1,1,1,1,1,1,1
cg13477101,0,0,0,0,0,0,0,0
cg13500113,1,0,0,1,1,0,1,0
cg13522882,1,0,0,0,0,0,0,0
cg13567405,0,0,0,0,0,0,0,0
cg13572782,0,0,0,0,0,0,0,0
cg13668471,0,0,0,0,0,0,0,0
cg13681655,0,0,1,0,1,0,0,0
cg13683194,0,1,1,1,1,0,0,0
cg13687570,1,1,1,1,2,1,1,1
cg13697378,1,1,1,1,1,1,1,1
cg13734401,2,2,2,2,2,2,2,2
cg13736514,1,1,1,1,0,2,1,1
cg13805518,0,0,0,0,1,0,0,0
cg13809441,1,1,1,1,1,1,1,1
cg13812291,1,1,1,1,1,1,1,1
cg13835029,0,0,0,0,0,1,0,0
cg13845105,0,1,1,1,0,1,1,0
cg13865488,1,1,1,1,1,1,1,1
cg13884376,0,0,0,0,0,0,0,0
cg13904574,2,1,1,1,2,2,1,1
cg13928427,0,0,0,0,0,0,0,0
cg13952159,2,2,2,2,2,2,2,2
cg13972423,0,1,1,2,1,0,1,2
cg13975106,1,1,0,1,2,1,0,1
cg13978566,1,1,1,1,1,1,1,1
cg13980266,0,0,0,0,1,0,0,0
cg13981838,0,1,1,1,2,1,2,2
cg13989519,0,0,0,0,1,0,0,0
cg14032732,1,1,1,1,1,1,1,1
cg14047153,0,0,0,0,0,0,0,0
cg14058329,0,0,0,0,0,0,0,0
cg14068301,1,0,0,1,0,1,1,1
cg14076977,0,1,1,2,0,0,0,0
cg14093127,1,2,2,2,2,2,2,2
cg14113351,0,1,1,1,1,0,1,1
cg14166009,1,1,1,1,2,1,1,1
cg14202048,2,2,2,2,2,2,2,2
cg14242696,0,0,0,0,0,0,0,0
cg14340463,1,0,0,0,0,1,0,0
cg14386312,1,1,1,1,0,1,1,1
cg14413354,0,1,1,1,0,0,1,2
cg14417784,0,0,0,0,0,0,0,0
cg14562054,2,1,2,2,1,2,1,2
cg14580228,1,1,1,1,1,1,1,1
cg14595683,0,0,0,0,0,0,0,0
cg14604066,0,0,0,0,1,0,0,0
cg14637144,1,2,2,2,2,2,1,2
cg14643390,0,0,0,0,0,0,0,0
cg14644378,1,1,1,0,1,2,0,0
cg14693391,1,1,1,1,2,2,1,1
cg14700230,0,1,1,1,1,0,1,1
cg14759494,0,1,1,1,1,1,0,1
cg14794655,0,0,1,1,0,1,1,1
cg14837974,1,0,0,0,0,1,0,0
cg14847483,1,1,1,1,2,1,1,1
cg14850026,0,0,0,0,0,0,0,0
cg14866167,1,1,1,1,1,1,1,1
cg14883961,0,0,0,0,0,0,0,0
cg14893161,1,0,0,0,2,0,0,0
cg14934242,0,0,0,0,0,0,0,0
cg14952312,1,0,1,1,2,1,1,1
cg14965694,1,1,1,1,1,1,1,1
cg15002904,1,1,1,1,1,2,1,1
cg15007983,2,1,1,1,2,1,1,1
cg15008743,1,2,2,1,2,1,1,1
cg15117372,2,2,2,2,1,2,2,2
cg15147215,1,1,1,1,1,1,1,1
cg15199987,1,0,0,0,0,0,0,0
cg15200445,1,1,1,0,2,1,1,1
cg15212455,0,0,0,0,0,0,0,0
cg15224459,0,0,0,0,0,0,0,0
cg15235999,1,0,0,1,1,2,1,1
cg15241074,1,1,1,0,1,1,0,1
cg15246712,1,1,1,1,1,1,1,1
cg15319824,1,0,0,1,0,1,0,0
cg15359390,1,0,0,0,0,1,1,1
cg15401418,2,2,2,2,2,2,2,2
cg15414638,2,2,2,2,2,2,2,2
cg15425811,2,2,2,2,2,2,2,2
cg15464821,2,1,1,1,2,1,2,2
cg15469871,0,0,0,0,0,0,0,0
cg15551981,1,0,0,0,0,0,0,0
cg15690542,1,1,1,1,2,2,1,1
cg15697225,0,1,1,1,2,0,1,1
cg15701794,2,2,2,2,1,2,2,2
cg15702949,0,0,0,0,0,0,0,0
cg15711727,1,2,2,2,1,1,2,2
cg15721243,2,1,1,1,0,2,2,1
cg15777261,0,1,0,0,1,0,0,1
cg15808472,1,2,2,2,2,2,1,2
cg15854394,1,1,1,0,0,0,0,1
cg15867944,0,1,1,1,0,0,0,1
cg15881597,2,0,0,0,2,2,0,0
cg15907060,1,0,0,0,2,2,0,1
cg15996644,0,0,0,0,0,1,0,0
cg16064054,1,1,1,1,2,1,1,0
cg16127514,0,1,1,1,1,0,1,1
cg16148270,1,1,1,1,1,1,1,1
cg16172549,0,0,0,0,1,0,0,0
cg16243243,2,2,2,2,2,2,2,2
cg16254756,1,1,1,1,2,1,1,1
cg16266669,1,1,1,0,1,1,1,0
cg16274899,1,1,0,0,0,2,0,1
cg16296679,0,0,0,0,0,1,0,0
cg16303742,2,1,2,1,2,1,1,1
cg16311302,1,1,1,1,1,1,1,1
cg16314899,1,1,1,1,1,1,1,1
cg16319129,1,1,1,1,2,1,1,1
cg16345566,2,2,2,2,2,2,1,2
cg16387467,1,1,2,1,2,2,1,2
cg16391973,0,0,0,0,0,0,0,0
cg16413785,1,0,0,0,2,1,1,0
cg16430166,2,2,2,2,2,2,2,2
cg16470716,2,2,2,2,2,2,1,2
cg16475891,0,0,0,0,1,1,1,1
cg16496269,1,1,1,1,2,0,1,0
cg16527418,2,2,2,2,2,2,2,2
cg16533146,0,0,0,0,0,0,0,0
cg16585333,0,0,0,0,0,0,0,0
cg16602369,0,0,0,0,0,0,0,0
cg16645423,1,0,0,1,2,1,1,1
cg16659026,1,1,1,1,0,1,1,1
cg16664617,1,1,2,2,2,1,1,2
cg16681083,0,0,0,0,0,0,0,0
cg16714096,0,0,0,0,0,0,0,0
cg16717267,0,0,0,1,0,0,0,1
cg16735509,0,0,0,0,0,0,0,0
cg16743289,1,1,1,1,2,1,1,1
cg16752400,0,1,1,1,0,1,1,1
cg16814023,0,0,0,0,0,0,0,0
cg16852440,0,0,0,0,0,0,0,0
cg16893174,1,1,1,0,2,1,1,1
cg17006282,0,0,0,0,0,1,0,0
cg17016000,1,1,1,1,2,1,1,1
cg17074431,1,1,1,1,1,1,1,1
cg17098387,2,2,2,2,2,2,2,2
cg17118836,2,1,1,1,1,2,1,1
cg17174814,2,2,2,2,2,2,2,1
cg17186388,1,1,1,1,0,0,1,1
cg17191109,2,1,1,2,1,2,1,2
cg17254383,1,1,1,1,1,1,1,1
cg17259096,0,1,1,1,2,1,1,1
cg17306686,0,0,0,0,0,0,0,0
cg17333886,1,1,1,1,2,1,1,1
cg17393917,0,0,0,0,0,0,0,0
cg17397069,1,2,2,1,2,2,2,2
cg17420585,0,1,0,1,1,0,1,0
cg17434008,1,1,1,1,2,1,1,1
cg17445212,0,0,0,0,0,0,0,0
cg17468100,2,1,1,1,0,2,0,1
cg17491987,0,0,0,0,0,0,0,0
cg17500703,1,2,2,2,1,1,2,1
cg17511472,0,0,0,0,0,0,0,0
cg17605021,1,1,1,1,2,1,1,1
cg17610933,1,1,1,1,2,1,1,1
cg17668731,1,0,0,1,1,0,0,1
cg17680092,0,0,0,0,0,0,0,0
cg17692971,1,2,2,2,0,0,1,2
cg17694351,1,1,1,1,0,1,1,1
cg17713488,0,0,0,0,0,0,0,0
cg17723381,0,0,0,0,0,0,0,0
cg17795240,0,0,0,0,0,0,0,0
cg17805072,2,2,2,1,2,1,2,1
cg17820828,1,1,1,1,0,1,1,1
cg17839611,0,0,0,0,0,0,0,0
cg17877220,1,1,1,1,0,1,1,1
cg17961725,1,0,0,0,1,1,0,0
cg18005867,1,1,1,1,1,2,1,1
cg18046394,2,2,1,2,2,2,1,1
cg18059933,0,0,0,0,0,0,0,0
cg18104242,2,1,1,1,2,1,1,1
cg18110333,1,1,1,1,1,1,1,1
cg18168249,0,0,0,0,0,0,0,0
cg18209323,2,2,2,2,2,2,2,2
cg18222865,1,1,1,1,2,1,0,1
cg18232861,0,0,0,0,0,0,0,0
cg18241308,1,0,0,0,1,1,0,0
cg18269963,1,1,1,1,2,1,1,2
cg18279536,1,1,1,1,1,0,1,1
cg18320188,1,0,0,0,0,0,0,0
cg18322025,2,2,2,2,2,2,2,2
cg18330203,0,1,1,1,2,0,1,1
cg18335505,1,2,2,2,1,1,2,2
cg18351329,0,1,1,1,2,1,1,1
cg18352516,1,2,2,2,1,1,2,1
cg18368411,1,0,1,0,1,2,2,1
cg18372208,0,0,0,0,0,0,0,0
cg18402987,1,1,1,1,1,0,1,1
cg18448614,0,0,0,0,0,0,0,0
cg18449021,0,0,0,0,0,0,0,0
cg18460830,1,0,0,0,0,1,0,0
cg18464823,2,1,1,1,2,2,1,1
cg18467189,0,0,0,0,0,0,0,0
cg18482112,1,0,0,0,0,0,0,0
cg18506672,2,2,2,2,2,2,2,2
cg18507732,0,1,1,1,1,0,2,1
cg18520517,1,1,1,1,0,1,0,0
cg18522231,0,0,0,0,0,0,0,0
cg18558073,1,1,1,1,0,1,0,1
cg18571156,0,0,0,0,0,0,0,0
cg18587504,0,0,0,0,0,0,0,0
cg18587557,1,1,1,1,1,1,1,1
cg18634560,0,0,0,0,1,0,0,1
cg18648917,1,1,1,1,1,1,1,1
cg18665594,2,2,2,2,2,2,2,2
cg18670770,2,2,2,2,2,2,2,2
cg18678645,1,1,1,1,1,1,1,1
cg18693051,0,0,0,0,0,0,0,0
cg18707489,2,2,2,2,1,2,1,1
cg18713748,2,2,2,2,2,2,2,2
cg18735089,1,1,1,1,2,1,1,1
cg18792146,2,2,2,2,2,2,2,2
cg18850089,2,1,1,1,1,2,1,1
cg18856614,0,0,0,0,0,1,0,0
cg18857062,2,2,2,2,2,2,2,2
cg18865445,1,1,0,1,2,0,0,0
cg18912107,0,0,0,0,0,0,0,1
cg18934443,1,0,0,0,1,2,0,0
cg19002149,0,0,0,0,0,0,0,0
cg19003815,1,1,1,1,2,1,1,1
cg19050152,1,1,1,1,1,1,1,1
cg19098465,0,0,0,0,0,0,0,0
cg19101232,0,0,0,1,0,0,0,0
cg19107578,2,1,1,1,1,1,1,1
cg19117047,1,1,1,1,1,1,1,1
cg19149522,2,2,2,2,2,2,2,2
cg19183879,1,1,1,1,1,1,0,1
cg19186380,1,1,1,1,1,2,1,1
cg19190762,0,1,1,0,0,0,0,0
cg19196401,1,1,1,1,0,1,2,2
cg19257832,1,0,0,0,0,1,0,0
cg19327615,2,2,2,1,2,2,2,1
cg19333883,1,1,1,1,1,1,0,1
cg19335130,0,0,0,0,0,0,0,0
cg19375981,0,0,0,0,0,0,0,0
cg19455642,0,1,0,1,0,1,0,0
cg19480425,0,1,1,1,0,0,1,1
cg19566774,0,1,1,0,0,0,1,0
cg19572487,1,0,0,0,0,0,0,0
cg19579217,0,0,0,0,0,0,0,0
cg19584649,0,0,0,0,0,0,0,0
cg19658332,0,1,1,0,0,0,1,1
cg19660806,0,0,0,1,2,0,0,0
cg19678392,1,1,1,1,0,1,1,1
cg19701879,2,1,1,1,1,2,1,1
cg19730268,2,2,2,2,2,2,2,2
cg19811337,2,2,2,2,2,2,2,2
cg19820328,1,0,0,0,0,1,0,0
cg19970883,0,1,1,0,0,0,0,0
cg19977004,0,0,0,0,0,0,0,0
cg19978674,0,1,0,1,1,0,1,0
cg19980929,1,1,1,0,1,0,1,0
cg19998073,1,2,2,2,1,1,1,1
cg19998150,1,1,1,1,2,1,1,1
cg20008140,1,1,1,1,2,1,1,1
cg20016411,1,0,0,0,1,1,0,2
cg20018425,1,1,1,1,0,1,2,1
cg20060685,0,0,0,0,0,0,0,0
cg20104774,0,0,0,0,1,1,0,0
cg20117519,2,1,1,1,1,2,1,1
cg20119798,2,2,2,2,2,2,1,1
cg20131596,0,1,1,1,2,2,1,1
cg20165520,0,0,0,0,0,0,0,0
cg20174730,0,0,0,0,0,0,0,0
cg20176388,2,1,1,1,1,2,1,2
cg20181209,0,1,0,2,0,1,1,1
cg20222562,0,1,1,0,1,0,1,0
cg20268039,2,2,2,2,2,2,1,2
cg20276677,1,1,1,1,2,0,0,0
cg20309640,1,1,1,1,1,1,1,1
cg20340346,0,0,0,0,0,0,0,0
cg20375709,0,0,0,1,0,0,0,0
cg20379593,2,1,1,1,2,2,1,1
cg20388732,1,1,1,1,2,1,1,0
cg20432671,2,2,2,2,2,2,2,2
cg20458044,1,1,1,1,2,1,2,1
cg20504791,0,0,0,0,0,0,0,0
cg20513206,0,0,0,0,0,1,0,0
cg20515136,0,0,0,1,2,0,1,0
cg20519373,0,0,0,0,0,0,0,0
cg20569203,1,2,2,2,1,1,2,2
cg20570109,2,2,2,2,2,2,2,2
cg20630655,1,1,1,1,2,1,1,1
cg20660989,1,1,1,1,0,1,1,1
cg20677143,2,1,1,1,0,2,1,1
cg20715295,0,2,2,2,1,0,2,2
cg20740051,0,0,0,0,0,0,0,0
cg20743744,0,1,0,0,2,0,0,1
cg20747739,1,2,2,1,0,1,2,1
cg20770409,1,1,1,1,1,1,1,1
cg20801007,1,1,1,1,0,1,1,1
cg20848291,0,0,0,0,0,0,0,0
cg20885179,2,1,1,2,1,2,1,1
cg20911165,1,1,1,0,2,1,0,1
cg20956390,2,2,2,2,1,2,1,0
cg21010569,0,0,0,0,0,0,0,0
cg21041888,0,0,0,0,0,0,0,0
cg21051519,2,2,2,2,2,2,2,2
cg21061071,1,0,0,0,0,0,0,0
cg21073930,1,1,1,1,2,1,1,1
cg21103992,1,0,0,0,1,1,0,0
cg21109167,1,0,0,0,1,0,0,0
cg21116457,1,1,1,1,0,0,1,1
cg21147203,1,0,0,1,1,1,1,1
cg21153160,1,1,1,1,1,1,1,1
cg21159260,0,0,0,0,1,0,0,0
cg21179831,1,1,1,0,0,2,1,1
cg21183502,1,0,0,0,0,0,0,0
cg21220403,1,2,2,1,2,1,2,1
cg21235119,1,1,1,0,0,1,0,1
cg21361856,1,0,0,0,2,1,0,0
cg21371809,1,1,1,2,0,1,2,2
cg21392385,1,0,0,0,1,0,0,1
cg21468274,1,0,0,0,0,0,0,1
cg21500126,1,0,0,1,0,1,0,0
cg21521117,2,2,2,2,2,1,2,2
cg21523688,1,1,1,1,0,1,1,1
cg21548813,1,1,1,1,1,1,1,1
cg21573200,1,1,1,1,1,1,1,1
cg21580428,2,2,2,2,2,2,2,1
cg21583723,2,2,2,2,0,2,2,2
cg21610815,0,0,0,0,0,0,0,0
cg21626848,1,1,1,1,2,0,1,1
cg21646955,1,1,1,1,2,1,1,1
cg21665744,0,0,0,0,0,0,0,0
cg21702011,2,2,1,2,0,2,1,1
cg21746425,1,1,1,1,0,1,1,1
cg21750887,1,1,1,0,2,1,1,0
cg21790715,1,1,2,2,2,1,2,1
cg21838488,2,2,2,2,1,2,1,2
cg21859290,1,1,1,1,0,0,1,0
cg21865657,1,0,0,0,1,0,0,0
cg21910650,2,1,1,1,2,2,1,1
cg21915449,1,1,1,1,1,1,1,1
cg22033281,1,1,1,1,0,1,1,0
cg22109795,1,0,0,1,1,1,0,0
cg22115748,0,0,0,0,0,0,0,0
cg22212414,2,2,1,2,1,2,2,2
cg22234712,0,0,0,0,0,0,0,0
cg22264616,0,1,1,1,0,0,0,1
cg22307029,1,1,1,1,2,1,1,1
cg22321572,0,0,0,0,0,0,0,0
cg22358580,1,0,0,0,1,1,0,0
cg22407822,1,1,1,1,1,1,1,1
cg22407942,1,1,1,1,1,1,1,0
cg22466678,0,0,0,0,0,0,0,0
cg22533683,1,1,1,1,1,1,1,1
cg22555495,2,1,1,1,2,2,1,1
cg22590775,1,0,0,0,1,1,0,0
cg22595230,0,0,0,0,0,0,0,0
cg22611163,1,1,1,1,1,1,1,1
cg22622123,0,0,0,0,0,0,1,0
cg22677858,1,1,1,1,0,1,1,0
cg22684041,0,0,0,0,0,0,0,0
cg22697853,2,1,1,1,2,2,1,1
cg22705959,0,0,0,0,0,0,0,0
cg22721998,2,2,2,2,1,2,2,2
cg22784187,1,0,0,0,1,1,0,0
cg22796248,1,0,0,1,1,1,1,1
cg22827806,0,0,1,1,2,1,1,1
cg22833175,2,1,1,1,2,2,1,1
cg22841772,2,1,1,1,2,1,1,1
cg22867156,2,2,2,2,2,2,2,2
cg22872064,0,0,0,0,0,0,0,0
cg22879626,1,0,0,0,0,1,0,0
cg22894896,0,0,0,1,0,0,0,0
cg22898082,1,0,1,1,1,1,0,0
cg22901840,1,1,1,1,1,1,1,1
cg22960869,2,2,2,2,1,1,1,1
cg22984769,2,1,1,1,1,2,1,1
cg23003926,2,1,1,0,1,2,0,0
cg23013853,2,2,2,2,1,1,2,2
cg23053407,0,0,0,0,1,0,0,0
cg23054121,1,2,2,2,0,2,2,1
cg23107878,1,1,1,1,2,1,1,1
cg23168425,1,0,0,0,0,0,1,1
cg23181159,0,1,1,0,2,0,0,1
cg23217680,1,1,1,1,2,0,1,1
cg23221052,0,0,0,0,0,0,0,0
cg23226914,2,2,2,2,2,2,2,2
cg23284609,0,0,0,0,1,0,0,0
cg23303188,0,0,0,0,0,0,0,0
cg23323891,1,2,2,2,1,1,2,2
cg23331961,0,1,1,1,0,1,2,1
cg23396177,0,0,0,0,0,0,0,0
cg23409168,0,0,0,0,2,0,0,0
cg23423227,1,1,1,0,2,2,0,0
cg23425316,1,1,1,1,0,1,1,1
cg23445878,1,0,0,0,0,1,0,0
cg23453353,0,0,1,0,0,0,0,0
cg23490300,1,1,1,1,0,1,1,1
cg23496516,0,0,0,0,0,0,0,0
cg23499929,0,0,0,1,0,1,0,0
cg23562538,1,0,0,0,1,0,0,0
cg23573129,0,0,0,0,1,0,0,0
cg23622616,0,0,0,0,0,0,0,0
cg23658684,1,2,2,2,1,0,1,1
cg23708337,1,1,1,1,0,1,1,1
cg23732725,1,0,0,0,0,1,0,0
cg23746600,0,0,0,0,0,0,0,0
cg23748340,0,1,1,1,2,1,1,1
cg23759393,2,2,2,2,0,2,1,2
cg23796525,0,0,0,0,0,0,0,0
cg23884217,1,1,0,1,2,2,0,1
cg23892836,2,2,2,2,2,2,2,2
cg23921523,1,0,0,1,0,1,1,1
cg23929194,0,0,0,1,0,0,0,0
cg23933095,1,1,1,1,2,2,2,1
cg23942311,2,2,2,2,2,2,2,2
cg23971381,2,2,2,2,2,2,2,2
cg24008358,1,2,2,2,0,2,2,2
cg24033859,0,0,0,0,2,0,1,0
cg24048949,0,1,1,1,0,0,1,1
cg24061122,1,2,2,1,1,1,1,2
cg24128316,0,0,0,0,0,1,0,0
cg24195486,1,1,1,1,2,1,1,1
cg24218620,1,0,1,0,0,0,0,0
cg24317406,1,1,1,1,1,1,0,1
cg24319836,2,0,0,0,2,2,0,0
cg24322968,1,1,1,1,2,1,1,1
cg24324837,2,1,1,1,2,1,1,0
cg24334149,0,0,0,0,0,0,0,1
cg24345747,1,0,0,0,1,1,0,0
cg24358846,2,2,2,2,2,2,2,2
cg24395504,1,1,0,1,1,1,1,1
cg24421906,0,1,1,1,0,1,1,1
cg24429310,1,0,0,0,1,1,0,0
cg24460268,2,1,1,2,2,2,2,2
cg24482350,0,0,0,0,0,0,0,0
cg24496563,0,0,0,0,0,1,1,0
cg24512973,2,2,2,2,2,2,2,2
cg24542929,1,1,1,1,2,1,1,0
cg24576358,0,0,0,0,0,0,0,0
cg24581226,1,1,1,1,0,1,1,1
cg24585203,1,1,1,1,2,2,1,1
cg24601559,1,1,1,1,2,1,1,1
cg24617313,2,1,1,2,2,1,1,2
cg24624505,0,0,0,0,0,0,0,0
cg24631482,2,2,2,2,2,2,2,2
cg24642523,1,1,1,1,2,1,1,1
cg24670552,0,0,0,0,0,0,0,0
cg24687529,2,1,1,2,2,2,1,2
cg24691910,0,0,0,0,0,0,0,0
cg24702253,1,0,0,0,2,1,0,0
cg24733637,0,0,0,0,0,0,0,0
cg24754277,1,0,0,0,1,0,1,1
cg24776142,1,1,0,1,1,1,1,2
cg24834889,1,1,1,1,2,1,1,1
cg24843346,1,0,0,0,1,1,0,0
cg24854704,0,0,0,0,0,1,0,0
cg24865779,2,1,1,1,2,2,2,1
cg24869601,0,0,0,0,0,0,0,0
cg24907011,0,1,1,1,0,0,1,1
cg24907270,2,0,0,1,1,2,1,1
cg24920358,2,2,1,2,2,2,2,2
cg24928110,0,0,0,0,0,0,0,0
cg24961795,0,1,1,1,0,1,0,1
cg24969520,1,1,1,1,0,1,1,1
cg25023298,2,2,2,2,2,2,2,2
cg25025879,1,1,1,1,2,0,2,1
cg25043559,1,1,1,0,2,1,1,1
cg25048985,1,1,1,1,2,1,1,1
cg25090994,1,1,1,2,2,1,2,2
cg25123266,2,2,1,2,1,2,1,1
cg25130385,0,0,0,0,1,0,0,1
cg25206536,1,1,1,1,0,0,1,1
cg25223285,1,1,1,1,1,1,1,1
cg25262528,0,1,1,1,0,1,1,1
cg25264265,1,1,1,1,2,2,2,1
cg25299750,0,0,0,0,0,0,0,0
cg25309343,0,0,0,0,0,0,0,0
cg25340403,0,1,1,0,0,0,1,1
cg25340688,1,1,1,1,1,1,1,1
cg25350411,1,1,1,1,1,1,1,1
cg25352397,2,1,1,2,2,2,2,2
cg25390165,0,0,0,0,0,0,0,0
cg25477813,1,2,2,2,2,1,1,2
cg25526039,1,2,2,1,1,1,2,2
cg25560247,1,2,2,1,2,2,1,1
cg25629418,0,1,1,1,0,1,1,1
cg25634141,0,0,0,0,0,0,0,0
cg25652454,1,0,0,1,2,1,2,1
cg25652742,1,0,1,0,2,0,0,0
cg25742326,2,1,1,1,1,1,1,1
cg25771195,0,0,0,1,0,0,1,0
cg25786696,2,2,2,2,1,2,2,1
cg25801742,2,2,2,2,2,2,2,2
cg25815440,1,1,1,1,2,0,0,1
cg25877436,0,0,0,0,0,0,0,0
cg25914921,0,0,0,1,0,1,0,0
cg25986202,1,1,1,2,2,1,1,2
cg26064535,1,1,1,1,2,1,1,1
cg26090062,1,1,1,1,2,2,1,1
cg26127836,2,2,2,2,2,2,2,2
cg26143719,0,0,0,1,0,0,0,0
cg26148377,1,1,1,1,1,1,1,1
cg26154714,0,0,0,0,1,0,0,0
cg26172504,1,2,2,2,2,2,2,2
cg26195495,0,0,0,0,0,0,0,0
cg26224060,1,1,1,1,2,1,1,1
cg26234900,1,1,1,1,2,0,1,1
cg26239297,2,1,1,1,1,0,1,1
cg26250400,0,1,1,0,1,1,0,0
cg26262055,1,1,1,1,2,1,1,1
cg26270695,1,0,0,0,0,1,0,0
cg26313699,0,0,0,0,0,0,0,0
cg26338947,0,0,0,0,0,0,0,0
cg26527457,0,0,0,1,0,1,0,0
cg26536593,0,0,0,0,0,0,0,0
cg26539631,1,1,1,1,0,1,1,1
cg26639479,1,1,1,1,0,0,1,0
cg26667586,2,2,1,2,2,1,1,2
cg26681628,0,0,0,0,0,2,0,0
cg26707664,1,1,1,1,0,1,1,1
cg26725201,2,2,2,2,2,2,2,2
cg26734888,1,1,1,1,1,1,1,1
cg26750617,1,1,1,1,2,1,1,1
cg26750927,0,0,0,1,0,0,0,0
cg26779676,2,2,2,2,2,2,2,2
cg26802564,0,0,0,0,1,0,0,0
cg26850624,0,0,0,0,0,0,0,0
cg26857315,0,2,1,1,2,2,1,1
cg26896946,1,1,1,1,1,1,1,1
cg26924440,2,2,2,1,2,2,1,2
cg26960833,0,0,0,0,0,0,0,0
cg26985203,1,0,0,0,1,0,0,1
cg26992600,2,2,2,2,2,2,2,1
cg27039625,0,0,0,0,0,0,0,0
cg27130359,0,0,0,0,0,1,0,0
cg27134767,1,1,1,0,0,1,1,0
cg27177158,1,1,1,1,0,1,1,1
cg27200630,0,0,0,0,1,0,0,0
cg27203184,1,1,1,2,0,1,1,1
cg27216076,0,1,1,1,0,0,1,1
cg27237671,1,2,2,2,2,2,2,2
cg27300647,0,0,0,0,0,0,0,0
cg27333706,0,0,0,0,0,0,0,0
cg27333886,0,0,0,0,0,2,2,1
cg27345989,1,1,1,1,1,0,1,1
cg27361914,2,2,2,1,2,2,2,2
cg27366882,0,0,0,0,0,0,0,0
cg27370104,0,0,0,0,0,0,0,0
cg27375286,0,0,0,0,0,0,0,0
cg27396056,1,0,0,0,0,1,0,0
cg27398720,0,0,0,0,0,0,0,0
cg27416898,0,0,0,0,1,0,0,0
cg27427491,0,0,0,0,0,0,0,0
cg27454412,0,0,0,0,0,0,0,0
cg27480580,1,2,2,2,2,1,2,1
cg27485402,1,0,0,0,0,0,0,0
cg27493010,2,2,2,2,2,2,2,2
cg27496296,1,1,1,1,1,1,1,1
cg27571374,1,1,1,1,2,1,1,1
cg27620317,1,2,2,1,1,1,2,2
