Labels,XA L 5,XA L 6,XB L 7,XB L 8,XA L -5,XA L -6,XB L -7,XB L -8
cg00024494,1,1,1,0,1,0,1,1
cg00034101,0,0,1,0,0,1,0,0
cg00078857,1,1,0,1,1,0,1,1
cg00107579,0,0,0,0,0,0,0,1
cg00153919,0,1,1,1,1,0,1,1
cg00292669,1,1,1,0,1,1,2,2
cg00301396,1,1,1,1,1,0,1,0
cg00361017,0,0,2,2,0,0,0,0
cg00369376,0,1,0,0,0,0,0,0
cg00381755,1,1,1,1,1,1,1,1
cg00384205,2,1,0,1,2,2,2,2
cg00397910,0,1,2,1,0,1,1,2
cg00408773,0,0,2,2,0,0,1,0
cg00428638,2,2,2,2,2,2,1,2
cg00431565,0,0,0,0,0,0,0,0
cg00473597,1,1,1,0,1,1,0,1
cg00504902,1,2,1,2,2,2,1,2
cg00604454,1,1,0,0,1,0,1,1
cg00610991,2,2,1,1,1,2,1,1
cg00619263,1,0,0,1,1,0,0,2
cg00631327,0,0,0,0,0,0,0,0
cg00631329,1,1,1,1,2,1,1,1
cg00659077,1,0,1,1,0,1,2,1
cg00666014,1,1,1,1,2,1,2,1
cg00666422,0,1,0,0,0,1,0,0
cg00718336,0,0,1,1,0,0,0,1
cg00739471,0,1,2,0,0,1,0,1
cg00753924,1,2,0,2,1,1,1,0
cg00807197,2,2,2,2,2,2,2,2
cg00813752,1,1,2,1,1,1,1,1
cg00851732,1,0,0,1,0,0,0,1
cg00871610,0,0,1,1,0,1,1,0
cg00899350,2,2,2,2,1,2,2,2
cg00918181,0,0,0,0,0,0,0,0
cg00923880,1,0,0,0,0,0,1,0
cg00930606,0,0,0,0,0,0,0,0
cg00953006,1,2,1,2,1,2,1,1
cg00973118,0,0,0,0,0,0,0,0
cg00980622,1,1,0,0,2,1,1,0
cg01000188,1,2,2,1,2,2,2,2
cg01017147,1,1,1,1,1,1,0,1
cg01066431,0,1,1,1,1,1,1,1
cg01078772,0,0,0,0,0,0,0,0
cg01094192,1,0,0,0,0,0,0,0
cg01094687,1,1,2,1,1,1,1,0
cg01094748,2,2,1,2,2,2,2,2
cg01101873,0,0,0,0,0,0,0,0
cg01104306,1,1,0,1,2,0,0,0
cg01126532,2,1,2,1,2,1,0,2
cg01156747,1,0,0,0,1,0,0,0
cg01165661,1,1,1,1,0,1,1,0
cg01169021,2,2,2,2,2,2,2,2
cg01180479,0,0,0,0,0,0,0,0
cg01196336,0,0,0,0,0,0,0,0
cg01208566,1,0,1,1,2,1,1,0
cg01218619,2,2,2,2,2,2,2,2
cg01219135,2,2,2,2,2,2,2,2
cg01223011,0,0,0,0,0,0,0,2
cg01242676,1,1,0,0,0,0,1,0
cg01248445,1,2,0,1,0,1,1,1
cg01270593,2,2,2,2,2,2,2,2
cg01274753,0,0,0,0,0,0,0,0
cg01293179,0,1,1,0,0,0,0,0
cg01301319,0,0,0,0,0,0,0,0
cg01309328,1,1,1,0,0,1,2,2
cg01314743,2,1,0,0,0,1,1,1
cg01324343,0,0,0,0,0,0,0,0
cg01351327,0,0,1,1,0,0,1,0
cg01359962,0,0,0,0,0,0,0,0
cg01365639,1,2,0,1,0,1,1,1
cg01396157,1,1,0,0,1,1,1,0
cg01426903,1,1,0,1,1,1,0,0
cg01435791,0,1,1,1,0,1,1,0
cg01439322,1,1,0,0,1,1,1,0
cg01484296,0,0,0,0,0,0,0,0
cg01485549,0,0,0,0,0,0,0,0
cg01530154,0,0,1,1,1,0,1,1
cg01552731,1,1,0,0,0,1,0,1
cg01569709,1,1,1,0,1,1,1,0
cg01584932,1,1,2,0,1,1,1,1
cg01601299,0,2,1,0,0,0,0,2
cg01607530,0,1,1,0,0,0,0,0
cg01613691,0,1,0,0,0,0,0,0
cg01622416,0,0,1,1,0,0,0,0
cg01646323,1,0,0,0,1,0,0,0
cg01758314,0,0,0,0,0,0,0,0
cg01806192,0,1,1,0,0,1,1,1
cg01809217,2,1,1,1,1,1,1,1
cg01830073,0,0,1,0,0,0,0,0
cg01870826,1,1,1,1,1,2,2,1
cg01874867,0,0,0,0,0,0,0,0
cg01894498,0,0,0,0,0,0,0,0
cg01905633,1,0,0,1,1,1,0,1
cg01987333,0,2,0,1,0,2,1,1
cg02032841,0,1,0,0,0,1,0,0
cg02067022,1,2,2,2,1,2,2,2
cg02105042,1,0,0,1,1,0,1,1
cg02158486,1,1,2,1,0,1,1,1
cg02228675,0,0,0,0,0,0,0,0
cg02238549,1,1,0,0,1,0,0,1
cg02273436,1,1,2,2,2,2,0,1
cg02274366,0,1,1,1,0,1,0,0
cg02278114,1,0,0,1,0,2,1,0
cg02315096,1,1,0,0,0,1,0,1
cg02326224,0,0,0,1,0,0,1,1
cg02331649,1,2,2,0,0,1,1,1
cg02400092,2,2,2,1,2,2,0,1
cg02421962,1,1,1,2,0,0,1,1
cg02426999,1,1,2,2,1,2,1,1
cg02428792,1,2,1,2,2,2,2,2
cg02450064,0,0,0,0,0,0,0,0
cg02473254,0,0,0,0,0,0,0,0
cg02484210,0,1,1,2,0,0,0,1
cg02498063,0,0,0,0,0,0,0,0
cg02508651,0,0,0,0,0,0,0,0
cg02518216,2,2,2,2,2,2,1,1
cg02531924,0,0,0,1,0,1,0,0
cg02546490,0,0,0,0,0,0,0,0
cg02552250,2,2,2,2,2,2,2,2
cg02586712,1,1,0,0,0,0,1,0
cg02596779,1,1,0,0,1,0,1,1
cg02607237,1,1,1,1,1,1,0,0
cg02616710,0,1,1,1,0,0,1,1
cg02621481,0,0,0,0,0,0,0,0
cg02624836,2,1,1,1,2,0,2,1
cg02641400,0,0,0,0,0,0,0,0
cg02645340,0,0,0,0,0,0,0,0
cg02675527,1,1,1,1,1,2,0,0
cg02736908,0,0,0,0,0,0,0,0
cg02738086,0,0,1,0,0,0,0,0
cg02744588,2,2,2,1,1,1,1,1
cg02753027,1,1,1,1,1,1,0,1
cg02796478,0,1,0,1,1,1,0,1
cg02799427,0,1,0,0,0,0,1,0
cg02872426,0,1,0,1,2,1,2,2
cg02881189,1,2,1,0,1,2,0,1
cg02942766,1,1,1,1,1,2,1,1
cg02971253,1,0,0,0,1,0,0,0
cg03041510,1,1,1,1,0,1,1,1
cg03047995,0,0,0,0,0,0,0,0
cg03095800,0,1,1,1,1,0,0,1
cg03147184,1,0,0,0,0,0,0,0
cg03176993,0,0,1,1,0,0,0,1
cg03179435,2,1,1,1,2,1,2,2
cg03190769,0,0,0,1,0,0,0,0
cg03207666,0,0,0,0,0,0,0,0
cg03209871,1,1,0,0,0,0,0,0
cg03242666,1,0,1,0,0,1,1,0
cg03270395,0,1,1,1,1,1,2,2
cg03271533,2,1,1,1,2,1,1,1
cg03278811,0,0,0,0,0,0,0,0
cg03297163,0,0,0,0,0,0,0,0
cg03315344,0,0,0,0,0,0,0,0
cg03325664,1,1,1,1,1,1,2,1
cg03330678,2,2,2,2,2,1,2,2
cg03370951,0,0,1,1,0,0,0,0
cg03395511,1,1,1,1,1,1,2,2
cg03421353,0,1,0,0,0,0,0,0
cg03428047,0,1,0,2,0,1,0,1
cg03428864,0,1,0,0,0,0,0,0
cg03433986,0,1,0,1,0,1,0,1
cg03444077,0,0,0,0,0,0,0,0
cg03481509,1,1,0,0,1,1,1,1
cg03520938,0,0,0,0,0,0,0,0
cg03556313,1,1,0,0,1,1,1,0
cg03611551,1,1,0,0,1,0,0,0
cg03646740,0,1,0,0,0,0,0,0
cg03669367,1,1,0,0,0,1,1,0
cg03695236,2,2,1,1,2,2,2,2
cg03706720,1,0,0,0,1,0,0,1
cg03721454,1,1,1,0,0,0,0,1
cg03738707,2,2,2,2,2,2,2,2
cg03753385,1,1,1,1,0,0,0,0
cg03755052,0,0,0,0,0,2,1,2
cg03804621,0,0,0,0,0,0,0,0
cg03826642,2,2,1,1,2,1,1,1
cg03848129,1,1,1,1,1,1,1,1
cg03880506,0,0,0,1,1,0,1,0
cg03880611,1,1,1,2,1,1,1,0
cg03889540,0,1,1,1,1,1,1,2
cg03894068,2,1,1,2,1,2,2,2
cg03898952,0,0,0,0,0,0,0,0
cg03906434,0,0,0,0,0,0,0,0
cg04006327,1,2,1,0,1,1,1,1
cg04019914,1,1,1,1,0,1,0,0
cg04036777,0,0,0,0,0,0,0,0
cg04060561,0,1,1,1,1,1,1,2
cg04070847,1,1,0,0,1,2,0,1
cg04131969,1,1,1,1,1,1,1,1
cg04141796,1,1,1,1,1,1,1,0
cg04156219,2,2,1,1,2,1,1,1
cg04176472,1,0,1,1,0,1,1,0
cg04178523,1,1,0,0,1,0,1,0
cg04216235,2,2,0,1,1,2,2,1
cg04217706,0,0,0,0,0,0,0,0
cg04264002,0,2,0,1,0,0,0,0
cg04362989,1,1,1,0,0,1,0,0
cg04391463,1,1,1,1,1,1,1,0
cg04410756,1,1,1,1,1,0,1,1
cg04454285,0,0,0,0,0,0,0,0
cg04481923,0,0,0,0,0,0,0,0
cg04520704,1,1,1,1,1,1,1,0
cg04522575,0,1,1,1,0,1,1,1
cg04547181,1,1,1,0,2,1,0,0
cg04548463,1,0,2,2,1,1,2,2
cg04605697,1,1,0,1,0,1,1,0
cg04630490,1,1,1,1,1,2,1,1
cg04653913,1,1,1,1,1,0,1,1
cg04657146,0,0,0,0,0,0,0,0
cg04671734,1,1,1,1,1,1,1,1
cg04672622,0,0,0,0,0,0,1,0
cg04672903,1,1,1,1,1,1,1,1
cg04713352,0,1,1,1,0,0,1,0
cg04726821,2,2,2,2,2,2,2,2
cg04736911,1,1,1,1,0,0,0,2
cg04737881,1,1,1,2,1,2,2,2
cg04741118,0,1,1,2,0,0,1,0
cg04748010,0,0,1,0,0,0,1,1
cg04781305,0,1,0,0,0,0,0,0
cg04783231,0,2,1,0,1,0,0,1
cg04811114,0,1,0,0,0,0,0,0
cg04876069,0,0,1,0,0,0,1,0
cg04885881,0,0,0,0,0,0,0,0
cg04889800,0,0,0,1,0,0,0,0
cg04908961,2,0,1,1,1,1,1,0
cg04931238,0,1,1,0,0,0,0,1
cg04981007,0,2,1,2,1,1,0,2
cg05004973,0,1,1,1,0,1,0,0
cg05005343,0,0,0,0,0,0,0,0
cg05020125,1,2,2,2,1,2,1,2
cg05030553,0,1,0,0,0,0,0,1
cg05090351,2,2,2,2,2,2,2,2
cg05149097,0,1,1,1,1,1,0,0
cg05168764,1,1,0,1,1,1,0,1
cg05180717,1,1,1,1,1,1,2,1
cg05182265,0,0,0,1,0,0,0,0
cg05254095,1,1,1,1,1,1,1,0
cg05275595,1,0,0,0,0,1,1,1
cg05277122,0,0,0,0,0,0,0,0
cg05292376,0,0,0,0,0,0,0,0
cg05307301,2,2,1,2,2,2,2,2
cg05308504,1,1,1,1,1,1,1,0
cg05353869,1,1,1,1,1,2,1,1
cg05360958,1,1,0,0,1,0,2,0
cg05365735,0,0,0,0,0,0,0,0
cg05371332,1,1,1,1,0,1,1,1
cg05379541,1,1,0,0,0,0,0,0
cg05385718,1,1,1,1,1,1,1,1
cg05403689,1,1,0,1,1,1,1,0
cg05424333,0,0,0,1,0,0,0,0
cg05454501,0,0,0,0,0,0,0,0
cg05460318,2,2,2,2,2,2,2,2
cg05509609,0,0,0,0,0,0,0,0
cg05542785,0,0,1,0,0,0,0,2
cg05547778,1,1,0,0,1,0,1,1
cg05547895,0,1,0,1,1,0,0,2
cg05589489,1,1,0,0,1,1,0,0
cg05620261,0,1,0,0,0,0,0,0
cg05634630,1,1,1,1,2,1,0,1
cg05650719,1,1,1,0,0,1,1,1
cg05658512,1,1,0,0,0,1,1,2
cg05666036,1,1,1,1,2,1,1,1
cg05670953,2,2,2,2,2,2,2,2
cg05702280,0,0,0,0,0,0,0,0
cg05778424,1,1,0,2,2,0,1,0
cg05817845,1,1,0,0,1,1,1,1
cg05851442,0,0,0,0,0,0,0,0
cg05865011,1,1,0,1,2,2,0,1
cg05867245,1,1,0,0,1,1,2,0
cg05879419,1,1,0,1,1,1,1,1
cg05888872,2,1,1,1,1,1,1,0
cg05903444,2,2,2,2,2,2,2,2
cg05946623,0,2,2,2,0,2,0,0
cg05951994,2,2,2,1,2,2,2,0
cg05990312,0,0,0,0,0,0,0,0
cg06000144,2,1,1,2,2,1,2,2
cg06040071,1,1,1,1,1,0,1,0
cg06094482,0,1,0,0,0,0,0,1
cg06188367,0,0,0,0,0,0,0,0
cg06235224,0,1,1,1,0,0,0,1
cg06259025,1,1,1,0,1,1,0,1
cg06263178,1,1,1,1,0,0,1,2
cg06279274,0,1,0,0,0,1,0,0
cg06327515,0,0,0,0,0,0,0,0
cg06365843,1,1,1,1,1,2,1,1
cg06371583,0,0,1,1,0,0,0,0
cg06417478,0,0,0,0,0,0,0,0
cg06478886,0,0,0,0,0,0,0,0
cg06480265,0,0,1,0,0,0,1,1
cg06490113,1,2,0,1,1,1,0,1
cg06512263,0,1,0,0,0,1,1,0
cg06536614,0,0,0,0,0,0,0,0
cg06617217,0,0,0,1,0,1,0,1
cg06623827,2,1,2,2,1,2,1,2
cg06624036,0,0,0,0,0,0,0,0
cg06635900,0,0,0,0,0,1,0,0
cg06640997,1,0,0,0,1,2,0,1
cg06650246,1,0,0,0,0,1,0,1
cg06650379,0,1,0,0,0,0,0,0
cg06677321,1,1,0,1,0,0,2,0
cg06681434,2,2,2,2,2,1,2,2
cg06683316,0,0,0,0,0,2,0,0
cg06710742,0,0,0,0,1,0,0,1
cg06713675,2,0,2,2,0,1,1,2
cg06737308,0,0,0,0,0,0,0,0
cg06751366,0,0,1,0,0,0,0,0
cg06755071,0,0,0,0,0,1,1,0
cg06759314,2,2,1,1,2,2,2,1
cg06770429,0,1,0,0,0,0,0,0
cg06779847,1,1,1,1,2,1,2,1
cg06781532,1,1,1,1,0,1,1,1
cg06813419,1,2,1,1,1,1,1,2
cg06817772,0,2,0,1,0,0,0,0
cg06818052,1,1,1,1,2,1,2,1
cg06834313,0,0,0,0,0,0,0,0
cg06834998,0,0,0,0,0,0,0,0
cg06891458,0,1,0,0,0,0,0,0
cg06902099,1,2,1,0,2,1,1,1
cg06939307,1,0,0,2,2,1,1,2
cg06961233,1,1,2,2,2,2,2,2
cg06962549,1,2,1,1,1,2,1,1
cg06965195,1,1,0,0,1,1,0,2
cg07042014,0,0,1,1,0,0,0,0
cg07048527,0,0,0,0,0,0,0,0
cg07060739,0,0,0,0,0,0,0,0
cg07067710,1,1,2,2,1,1,1,2
cg07073960,0,0,1,1,0,0,0,0
cg07109804,1,2,1,1,1,1,1,2
cg07149179,0,0,0,0,0,0,0,0
cg07184237,1,0,0,0,2,0,0,0
cg07204874,0,0,0,0,0,0,0,0
cg07222861,0,1,0,1,1,0,1,0
cg07300846,1,1,1,1,1,1,2,2
cg07312051,0,1,0,0,0,0,0,0
cg07336123,1,0,0,1,0,0,0,1
cg07337250,1,1,1,1,0,1,0,1
cg07345934,0,0,0,0,0,1,2,0
cg07363270,2,2,2,1,2,2,0,1
cg07375978,0,0,0,0,0,0,0,0
cg07389611,0,1,0,0,0,0,1,0
cg07404485,0,1,0,0,0,0,0,0
cg07429623,1,1,0,0,0,1,0,0
cg07433152,0,0,0,0,0,0,1,0
cg07459594,2,2,2,2,2,2,2,2
cg07501729,2,2,1,1,1,1,2,2
cg07504727,0,0,1,0,0,0,1,0
cg07525682,0,1,0,0,0,1,0,2
cg07530063,1,0,1,1,1,0,0,1
cg07570687,1,0,0,0,0,0,1,1
cg07571734,2,2,2,2,2,2,2,2
cg07581623,1,1,0,0,0,1,0,0
cg07594247,0,0,0,0,0,0,0,1
cg07615383,1,1,1,0,1,1,0,1
cg07629965,0,1,0,1,0,1,1,1
cg07636688,2,2,2,2,2,2,2,2
cg07685357,1,1,1,1,1,1,1,0
cg07769588,0,1,0,2,0,1,1,0
cg07819160,0,0,0,0,0,0,0,0
cg07854954,0,1,1,0,0,1,1,1
cg07856155,1,1,1,1,0,1,2,1
cg07863877,0,2,0,1,0,0,0,0
cg07878514,0,2,0,0,1,1,1,2
cg07891179,1,1,0,1,1,1,1,1
cg07898446,1,1,1,0,1,1,0,0
cg07918978,1,1,0,0,1,1,1,1
cg07935886,1,2,1,1,2,2,1,1
cg07963670,1,0,0,0,0,1,1,0
cg07964754,0,0,0,0,0,0,0,0
cg07967210,2,2,2,2,2,2,1,2
cg07997737,1,1,1,2,1,2,2,1
cg07998277,1,1,1,0,1,1,1,1
cg08024887,2,2,2,2,2,2,2,2
cg08031982,0,0,0,1,0,0,0,0
cg08033722,0,0,0,1,0,0,0,1
cg08066140,2,2,2,2,2,2,2,2
cg08070327,0,0,0,0,0,0,0,0
cg08075719,1,0,0,0,0,0,0,0
cg08084655,0,0,0,0,0,0,0,1
cg08098382,1,2,1,1,1,2,1,1
cg08129953,0,0,2,0,0,1,0,0
cg08144675,1,1,1,1,0,0,1,1
cg08161163,0,1,0,0,0,0,0,0
cg08182270,0,1,1,0,0,1,1,1
cg08203788,1,1,0,1,1,1,1,1
cg08217526,0,1,0,0,0,0,0,0
cg08223357,1,2,2,2,2,1,2,2
cg08247852,2,2,2,2,1,2,2,2
cg08258506,0,0,1,2,1,0,1,1
cg08313539,0,0,1,1,0,1,1,1
cg08318732,2,2,1,1,1,2,1,1
cg08339023,1,1,1,1,1,1,1,1
cg08352422,0,0,1,1,0,0,0,0
cg08352439,0,1,0,1,0,0,0,0
cg08377819,1,1,1,0,1,0,1,0
cg08398567,0,0,0,0,0,0,0,0
cg08410996,0,0,0,0,0,0,0,0
cg08466034,1,1,1,0,2,1,0,1
cg08477332,0,0,0,0,0,0,0,0
cg08491681,1,2,2,2,2,1,2,1
cg08515442,1,1,0,0,1,0,0,2
cg08533710,1,2,0,1,0,0,1,0
cg08541895,1,1,1,1,0,1,2,0
cg08580836,2,2,2,2,2,2,2,2
cg08623383,0,0,0,0,0,0,0,0
cg08624915,0,0,0,0,0,0,0,0
cg08639762,0,0,0,0,0,0,0,0
cg08678044,2,1,1,1,2,2,2,1
cg08681685,1,1,1,1,1,0,1,1
cg08686092,1,1,1,1,1,1,0,1
cg08709360,0,0,0,0,0,0,0,0
cg08734931,2,2,2,2,2,2,2,2
cg08744475,1,2,2,2,1,1,2,2
cg08810053,0,0,2,1,0,0,2,2
cg08822523,1,0,0,0,0,0,1,0
cg08839053,1,1,0,1,1,1,0,0
cg08872493,0,0,0,1,1,1,1,0
cg08881680,2,2,2,2,2,2,2,2
cg08946854,0,1,1,1,1,2,2,1
cg08969950,0,0,0,1,0,0,0,1
cg08991437,0,0,1,0,0,0,1,0
cg09019154,0,0,0,0,0,0,0,0
cg09023624,0,0,0,0,0,0,0,0
cg09063149,1,1,0,1,0,2,0,1
cg09076339,1,2,0,1,1,1,0,0
cg09096031,1,1,1,0,1,0,0,1
cg09118625,1,1,1,1,1,1,1,1
cg09127314,0,0,0,0,0,0,0,0
cg09144964,1,1,1,1,1,1,1,2
cg09180702,1,2,1,2,1,1,1,2
cg09212597,1,1,0,1,1,1,1,0
cg09289202,0,1,1,0,0,0,0,0
cg09323728,0,0,0,0,0,0,0,0
cg09338136,0,0,0,0,0,1,0,0
cg09361469,0,1,0,1,1,1,1,1
cg09381666,1,1,1,1,1,1,1,1
cg09417038,0,1,0,1,0,1,1,1
cg09427016,2,2,2,1,2,1,1,1
cg09460553,1,1,1,1,1,1,1,1
cg09464268,0,1,0,0,0,0,0,0
cg09467607,0,0,0,0,0,0,0,0
cg09471455,1,2,0,2,1,1,1,1
cg09474442,0,1,0,0,0,0,0,2
cg09514174,0,2,1,1,1,0,1,0
cg09524686,0,1,1,1,0,1,0,0
cg09527615,0,0,0,0,0,0,0,0
cg09563777,0,0,0,0,0,1,0,0
cg09566316,1,1,0,1,1,0,0,0
cg09582042,1,1,1,2,1,0,2,2
cg09597638,2,2,2,2,2,2,1,0
cg09608949,0,0,0,0,0,1,0,1
cg09618778,0,0,0,0,0,0,0,0
cg09647867,0,1,0,1,0,1,1,0
cg09667013,0,0,1,0,0,0,1,0
cg09706021,2,2,1,1,2,2,1,2
cg09713850,1,0,0,1,1,1,0,0
cg09715059,1,0,1,0,0,0,0,1
cg09747445,1,1,1,1,0,1,0,1
cg09824603,0,0,0,0,1,1,0,1
cg09830866,1,2,0,1,0,1,2,2
cg09862733,1,1,1,1,0,1,1,1
cg09949789,1,1,1,0,1,1,1,1
cg10011623,2,1,1,1,1,1,1,1
cg10016004,0,0,0,0,0,0,0,0
cg10028549,0,1,0,1,0,1,1,1
cg10064060,1,1,0,0,1,1,0,0
cg10092265,1,1,1,1,0,1,0,1
cg10168457,1,1,1,1,0,1,1,1
cg10177528,1,1,1,1,0,0,0,1
cg10180281,0,0,0,0,0,0,0,0
cg10195146,1,1,1,1,1,1,1,1
cg10202436,0,0,0,0,0,0,0,0
cg10246448,0,0,1,1,0,0,0,0
cg10281770,0,0,0,0,0,0,0,0
cg10322794,1,1,0,1,0,0,0,1
cg10328171,1,1,2,1,2,1,1,2
cg10334976,0,0,0,0,0,0,0,0
cg10336039,0,0,0,0,0,0,0,1
cg10400081,0,0,0,0,0,0,0,0
cg10430077,0,1,2,2,1,1,1,2
cg10449558,0,1,0,0,0,1,0,0
cg10498502,1,0,1,0,0,1,2,0
cg10501602,1,1,1,0,1,1,1,1
cg10528989,1,1,2,1,0,0,2,1
cg10530568,1,2,2,2,2,2,2,2
cg10570158,0,1,0,0,0,0,0,0
cg10596483,2,2,2,2,2,2,2,2
cg10621924,0,0,0,0,0,0,0,0
cg10672416,0,0,0,0,0,0,0,1
cg10688516,0,0,0,0,0,0,0,0
cg10703884,1,1,1,1,2,1,1,1
cg10755723,0,2,0,1,1,2,1,1
cg10763374,1,1,1,1,1,1,1,1
cg10781468,1,1,0,0,0,1,0,2
cg10783797,1,1,0,1,1,2,1,0
cg10804974,0,0,0,0,0,0,0,0
cg10874314,0,1,0,0,2,1,0,1
cg10885151,1,1,1,1,1,1,1,1
cg10925640,1,1,1,1,1,1,0,0
cg10947611,1,2,0,2,1,1,0,1
cg10963793,2,2,2,2,2,2,2,2
cg10968944,0,1,2,2,0,0,1,2
cg10995755,2,1,1,2,2,1,1,2
cg11007120,1,1,1,1,1,1,1,0
cg11039913,1,2,1,2,2,2,2,1
cg11059159,2,2,2,2,2,2,2,1
cg11084470,0,0,1,1,1,0,1,1
cg11161837,0,0,0,0,0,0,1,0
cg11204139,2,2,2,2,2,2,2,2
cg11204974,1,1,1,1,1,1,1,1
cg11218619,1,1,0,1,0,0,0,0
cg11220502,1,2,2,2,1,1,1,2
cg11220732,0,0,0,1,0,0,0,1
cg11228126,0,0,1,1,1,0,0,0
cg11245181,0,1,0,0,0,0,1,0
cg11291081,2,2,2,2,2,2,2,2
cg11322797,0,0,0,0,0,0,0,0
cg11351987,2,1,1,1,2,2,1,1
cg11363527,1,1,0,0,0,0,0,0
cg11376198,2,2,2,2,2,2,2,2
cg11413657,0,0,0,0,0,1,0,0
cg11503210,1,1,0,1,1,0,1,1
cg11522683,0,0,0,0,0,0,0,0
cg11524454,1,1,0,1,0,1,0,2
cg11544420,1,1,1,1,1,1,1,1
cg11586189,0,2,0,1,0,1,0,1
cg11588844,1,1,0,0,1,1,1,0
cg11596009,2,2,2,2,2,1,2,2
cg11600596,1,0,0,1,0,0,0,1
cg11608150,0,0,0,0,0,0,0,0
cg11617938,1,1,0,1,1,1,1,2
cg11653233,0,1,1,1,0,1,1,1
cg11656177,2,1,1,1,1,1,1,1
cg11702085,1,1,1,0,1,1,1,1
cg11719362,0,1,1,1,1,1,1,1
cg11738485,0,0,0,0,0,0,0,0
cg11738486,1,0,0,0,0,0,0,0
cg11749010,1,2,1,1,2,2,1,1
cg11800117,0,0,0,0,0,0,1,0
cg11828983,1,1,1,1,1,1,1,1
cg11835209,1,1,1,1,0,1,2,2
cg11860005,1,2,2,2,1,1,2,1
cg11871991,2,2,1,1,2,2,1,0
cg11965913,2,1,1,1,1,1,1,1
cg11989576,0,0,0,0,0,0,0,0
cg12041401,1,1,0,1,1,0,0,0
cg12054318,0,1,1,1,0,0,0,1
cg12064504,2,2,2,2,2,2,1,1
cg12080831,0,0,0,0,0,0,0,0
cg12135344,0,0,0,0,0,0,0,0
cg12152384,1,1,0,0,2,1,0,1
cg12174804,0,0,0,0,0,0,0,0
cg12215294,2,1,1,1,1,1,2,1
cg12253469,0,0,0,0,0,0,0,0
cg12319143,0,0,0,0,0,0,0,0
cg12324629,1,0,0,0,2,1,0,1
cg12350309,0,0,0,0,0,0,0,0
cg12404181,1,1,0,1,1,1,1,1
cg12450708,1,1,1,1,1,2,2,1
cg12460175,0,0,0,0,0,0,0,0
cg12473775,1,1,1,0,1,2,0,1
cg12492938,0,0,0,0,0,0,0,0
cg12500876,1,1,1,1,1,1,1,1
cg12553689,1,1,1,1,1,1,1,1
cg12574576,0,1,0,0,0,0,0,0
cg12586386,1,1,1,1,1,1,1,1
cg12588917,1,0,1,0,1,1,1,1
cg12615761,2,2,2,2,2,2,1,1
cg12668399,1,2,2,2,2,1,2,1
cg12690119,0,0,0,0,0,0,1,0
cg12705353,2,2,2,2,2,1,2,2
cg12765123,1,1,1,1,1,1,1,1
cg12798194,1,1,0,0,0,0,0,1
cg12809031,0,1,1,1,1,2,1,1
cg12840312,1,0,0,1,1,1,1,1
cg12844324,1,1,1,1,1,1,1,1
cg12850379,0,0,0,0,0,0,0,0
cg12908916,1,1,0,0,2,0,2,1
cg12924430,0,0,0,0,0,0,0,0
cg12927753,1,1,1,2,2,0,0,1
cg12938556,0,1,0,0,0,0,0,0
cg12944343,1,1,1,1,1,1,1,1
cg13027206,1,1,1,0,1,1,0,1
cg13033722,1,1,1,2,1,1,0,1
cg13050716,1,2,2,1,1,2,2,1
cg13126871,1,1,0,0,0,1,1,0
cg13128596,0,0,0,0,0,0,0,0
cg13132497,1,1,2,1,1,1,1,1
cg13172549,0,0,0,0,0,0,0,0
cg13176979,0,1,2,0,0,1,1,2
cg13186228,2,2,2,2,2,2,2,2
cg13198297,0,0,0,0,0,0,0,0
cg13207180,1,1,1,0,0,1,1,1
cg13252700,2,2,2,2,2,2,2,2
cg13278353,0,0,0,0,0,0,0,0
cg13289019,1,1,1,0,1,1,0,0
cg13307058,2,2,2,2,1,2,2,2
cg13316472,0,0,0,0,0,0,0,0
cg13377056,0,1,0,0,1,0,0,2
cg13393036,0,0,0,0,0,0,0,0
cg13405775,1,1,1,1,2,0,1,1
cg13428066,0,0,0,0,0,1,0,1
cg13477101,2,2,2,2,2,2,2,2
cg13500113,0,1,0,0,1,1,1,2
cg13522882,1,1,0,0,0,1,1,2
cg13567405,0,0,1,2,0,0,0,0
cg13572782,0,0,0,0,0,0,0,0
cg13668471,0,0,0,0,0,0,0,0
cg13681655,0,0,0,0,0,0,0,0
cg13683194,1,1,1,0,0,1,1,1
cg13687570,2,2,2,2,2,2,2,2
cg13697378,1,1,1,1,1,1,1,1
cg13734401,1,1,1,1,1,1,2,1
cg13736514,1,1,1,1,2,1,1,1
cg13805518,0,1,2,1,1,1,1,2
cg13809441,2,2,2,2,2,2,2,1
cg13812291,1,1,1,1,1,1,1,2
cg13835029,0,0,0,1,0,0,0,0
cg13845105,0,1,1,1,0,1,0,0
cg13865488,2,2,2,2,2,2,2,2
cg13884376,0,0,0,0,0,1,0,0
cg13904574,0,0,0,0,0,0,0,0
cg13928427,0,0,0,0,0,0,0,0
cg13952159,2,2,2,2,2,2,2,2
cg13972423,0,1,1,1,1,0,1,1
cg13975106,0,0,1,1,0,0,0,1
cg13978566,2,2,1,1,2,1,2,2
cg13980266,1,0,2,0,0,0,0,1
cg13981838,2,1,2,1,2,2,1,1
cg13989519,1,2,1,1,1,1,2,2
cg14032732,0,0,0,0,0,0,0,0
cg14047153,1,1,0,0,0,0,1,0
cg14058329,0,0,0,0,0,0,0,0
cg14068301,0,0,0,0,0,0,0,0
cg14076977,1,1,0,0,2,0,1,1
cg14093127,0,0,0,0,0,0,0,0
cg14113351,0,1,1,1,1,1,2,2
cg14166009,2,2,2,2,2,2,2,2
cg14202048,2,2,2,2,2,2,2,2
cg14242696,1,1,1,1,0,1,0,2
cg14340463,2,2,1,2,1,1,1,1
cg14386312,0,1,1,1,1,0,2,1
cg14413354,2,0,0,0,1,0,0,1
cg14417784,1,1,1,1,1,1,1,0
cg14562054,1,1,1,1,1,1,1,1
cg14580228,1,1,1,2,1,2,1,2
cg14595683,0,0,0,0,0,0,0,0
cg14604066,0,1,0,0,1,0,0,1
cg14637144,2,1,2,2,2,1,1,2
cg14643390,0,0,0,0,0,0,0,0
cg14644378,0,0,0,0,0,0,0,0
cg14693391,1,2,1,0,2,1,0,0
cg14700230,1,0,1,1,1,1,0,0
cg14759494,0,0,0,0,0,0,0,0
cg14794655,1,1,0,0,0,1,0,0
cg14837974,2,1,1,1,1,1,1,1
cg14847483,0,1,1,1,0,1,2,1
cg14850026,0,0,0,0,0,0,0,0
cg14866167,1,1,1,1,1,1,1,0
cg14883961,0,1,1,1,1,0,0,0
cg14893161,1,1,2,0,0,1,1,2
cg14934242,0,0,0,0,1,1,1,0
cg14952312,0,0,0,0,0,1,0,0
cg14965694,1,1,0,1,1,0,1,1
cg15002904,0,1,1,0,1,0,1,1
cg15007983,1,1,2,1,1,1,0,1
cg15008743,1,1,1,1,1,2,1,1
cg15117372,2,2,2,2,2,2,2,2
cg15147215,1,1,1,1,1,1,1,1
cg15199987,1,0,1,0,1,0,0,1
cg15200445,2,0,1,0,1,1,0,0
cg15212455,0,0,0,0,0,0,0,1
cg15224459,1,1,1,0,0,1,1,0
cg15235999,0,0,1,0,2,2,1,2
cg15241074,0,1,1,1,0,1,0,1
cg15246712,1,1,1,1,1,1,1,1
cg15319824,0,0,0,0,0,0,0,0
cg15359390,1,1,0,0,1,1,1,1
cg15401418,2,2,2,2,2,2,2,2
cg15414638,1,1,1,1,1,0,1,1
cg15425811,2,2,2,2,2,2,2,2
cg15464821,2,2,2,2,2,2,1,2
cg15469871,1,1,1,1,1,1,1,1
cg15551981,1,1,0,1,0,0,0,1
cg15690542,0,1,1,1,0,1,1,0
cg15697225,1,1,1,1,1,1,1,1
cg15701794,1,1,0,0,1,1,0,0
cg15702949,2,2,1,0,2,2,0,2
cg15711727,2,2,2,2,2,2,2,2
cg15721243,1,1,1,1,1,1,1,2
cg15777261,1,1,0,1,0,0,0,0
cg15808472,1,1,0,2,1,0,2,1
cg15854394,0,0,0,0,0,0,0,0
cg15867944,0,0,0,0,1,0,0,0
cg15881597,0,2,1,0,1,2,0,0
cg15907060,2,2,1,2,2,2,2,2
cg15996644,1,1,2,2,0,2,2,2
cg16064054,1,1,2,2,1,1,1,1
cg16127514,0,0,0,0,0,0,0,0
cg16148270,1,0,1,0,1,0,0,0
cg16172549,1,1,0,0,1,0,1,0
cg16243243,1,1,1,1,1,0,1,0
cg16254756,1,2,2,1,1,0,1,2
cg16266669,0,1,2,1,0,0,1,0
cg16274899,0,2,1,1,0,1,0,1
cg16296679,0,1,0,0,1,0,0,0
cg16303742,1,2,0,1,1,1,1,2
cg16311302,0,0,0,0,0,0,0,0
cg16314899,1,1,1,1,1,1,0,1
cg16319129,1,1,1,1,1,1,0,1
cg16345566,2,2,2,2,2,1,2,2
cg16387467,1,1,1,1,2,1,1,1
cg16391973,2,1,2,2,1,1,1,1
cg16413785,0,0,0,0,0,1,0,1
cg16430166,2,2,2,2,2,2,2,2
cg16470716,1,1,1,1,1,1,1,1
cg16475891,0,1,0,1,0,1,0,0
cg16496269,0,1,0,0,1,1,1,1
cg16527418,2,2,2,2,2,2,2,2
cg16533146,0,0,1,0,0,0,0,0
cg16585333,0,1,0,0,0,0,0,1
cg16602369,0,0,0,0,0,0,0,0
cg16645423,0,1,0,1,0,0,2,0
cg16659026,0,1,1,0,0,1,0,2
cg16664617,1,0,0,0,1,0,0,1
cg16681083,0,0,0,0,0,0,0,0
cg16714096,1,1,0,1,0,1,0,1
cg16717267,2,1,0,1,1,0,1,2
cg16735509,1,1,1,0,1,1,1,1
cg16743289,2,2,2,2,2,2,2,2
cg16752400,2,2,1,2,2,1,1,1
cg16814023,1,1,1,1,2,1,2,1
cg16852440,1,1,1,1,1,1,1,1
cg16893174,1,1,1,1,0,0,1,0
cg17006282,1,1,1,1,1,1,1,1
cg17016000,1,0,0,0,0,0,0,0
cg17074431,1,1,1,1,1,1,1,1
cg17098387,1,2,2,1,1,1,2,1
cg17118836,1,2,1,1,2,1,1,1
cg17174814,0,0,0,0,0,0,0,0
cg17186388,0,1,0,0,0,0,0,0
cg17191109,2,2,1,1,1,2,1,2
cg17254383,0,0,0,0,0,0,1,0
cg17259096,2,1,2,2,2,1,1,1
cg17306686,1,1,2,2,1,0,1,0
cg17333886,2,2,1,0,1,1,1,2
cg17393917,2,2,2,2,2,2,2,1
cg17397069,0,2,1,2,1,2,1,1
cg17420585,1,1,0,1,1,1,1,1
cg17434008,0,0,0,1,0,0,0,1
cg17445212,0,0,0,0,0,0,0,0
cg17468100,1,1,1,1,1,1,2,1
cg17491987,2,2,2,2,2,2,2,2
cg17500703,1,2,1,1,1,1,2,2
cg17511472,0,0,0,0,0,0,0,0
cg17605021,2,2,2,1,2,2,2,2
cg17610933,2,0,2,2,2,0,1,1
cg17668731,1,1,1,0,1,0,1,1
cg17680092,0,0,0,1,0,0,0,0
cg17692971,0,1,1,0,0,0,0,1
cg17694351,1,1,0,0,0,0,0,0
cg17713488,0,0,0,0,0,0,0,0
cg17723381,0,0,0,0,0,0,0,0
cg17795240,0,1,1,0,0,1,1,1
cg17805072,0,0,0,1,0,1,1,0
cg17820828,0,0,0,0,0,0,0,0
cg17839611,1,2,1,1,0,0,0,1
cg17877220,2,2,2,2,2,2,2,2
cg17961725,1,1,1,0,0,1,1,1
cg18005867,2,1,0,0,2,1,1,1
cg18046394,1,1,1,1,1,1,1,1
cg18059933,0,0,0,0,0,0,0,0
cg18104242,1,1,1,1,1,1,1,1
cg18110333,1,1,1,1,1,1,1,2
cg18168249,0,0,0,1,0,0,0,0
cg18209323,2,2,2,2,2,2,2,2
cg18222865,1,0,0,1,1,1,1,1
cg18232861,0,0,0,1,0,0,0,0
cg18241308,1,1,1,1,1,1,1,2
cg18269963,1,2,2,1,2,1,1,2
cg18279536,0,1,0,0,0,0,0,0
cg18320188,2,2,2,2,1,2,2,2
cg18322025,1,1,1,1,1,1,1,1
cg18330203,0,0,1,0,0,0,0,1
cg18335505,1,2,0,0,1,1,1,0
cg18351329,1,0,0,0,1,0,0,0
cg18352516,0,0,1,1,1,0,1,1
cg18368411,0,0,0,0,0,0,1,0
cg18372208,1,1,0,1,0,1,0,1
cg18402987,1,1,1,0,0,1,1,1
cg18448614,0,0,0,0,0,0,0,0
cg18449021,0,0,0,0,0,0,0,0
cg18460830,1,1,0,0,1,0,0,1
cg18464823,1,0,1,1,0,1,0,1
cg18467189,0,0,0,1,0,0,1,0
cg18482112,0,1,1,0,0,1,0,0
cg18506672,2,2,2,1,2,2,2,2
cg18507732,0,0,0,0,2,1,1,0
cg18520517,0,0,0,0,0,0,0,1
cg18522231,0,0,0,0,0,0,0,0
cg18558073,0,1,0,0,1,0,1,0
cg18571156,0,1,0,0,0,0,0,0
cg18587504,0,0,0,0,0,0,0,0
cg18587557,1,2,0,1,0,2,2,2
cg18634560,0,0,0,0,0,0,0,0
cg18648917,0,0,0,0,0,0,0,0
cg18665594,1,1,1,1,1,1,1,1
cg18670770,0,1,0,0,0,0,0,1
cg18678645,0,0,0,0,0,0,0,0
cg18693051,0,0,0,0,0,0,0,0
cg18707489,2,1,2,2,2,1,2,2
cg18713748,2,2,2,2,2,2,2,2
cg18735089,1,1,0,1,0,1,1,1
cg18792146,2,2,2,2,2,2,2,2
cg18850089,0,0,1,2,0,0,0,1
cg18856614,1,1,1,1,0,0,1,1
cg18857062,1,1,1,1,1,1,1,1
cg18865445,1,1,1,1,0,1,0,0
cg18912107,1,1,1,1,1,1,1,0
cg18934443,2,2,0,0,2,1,0,0
cg19002149,0,0,0,0,0,0,0,0
cg19003815,0,1,0,0,0,0,0,0
cg19050152,1,1,1,1,0,0,0,0
cg19098465,0,0,0,0,0,0,0,0
cg19101232,0,1,0,0,0,0,1,0
cg19107578,0,1,1,1,0,0,1,2
cg19117047,0,0,0,0,0,1,0,0
cg19149522,1,1,1,1,1,1,1,1
cg19183879,2,1,1,0,1,0,2,1
cg19186380,2,2,2,2,1,2,2,2
cg19190762,1,1,1,0,1,1,1,2
cg19196401,0,2,0,1,2,1,2,0
cg19257832,1,2,1,1,2,2,1,1
cg19327615,2,1,1,1,1,2,2,2
cg19333883,1,1,1,1,1,1,1,1
cg19335130,1,1,0,0,1,1,1,0
cg19375981,1,0,0,1,0,1,0,1
cg19455642,0,0,0,0,0,0,0,0
cg19480425,0,1,0,0,0,0,1,0
cg19566774,1,1,0,0,2,1,2,2
cg19572487,0,1,0,0,0,0,0,0
cg19579217,2,2,2,2,2,2,2,2
cg19584649,0,1,1,0,0,1,0,1
cg19658332,0,1,1,2,0,1,0,0
cg19660806,0,0,0,0,0,1,0,0
cg19678392,0,0,0,0,0,0,0,0
cg19701879,2,2,1,2,2,2,2,2
cg19730268,1,1,1,1,1,1,1,1
cg19811337,0,0,0,0,0,0,0,0
cg19820328,1,1,1,1,1,1,1,1
cg19970883,0,1,0,1,0,1,1,0
cg19977004,0,0,0,0,0,0,0,0
cg19978674,1,0,1,1,0,0,1,0
cg19980929,1,2,1,0,1,1,0,1
cg19998073,1,1,0,1,1,1,0,1
cg19998150,2,2,1,2,2,1,2,2
cg20008140,1,1,1,1,1,1,1,1
cg20016411,1,1,2,2,1,1,2,2
cg20018425,2,1,0,0,1,1,0,0
cg20060685,2,2,2,2,2,2,2,2
cg20104774,0,1,0,0,0,0,0,0
cg20117519,1,1,1,1,1,1,0,1
cg20119798,0,0,0,0,0,0,0,1
cg20131596,0,1,0,0,1,1,0,1
cg20165520,0,0,0,0,1,0,0,0
cg20174730,1,1,1,1,1,0,0,0
cg20176388,1,1,1,1,1,1,0,2
cg20181209,1,1,0,1,0,1,2,0
cg20222562,1,1,0,0,1,1,1,1
cg20268039,0,1,1,0,1,0,0,0
cg20276677,1,1,1,1,1,0,0,0
cg20309640,1,1,1,0,1,1,1,1
cg20340346,0,0,0,1,0,0,0,0
cg20375709,2,2,2,2,2,1,2,1
cg20379593,1,1,2,1,1,1,2,1
cg20388732,1,1,1,1,1,1,1,1
cg20432671,2,2,2,2,2,2,2,2
cg20458044,1,1,0,2,1,1,1,1
cg20504791,0,0,0,0,0,0,0,0
cg20513206,0,0,0,0,0,0,0,1
cg20515136,1,1,1,0,1,0,1,1
cg20519373,0,0,0,0,0,0,0,0
cg20569203,1,1,0,1,1,1,0,0
cg20570109,0,0,0,0,0,0,0,0
cg20630655,1,1,1,1,1,1,2,2
cg20660989,0,0,0,0,0,0,0,0
cg20677143,1,1,1,1,1,1,1,1
cg20715295,1,2,2,2,2,2,2,2
cg20740051,0,1,2,2,0,0,0,1
cg20743744,1,1,1,1,1,1,1,2
cg20747739,1,1,0,0,1,1,0,0
cg20770409,1,1,0,0,2,1,0,0
cg20801007,2,2,2,2,2,2,0,2
cg20848291,1,1,0,1,2,1,1,1
cg20885179,2,2,2,2,2,2,2,2
cg20911165,0,0,0,0,0,1,0,0
cg20956390,2,2,1,1,2,2,2,2
cg21010569,0,0,0,0,0,0,0,0
cg21041888,2,2,2,1,0,1,2,1
cg21051519,2,2,2,2,2,2,2,2
cg21061071,1,1,1,1,0,1,1,1
cg21073930,1,1,1,0,1,1,1,1
cg21103992,1,1,1,1,1,1,1,0
cg21109167,2,2,2,2,2,2,2,2
cg21116457,1,1,0,1,0,1,0,0
cg21147203,0,0,0,0,1,0,0,0
cg21153160,1,1,1,0,1,1,1,0
cg21159260,1,1,2,0,1,1,0,1
cg21179831,0,0,0,0,0,0,0,1
cg21183502,1,1,1,2,1,1,0,1
cg21220403,1,1,0,1,0,0,1,1
cg21235119,0,0,0,0,0,0,1,0
cg21361856,0,1,1,1,0,1,1,1
cg21371809,1,1,2,1,0,2,0,1
cg21392385,1,1,0,0,0,1,0,0
cg21468274,0,1,1,0,0,0,0,0
cg21500126,1,1,0,1,1,0,0,1
cg21521117,2,2,2,2,2,2,2,2
cg21523688,0,1,1,0,0,0,0,0
cg21548813,1,1,1,1,1,1,1,1
cg21573200,2,2,2,2,2,2,1,2
cg21580428,2,2,1,1,2,2,2,2
cg21583723,2,2,2,2,2,2,2,2
cg21610815,0,0,0,0,0,0,0,0
cg21626848,2,2,2,2,2,2,2,1
cg21646955,1,1,0,0,1,1,1,1
cg21665744,0,0,0,0,0,0,0,0
cg21702011,2,2,1,1,2,2,2,1
cg21746425,1,1,1,0,1,1,1,1
cg21750887,1,2,2,1,0,2,2,2
cg21790715,1,0,0,0,1,0,0,0
cg21838488,2,1,2,2,2,2,2,2
cg21859290,1,1,0,0,0,0,0,0
cg21865657,1,0,0,0,1,0,0,1
cg21910650,1,1,0,0,1,1,1,0
cg21915449,1,1,1,1,1,1,1,2
cg22033281,0,1,0,0,1,1,0,0
cg22109795,0,0,0,1,0,0,0,1
cg22115748,1,0,1,1,1,0,0,0
cg22212414,2,2,1,2,2,2,0,2
cg22234712,0,0,0,0,0,0,0,0
cg22264616,0,1,0,0,0,0,1,0
cg22307029,2,2,2,2,2,2,2,2
cg22321572,0,0,0,0,0,0,0,0
cg22358580,2,2,1,1,1,2,2,2
cg22407822,1,1,1,1,1,1,0,1
cg22407942,0,0,0,0,0,0,0,0
cg22466678,1,1,0,0,0,1,1,0
cg22533683,0,0,0,0,0,0,0,0
cg22555495,2,1,2,2,2,1,2,2
cg22590775,2,2,2,2,2,2,2,2
cg22595230,0,0,0,0,0,0,0,0
cg22611163,2,2,2,2,2,2,2,2
cg22622123,2,1,1,0,2,1,2,1
cg22677858,0,1,1,0,1,0,1,1
cg22684041,0,0,0,0,0,0,0,0
cg22697853,1,2,1,1,1,1,1,1
cg22705959,0,0,0,0,0,0,0,0
cg22721998,1,1,0,1,1,1,1,1
cg22784187,1,1,1,1,1,1,1,1
cg22796248,1,0,0,2,0,1,1,0
cg22827806,0,1,1,2,0,0,0,0
cg22833175,0,0,0,2,0,2,0,0
cg22841772,2,2,1,1,2,1,2,1
cg22867156,1,2,1,1,1,1,1,1
cg22872064,1,1,1,0,1,2,0,1
cg22879626,1,1,1,1,1,1,1,1
cg22894896,0,0,0,0,0,0,0,0
cg22898082,1,1,0,0,0,0,1,0
cg22901840,1,1,1,1,1,1,1,1
cg22960869,0,2,1,1,0,1,1,1
cg22984769,2,2,2,2,2,2,2,2
cg23003926,0,0,0,1,0,0,0,1
cg23013853,0,2,1,1,1,2,1,0
cg23053407,0,0,0,0,0,0,0,0
cg23054121,0,1,0,0,1,0,0,0
cg23107878,0,0,0,0,0,0,0,0
cg23168425,0,1,0,0,0,0,0,0
cg23181159,0,0,0,0,0,2,1,1
cg23217680,0,1,2,2,0,1,2,1
cg23221052,2,2,2,2,2,2,2,2
cg23226914,0,0,0,0,0,0,0,0
cg23284609,0,0,0,1,1,0,0,0
cg23303188,0,0,0,0,0,0,0,0
cg23323891,1,0,0,0,0,0,0,0
cg23331961,0,1,0,0,1,1,2,1
cg23396177,1,1,1,1,1,1,0,0
cg23409168,1,1,0,0,0,1,0,1
cg23423227,1,1,1,0,1,0,0,1
cg23425316,0,0,0,0,0,0,0,0
cg23445878,1,1,1,1,1,1,1,1
cg23453353,0,0,0,0,0,0,0,0
cg23490300,0,0,0,0,0,0,0,0
cg23496516,0,0,0,0,0,0,0,0
cg23499929,0,0,0,0,0,0,0,0
cg23562538,0,0,0,1,0,0,0,0
cg23573129,2,2,0,0,2,2,1,1
cg23622616,1,2,2,1,2,2,1,1
cg23658684,1,1,1,2,1,2,1,1
cg23708337,1,1,1,1,1,1,1,1
cg23732725,0,0,0,0,0,0,0,0
cg23746600,1,0,0,0,0,0,2,1
cg23748340,2,2,2,1,2,2,2,2
cg23759393,0,1,1,2,0,0,1,1
cg23796525,0,0,1,0,0,0,0,0
cg23884217,1,1,2,2,0,2,2,1
cg23892836,1,1,1,0,1,2,1,1
cg23921523,1,1,1,1,1,0,1,2
cg23929194,1,1,1,1,1,1,0,1
cg23933095,1,1,1,1,0,1,2,1
cg23942311,0,0,0,0,0,0,0,0
cg23971381,2,2,2,2,2,2,2,1
cg24008358,1,0,1,1,1,0,1,1
cg24033859,2,1,0,2,1,0,1,1
cg24048949,0,0,1,0,0,0,0,0
cg24061122,1,1,1,1,1,2,2,1
cg24128316,0,0,0,0,0,0,0,0
cg24195486,1,0,1,1,0,0,0,0
cg24218620,1,0,0,1,0,1,0,0
cg24317406,1,1,2,1,1,2,2,1
cg24319836,0,1,1,0,0,0,1,1
cg24322968,0,0,0,0,0,0,1,1
cg24324837,2,2,2,2,2,2,2,2
cg24334149,1,1,1,0,0,1,0,1
cg24345747,0,1,1,0,0,1,0,0
cg24358846,1,1,1,1,1,1,1,2
cg24395504,1,1,2,1,1,1,1,1
cg24421906,0,0,0,0,0,0,0,0
cg24429310,1,0,0,1,0,2,0,0
cg24460268,2,2,2,1,0,1,1,1
cg24482350,0,0,0,0,0,0,0,0
cg24496563,0,1,0,0,1,0,0,1
cg24512973,0,0,0,0,0,0,0,0
cg24542929,0,1,0,0,0,0,0,0
cg24576358,0,0,0,0,0,0,0,0
cg24581226,2,2,2,2,2,2,2,2
cg24585203,1,1,1,2,1,1,1,2
cg24601559,1,2,2,1,2,2,2,2
cg24617313,2,2,2,2,2,2,2,2
cg24624505,0,0,0,0,0,0,0,0
cg24631482,2,2,1,2,2,2,1,2
cg24642523,2,2,2,2,2,2,2,2
cg24670552,0,0,0,0,0,0,0,0
cg24687529,2,2,2,2,2,2,2,2
cg24691910,1,1,1,0,0,0,0,0
cg24702253,1,1,1,2,2,0,1,2
cg24733637,0,0,0,0,0,0,0,1
cg24754277,0,0,0,0,0,0,0,0
cg24776142,1,1,1,0,1,1,2,1
cg24834889,2,2,2,2,2,2,2,2
cg24843346,1,1,2,2,1,1,0,1
cg24854704,0,0,0,0,0,0,0,0
cg24865779,2,2,1,2,2,2,0,2
cg24869601,0,0,0,0,0,0,0,0
cg24907011,1,1,1,1,1,1,1,1
cg24907270,2,1,1,0,1,0,2,0
cg24920358,2,1,1,2,2,2,1,2
cg24928110,0,0,0,0,0,0,0,0
cg24961795,2,1,1,1,2,0,0,1
cg24969520,0,0,0,0,0,0,0,0
cg25023298,1,2,2,2,2,2,0,0
cg25025879,0,0,0,0,0,0,0,0
cg25043559,1,1,2,1,1,1,1,2
cg25048985,0,0,0,0,0,0,0,0
cg25090994,1,2,1,1,1,2,1,1
cg25123266,1,2,2,2,2,2,2,2
cg25130385,2,2,2,2,1,2,1,2
cg25206536,0,0,0,0,1,1,0,0
cg25223285,2,2,2,2,1,2,1,2
cg25262528,2,2,2,2,2,2,2,2
cg25264265,2,2,2,2,2,2,2,2
cg25299750,0,1,0,0,0,0,0,0
cg25309343,2,1,2,2,2,1,1,1
cg25340403,0,0,0,0,0,0,0,1
cg25340688,0,0,0,0,0,0,0,0
cg25350411,1,1,1,1,1,1,1,2
cg25352397,1,2,2,2,1,2,1,2
cg25390165,0,0,0,0,0,0,0,0
cg25477813,0,1,2,1,0,0,0,2
cg25526039,0,1,2,0,2,1,2,1
cg25560247,1,1,1,1,2,2,0,1
cg25629418,2,1,1,2,2,1,1,1
cg25634141,1,0,0,0,0,0,0,2
cg25652454,0,0,0,0,0,0,0,0
cg25652742,0,1,0,1,1,1,1,0
cg25742326,2,2,1,1,2,1,2,1
cg25771195,0,1,0,1,0,0,0,0
cg25786696,2,2,2,2,2,2,1,1
cg25801742,1,2,2,2,2,2,2,2
cg25815440,0,1,0,0,1,0,0,0
cg25877436,0,1,0,1,0,1,0,0
cg25914921,2,2,2,2,2,2,1,2
cg25986202,2,2,0,2,2,2,0,0
cg26064535,1,1,1,1,1,0,0,1
cg26090062,1,1,1,1,1,1,1,2
cg26127836,1,1,1,1,1,1,1,2
cg26143719,1,1,1,0,0,0,1,0
cg26148377,0,1,0,0,0,1,0,0
cg26154714,1,0,0,1,1,1,1,0
cg26172504,0,1,0,1,1,1,0,0
cg26195495,0,0,0,0,0,0,0,0
cg26224060,1,0,0,0,1,1,0,0
cg26234900,1,1,2,1,0,1,1,2
cg26239297,0,2,1,1,2,1,1,1
cg26250400,0,1,1,0,0,0,1,0
cg26262055,2,2,1,1,2,2,2,2
cg26270695,0,0,0,0,0,0,0,0
cg26313699,1,1,0,0,2,0,1,0
cg26338947,1,1,1,1,1,1,1,1
cg26527457,1,0,1,0,1,0,0,0
cg26536593,2,2,2,1,2,2,2,2
cg26539631,1,1,1,1,0,0,0,0
cg26639479,0,0,0,0,0,0,0,0
cg26667586,2,1,1,2,2,2,1,1
cg26681628,0,1,0,0,0,1,0,0
cg26707664,0,1,0,0,0,0,0,0
cg26725201,2,2,2,2,2,2,2,2
cg26734888,2,2,2,2,2,2,2,2
cg26750617,1,1,0,0,1,1,1,0
cg26750927,0,0,0,0,0,0,0,0
cg26779676,1,1,1,1,1,2,0,0
cg26802564,0,1,0,0,0,0,1,0
cg26850624,0,0,0,0,0,1,0,1
cg26857315,0,2,2,2,0,1,1,2
cg26896946,0,0,0,0,0,0,0,0
cg26924440,1,1,1,1,1,1,1,1
cg26960833,1,1,1,1,1,1,0,1
cg26985203,1,1,1,1,1,1,1,1
cg26992600,0,1,0,0,1,0,0,0
cg27039625,1,1,1,1,1,1,2,1
cg27130359,0,0,0,0,0,0,0,0
cg27134767,1,1,0,0,0,0,0,0
cg27177158,2,1,1,1,2,2,2,2
cg27200630,0,0,0,0,0,0,0,0
cg27203184,0,2,1,1,1,2,1,0
cg27216076,0,1,1,0,1,1,0,0
cg27237671,1,0,1,1,1,1,1,0
cg27300647,0,0,0,0,0,0,0,0
cg27333706,0,1,0,2,1,0,0,1
cg27333886,0,1,1,0,1,0,1,0
cg27345989,1,0,0,0,0,0,0,0
cg27361914,1,0,0,0,1,0,0,1
cg27366882,0,0,0,0,0,0,0,0
cg27370104,0,1,1,0,1,0,0,0
cg27375286,1,0,0,0,1,1,1,0
cg27396056,0,0,0,1,0,0,0,1
cg27398720,0,0,0,0,0,0,0,0
cg27416898,0,0,0,0,0,0,0,1
cg27427491,0,0,0,0,0,0,0,0
cg27454412,2,2,2,2,2,2,2,2
cg27480580,2,2,1,1,2,1,0,1
cg27485402,1,0,0,0,0,0,0,0
cg27493010,0,0,0,0,0,0,0,0
cg27496296,1,0,1,0,1,0,1,0
cg27571374,1,1,1,1,1,2,2,2
cg27620317,0,1,0,0,0,0,0,1
