Labels,SA LL 1,SA LL 2,SA LL 5,SA LL 6,SB LL 3,SB LL 4,SB LL 7,SB LL 8
cg00024494,1,1,1,1,1,1,1,1
cg00034101,1,1,1,1,1,1,0,1
cg00078857,0,0,0,1,0,0,0,0
cg00107579,1,1,1,0,1,1,0,0
cg00153919,0,0,1,0,0,0,2,1
cg00292669,0,0,0,0,0,0,0,0
cg00301396,2,2,2,2,2,2,1,1
cg00361017,0,1,2,2,2,2,1,2
cg00369376,1,1,0,1,0,0,0,0
cg00381755,2,2,2,2,2,2,1,2
cg00384205,0,0,0,0,1,1,1,2
cg00397910,0,0,0,2,0,0,1,2
cg00408773,1,2,1,0,1,2,1,2
cg00428638,1,1,1,1,1,1,1,1
cg00431565,0,0,0,0,0,0,0,0
cg00473597,0,0,1,1,1,1,1,0
cg00504902,0,0,0,0,0,0,0,2
cg00604454,1,1,1,1,1,1,0,1
cg00610991,2,1,0,1,1,1,1,1
cg00619263,0,0,1,0,1,0,0,0
cg00631327,0,1,1,1,0,0,0,0
cg00631329,1,1,1,2,1,1,1,1
cg00659077,1,1,1,1,1,1,1,0
cg00666014,1,1,1,1,1,1,1,0
cg00666422,0,1,1,0,0,0,0,1
cg00718336,0,0,1,0,0,0,0,0
cg00739471,1,1,1,0,1,1,0,0
cg00753924,1,1,1,1,1,1,1,0
cg00807197,2,1,2,1,1,1,1,2
cg00813752,0,1,1,1,0,0,1,0
cg00851732,1,1,0,1,1,1,1,1
cg00871610,0,0,0,0,0,0,0,0
cg00899350,2,2,2,1,2,2,1,1
cg00918181,0,0,0,0,0,0,0,0
cg00923880,0,0,0,1,0,0,0,0
cg00930606,0,0,0,0,0,0,0,0
cg00953006,1,0,1,2,1,1,2,0
cg00973118,0,0,0,0,0,0,0,0
cg00980622,0,0,0,1,0,0,1,0
cg01000188,1,1,1,1,2,2,2,2
cg01017147,1,1,1,2,1,1,1,1
cg01066431,0,0,0,0,0,0,0,0
cg01078772,1,1,1,1,1,1,1,1
cg01094192,1,0,0,1,1,1,0,1
cg01094687,0,0,0,0,0,0,0,0
cg01094748,0,1,0,0,0,0,2,1
cg01101873,0,0,0,0,0,0,0,0
cg01104306,2,1,2,1,0,0,0,1
cg01126532,0,0,0,0,0,0,0,0
cg01156747,0,0,0,1,1,1,1,1
cg01165661,0,0,0,0,0,0,0,1
cg01169021,1,1,1,2,1,1,1,1
cg01180479,2,2,2,2,2,2,2,2
cg01196336,0,0,0,0,0,0,0,0
cg01208566,1,1,1,1,1,1,1,2
cg01218619,1,1,1,1,1,1,0,1
cg01219135,1,1,1,1,1,1,0,0
cg01223011,0,0,1,0,2,2,2,2
cg01242676,2,2,2,2,2,2,2,2
cg01248445,2,1,1,1,1,1,0,1
cg01270593,2,2,2,2,2,2,1,2
cg01274753,0,0,0,0,0,0,0,0
cg01293179,0,0,1,1,2,2,2,2
cg01301319,1,1,1,1,1,1,2,1
cg01309328,0,0,0,0,0,0,0,0
cg01314743,0,0,0,0,0,0,0,1
cg01324343,1,1,1,1,1,1,0,1
cg01351327,2,2,0,1,1,2,2,2
cg01359962,0,0,0,0,0,1,0,0
cg01365639,2,2,2,1,2,2,1,1
cg01396157,2,2,2,2,2,2,1,2
cg01426903,0,0,1,2,1,1,1,1
cg01435791,0,0,0,0,0,0,0,0
cg01439322,0,0,0,0,0,0,0,0
cg01484296,0,0,0,0,0,0,0,1
cg01485549,1,0,1,0,0,1,1,1
cg01530154,0,0,0,1,0,0,0,2
cg01552731,0,0,0,0,1,1,0,0
cg01569709,1,1,2,1,2,2,2,2
cg01584932,1,1,0,1,1,1,1,0
cg01601299,1,1,0,0,0,0,0,0
cg01607530,0,0,0,0,0,0,0,0
cg01613691,0,0,0,1,1,0,0,0
cg01622416,2,2,2,1,2,2,2,2
cg01646323,0,0,0,0,1,1,0,0
cg01758314,1,1,1,0,0,0,0,0
cg01806192,0,1,1,2,1,1,0,2
cg01809217,1,1,2,2,2,2,2,2
cg01830073,0,0,0,0,0,0,0,0
cg01870826,1,1,2,1,1,1,1,1
cg01874867,0,0,0,0,0,0,0,0
cg01894498,1,1,1,1,1,1,1,1
cg01905633,0,1,1,0,1,1,0,0
cg01987333,0,0,0,0,0,0,0,0
cg02032841,1,1,1,0,0,0,0,0
cg02067022,1,1,1,1,1,1,2,2
cg02105042,0,0,0,1,0,0,0,0
cg02158486,2,2,2,2,2,2,2,2
cg02228675,2,2,2,2,2,2,2,2
cg02238549,1,1,1,0,0,0,0,1
cg02273436,0,1,0,1,2,2,1,1
cg02274366,0,1,0,0,1,1,0,0
cg02278114,0,0,0,0,0,0,0,1
cg02315096,2,2,1,1,2,2,2,1
cg02326224,2,1,2,2,1,2,1,1
cg02331649,0,0,0,0,0,0,0,1
cg02400092,0,0,0,0,0,0,0,0
cg02421962,0,1,0,1,0,0,0,1
cg02426999,0,0,0,0,1,1,0,0
cg02428792,0,0,0,0,1,1,1,0
cg02450064,2,2,2,2,2,2,2,2
cg02473254,0,0,0,0,0,0,0,2
cg02484210,2,2,2,1,1,2,1,1
cg02498063,1,1,1,1,1,1,1,1
cg02508651,2,2,2,2,2,2,2,2
cg02518216,2,2,2,1,2,2,1,2
cg02531924,0,0,0,0,0,0,0,0
cg02546490,2,2,2,2,2,2,1,2
cg02552250,0,0,0,0,1,1,0,0
cg02586712,0,0,0,0,0,0,0,0
cg02596779,0,0,0,0,0,0,0,0
cg02607237,1,1,1,2,0,0,0,0
cg02616710,0,0,0,0,0,0,0,0
cg02621481,0,0,0,0,0,0,0,0
cg02624836,0,0,1,0,1,1,0,0
cg02641400,0,0,0,0,0,0,0,0
cg02645340,0,0,0,0,0,0,0,0
cg02675527,0,1,1,1,1,1,0,0
cg02736908,0,0,0,0,1,1,1,1
cg02738086,0,0,0,0,0,0,0,1
cg02744588,0,0,1,0,0,1,1,2
cg02753027,1,1,1,0,0,0,0,0
cg02796478,0,1,0,1,0,0,1,1
cg02799427,1,0,0,1,1,1,1,1
cg02872426,0,0,0,0,0,0,0,0
cg02881189,1,1,1,1,0,1,0,1
cg02942766,0,0,0,1,0,0,0,2
cg02971253,1,1,1,0,1,1,0,1
cg03041510,1,1,1,1,1,1,1,1
cg03047995,0,0,0,0,0,0,0,0
cg03095800,0,0,0,1,0,0,0,0
cg03147184,0,0,0,1,1,1,1,1
cg03176993,1,1,0,0,0,0,0,0
cg03179435,0,0,0,0,0,0,0,0
cg03190769,2,1,2,1,1,0,0,0
cg03207666,2,2,2,2,2,2,2,2
cg03209871,0,1,1,0,0,0,0,2
cg03242666,0,0,0,0,0,0,0,1
cg03270395,0,0,0,0,1,0,0,0
cg03271533,1,1,1,0,1,1,0,0
cg03278811,0,0,0,0,0,0,0,0
cg03297163,2,2,2,2,2,2,0,0
cg03315344,1,1,1,1,1,1,1,1
cg03325664,2,2,2,2,2,2,2,2
cg03330678,1,1,0,1,1,1,2,1
cg03370951,1,1,1,1,1,1,1,1
cg03395511,1,1,2,1,1,1,0,1
cg03421353,0,0,0,0,0,0,0,0
cg03428047,0,0,0,0,0,0,0,0
cg03428864,2,2,2,2,2,2,2,2
cg03433986,0,0,0,0,0,0,0,0
cg03444077,0,0,0,0,0,1,1,0
cg03481509,0,0,1,1,0,0,0,1
cg03520938,1,1,1,1,0,1,1,0
cg03556313,1,1,1,1,1,1,0,0
cg03611551,1,0,1,0,0,0,1,0
cg03646740,0,0,0,0,0,0,0,0
cg03669367,1,0,1,1,0,0,0,0
cg03695236,1,1,1,2,2,2,2,2
cg03706720,0,0,0,1,0,0,0,0
cg03721454,1,1,1,2,0,0,2,0
cg03738707,1,1,1,1,1,1,1,1
cg03753385,0,0,0,0,0,0,0,0
cg03755052,0,0,1,0,0,0,0,0
cg03804621,0,0,0,0,0,0,0,0
cg03826642,0,0,0,0,0,0,0,0
cg03848129,1,1,1,1,1,1,1,0
cg03880506,0,0,1,1,1,1,2,2
cg03880611,0,0,0,0,1,1,0,2
cg03889540,0,0,1,2,1,1,0,1
cg03894068,1,1,1,0,0,0,0,0
cg03898952,1,1,1,0,1,1,1,2
cg03906434,0,0,0,0,0,0,0,0
cg04006327,0,0,0,0,0,0,0,0
cg04019914,1,1,1,2,1,1,1,0
cg04036777,0,0,0,0,0,0,0,0
cg04060561,0,0,0,1,1,0,0,0
cg04070847,0,0,0,1,0,0,0,1
cg04131969,2,2,2,2,2,2,2,2
cg04141796,1,1,1,2,1,1,1,2
cg04156219,2,2,1,2,2,2,1,1
cg04176472,1,2,1,1,1,1,1,1
cg04178523,0,0,0,1,1,0,0,1
cg04216235,1,1,1,1,1,1,0,2
cg04217706,1,2,1,2,2,2,2,2
cg04264002,0,0,0,2,1,1,1,0
cg04362989,1,1,1,0,0,0,0,0
cg04391463,2,2,2,2,2,2,2,2
cg04410756,2,2,2,2,1,1,0,0
cg04454285,1,1,1,1,1,1,0,0
cg04481923,1,1,1,1,1,1,1,1
cg04520704,0,0,0,0,0,0,1,0
cg04522575,1,2,1,1,1,1,1,2
cg04547181,1,1,1,1,1,1,1,0
cg04548463,1,1,1,1,1,1,2,1
cg04605697,2,2,2,2,1,1,2,1
cg04630490,1,1,0,2,2,2,2,2
cg04653913,0,0,0,0,0,0,0,0
cg04657146,2,2,2,2,2,2,1,1
cg04671734,2,2,2,2,2,2,2,2
cg04672622,1,1,1,0,1,1,1,1
cg04672903,1,1,1,1,1,1,1,1
cg04713352,1,1,1,1,1,1,1,1
cg04726821,0,0,0,0,0,0,0,0
cg04736911,0,0,0,0,0,0,0,0
cg04737881,2,1,0,2,2,2,0,1
cg04741118,1,1,1,0,1,0,0,2
cg04748010,1,1,2,1,1,1,1,1
cg04781305,0,0,0,1,0,0,0,0
cg04783231,2,1,1,1,2,1,1,1
cg04811114,0,0,0,0,0,0,0,0
cg04876069,1,1,1,1,1,1,1,0
cg04885881,1,0,0,0,0,1,0,0
cg04889800,0,0,0,0,0,0,0,0
cg04908961,0,0,0,0,1,0,0,0
cg04931238,1,1,1,2,2,1,1,2
cg04981007,1,0,1,1,2,2,0,0
cg05004973,0,0,0,0,1,1,1,2
cg05005343,2,2,2,0,1,2,2,2
cg05020125,1,1,1,1,1,1,1,1
cg05030553,1,1,1,1,1,1,1,2
cg05090351,0,0,0,0,0,0,0,0
cg05149097,0,0,1,1,0,0,0,0
cg05168764,1,1,0,0,1,1,1,0
cg05180717,1,1,1,1,1,1,2,1
cg05182265,0,0,0,0,0,0,0,0
cg05254095,1,1,1,1,1,1,0,0
cg05275595,1,0,0,0,0,0,0,1
cg05277122,0,0,0,0,0,0,0,0
cg05292376,1,1,2,1,2,1,1,1
cg05307301,0,0,0,0,0,0,0,0
cg05308504,2,2,2,2,2,2,2,2
cg05353869,2,2,2,2,2,2,2,2
cg05360958,1,1,1,1,1,1,1,1
cg05365735,2,2,2,2,1,1,1,2
cg05371332,1,0,0,1,1,1,1,1
cg05379541,0,1,1,1,1,1,1,1
cg05385718,1,1,1,1,1,1,0,0
cg05403689,0,0,0,0,0,0,0,0
cg05424333,1,1,0,0,1,1,0,2
cg05454501,2,2,2,2,2,2,2,0
cg05460318,0,0,0,0,0,0,0,0
cg05509609,1,1,1,1,1,1,1,1
cg05542785,0,1,0,1,1,2,2,0
cg05547778,0,0,0,1,0,0,0,0
cg05547895,1,1,1,2,1,1,1,1
cg05589489,0,0,0,0,0,0,0,0
cg05620261,1,1,2,1,2,1,2,1
cg05634630,0,0,1,1,0,0,0,0
cg05650719,1,0,1,1,1,1,0,1
cg05658512,1,1,0,0,0,0,0,0
cg05666036,2,1,2,2,2,2,2,1
cg05670953,0,0,0,0,0,0,0,0
cg05702280,0,0,0,0,0,0,0,0
cg05778424,0,0,0,0,0,0,0,2
cg05817845,1,1,1,1,0,0,0,0
cg05851442,1,1,1,1,1,1,1,2
cg05865011,0,0,0,0,0,0,0,0
cg05867245,0,0,0,0,0,0,0,0
cg05879419,0,0,1,1,0,0,1,0
cg05888872,0,0,0,0,0,0,0,0
cg05903444,2,2,2,2,1,1,1,0
cg05946623,1,1,1,0,1,1,1,2
cg05951994,2,1,1,1,0,0,0,1
cg05990312,1,1,1,1,1,1,0,2
cg06000144,0,0,0,0,2,2,2,2
cg06040071,2,2,2,1,1,1,1,1
cg06094482,0,0,0,0,0,0,0,1
cg06188367,0,0,0,0,0,0,0,0
cg06235224,1,0,0,0,0,0,0,0
cg06259025,0,0,0,0,0,0,0,0
cg06263178,0,0,1,0,2,2,1,0
cg06279274,0,0,0,0,1,0,0,1
cg06327515,1,1,1,1,2,1,1,2
cg06365843,2,1,2,1,1,1,1,1
cg06371583,0,0,0,0,0,0,0,0
cg06417478,2,2,2,2,2,2,2,2
cg06478886,1,1,1,1,1,1,1,1
cg06480265,0,0,0,0,0,0,0,1
cg06490113,1,1,1,2,1,1,1,1
cg06512263,1,1,1,1,1,1,1,1
cg06536614,1,1,1,1,1,1,2,1
cg06617217,0,0,0,0,0,0,0,0
cg06623827,0,0,0,0,0,0,0,0
cg06624036,0,0,0,0,0,0,0,0
cg06635900,2,2,2,2,2,2,1,2
cg06640997,1,1,1,0,0,0,0,0
cg06650246,1,1,1,1,1,1,0,1
cg06650379,1,1,1,0,0,0,0,0
cg06677321,0,0,0,0,1,0,1,2
cg06681434,1,1,2,1,1,1,1,1
cg06683316,0,0,0,1,1,0,1,1
cg06710742,0,0,0,0,0,0,0,0
cg06713675,2,0,1,0,1,2,2,2
cg06737308,1,1,1,0,1,1,0,0
cg06751366,1,1,0,1,0,1,0,1
cg06755071,0,0,0,0,0,0,0,0
cg06759314,2,1,2,2,1,1,2,2
cg06770429,0,0,0,0,0,0,0,0
cg06779847,0,0,0,1,1,1,0,0
cg06781532,0,1,1,1,1,1,1,1
cg06813419,0,0,1,1,1,0,1,0
cg06817772,0,0,0,0,0,0,0,1
cg06818052,0,0,0,0,0,0,0,0
cg06834313,2,2,1,1,2,2,2,2
cg06834998,1,1,1,1,1,1,1,1
cg06891458,1,1,1,1,0,0,0,1
cg06902099,0,0,0,0,0,0,0,0
cg06939307,1,1,0,1,0,1,0,2
cg06961233,1,1,1,1,1,1,2,2
cg06962549,1,1,1,1,1,1,1,2
cg06965195,1,2,0,0,0,0,0,0
cg07042014,1,2,1,1,1,1,1,1
cg07048527,2,2,2,1,1,2,1,1
cg07060739,0,0,0,0,0,0,0,1
cg07067710,2,2,1,1,1,1,1,1
cg07073960,1,2,1,2,1,1,0,1
cg07109804,1,1,2,2,2,2,2,2
cg07149179,1,0,0,0,0,0,0,0
cg07184237,0,0,0,0,1,1,0,0
cg07204874,0,0,0,1,0,0,0,0
cg07222861,0,1,0,0,1,0,0,0
cg07300846,1,2,2,1,2,2,2,2
cg07312051,0,0,0,0,0,0,0,0
cg07336123,1,0,0,2,1,1,0,0
cg07337250,0,0,1,0,0,0,0,0
cg07345934,0,0,0,0,0,0,0,0
cg07363270,0,0,0,0,0,0,1,0
cg07375978,0,0,0,0,0,0,0,0
cg07389611,0,1,1,1,1,0,0,0
cg07404485,0,0,0,0,0,0,0,0
cg07429623,0,0,0,0,0,0,0,0
cg07433152,0,0,0,0,0,0,0,0
cg07459594,0,0,0,0,0,0,0,0
cg07501729,1,1,1,1,1,1,0,0
cg07504727,0,0,0,0,0,1,0,0
cg07525682,0,0,0,0,0,0,0,0
cg07530063,0,0,0,0,0,0,0,0
cg07570687,1,1,1,2,2,2,1,2
cg07571734,2,2,2,2,2,2,1,1
cg07581623,0,0,0,0,0,0,0,0
cg07594247,0,0,0,0,0,1,1,1
cg07615383,1,1,1,0,1,1,0,1
cg07629965,0,1,1,0,0,0,0,1
cg07636688,1,0,1,1,2,2,2,2
cg07685357,1,1,1,0,1,1,1,1
cg07769588,0,0,0,0,0,0,0,0
cg07819160,0,0,1,0,0,0,0,0
cg07854954,0,0,0,0,0,0,0,0
cg07856155,0,0,0,1,1,1,1,0
cg07863877,2,2,1,0,1,1,1,2
cg07878514,0,0,0,0,0,1,0,0
cg07891179,1,1,1,1,1,1,1,0
cg07898446,1,1,1,0,1,1,0,0
cg07918978,1,1,0,1,0,0,0,1
cg07935886,1,1,0,1,1,0,0,1
cg07963670,0,1,0,0,0,0,0,0
cg07964754,1,1,0,2,0,0,0,0
cg07967210,2,2,2,1,1,2,1,2
cg07997737,1,1,1,1,1,1,0,1
cg07998277,0,0,0,2,1,2,2,2
cg08024887,0,0,0,0,0,0,0,0
cg08031982,0,0,0,1,0,0,1,1
cg08033722,0,0,0,1,0,0,1,1
cg08066140,1,0,0,2,2,2,2,2
cg08070327,1,1,2,1,1,1,1,1
cg08075719,0,0,0,0,0,0,0,0
cg08084655,2,2,1,2,1,2,0,0
cg08098382,1,1,1,0,1,1,1,1
cg08129953,1,1,1,1,0,0,0,0
cg08144675,1,1,1,1,1,1,0,2
cg08161163,0,0,0,0,0,0,0,0
cg08182270,1,0,1,1,2,2,2,2
cg08203788,2,2,2,2,2,2,2,2
cg08217526,0,0,0,0,0,0,0,0
cg08223357,2,2,2,2,2,1,2,2
cg08247852,1,1,1,1,0,0,0,2
cg08258506,1,1,1,2,1,2,0,2
cg08313539,1,1,1,2,1,1,1,1
cg08318732,0,0,0,0,1,0,0,1
cg08339023,1,1,1,1,0,0,0,1
cg08352422,2,2,1,0,2,2,2,0
cg08352439,0,0,0,0,0,0,0,0
cg08377819,2,2,2,2,2,2,1,2
cg08398567,0,1,0,0,0,0,0,0
cg08410996,2,2,2,2,2,2,2,1
cg08466034,0,0,0,0,0,0,0,0
cg08477332,1,1,1,2,1,1,1,1
cg08491681,0,0,1,1,1,1,0,0
cg08515442,2,1,1,0,1,1,2,1
cg08533710,0,0,0,1,1,1,1,1
cg08541895,1,1,1,1,1,1,1,0
cg08580836,0,0,0,0,0,0,0,0
cg08623383,2,1,0,2,0,0,0,0
cg08624915,0,0,0,0,0,0,0,0
cg08639762,1,1,1,1,0,0,0,0
cg08678044,2,1,1,0,0,0,0,1
cg08681685,0,0,0,0,0,0,0,0
cg08686092,1,1,1,1,1,0,0,1
cg08709360,0,0,0,0,0,0,0,1
cg08734931,0,0,0,0,0,0,0,0
cg08744475,0,0,0,0,1,1,0,0
cg08810053,0,1,0,0,0,0,0,0
cg08822523,1,0,1,0,0,0,0,0
cg08839053,0,0,0,0,1,0,1,0
cg08872493,0,0,0,0,0,0,0,0
cg08881680,1,1,1,0,1,1,1,1
cg08946854,1,2,1,2,2,2,2,2
cg08969950,0,0,0,0,1,0,0,1
cg08991437,1,1,1,0,0,0,0,1
cg09019154,0,0,0,0,0,0,0,0
cg09023624,1,2,1,1,1,1,1,2
cg09063149,0,0,0,0,0,0,0,0
cg09076339,0,0,0,0,1,0,0,0
cg09096031,1,0,0,1,0,0,0,1
cg09118625,1,1,1,1,1,1,1,1
cg09127314,1,1,1,1,1,1,1,0
cg09144964,0,0,1,1,1,1,0,0
cg09180702,1,1,1,0,1,1,0,1
cg09212597,1,1,2,2,2,2,1,1
cg09289202,0,1,1,1,1,0,0,1
cg09323728,0,0,0,0,0,0,0,0
cg09338136,2,2,2,1,1,0,0,0
cg09361469,0,0,0,0,0,0,1,0
cg09381666,1,1,2,2,1,1,2,2
cg09417038,1,0,1,0,1,1,0,1
cg09427016,1,1,0,1,1,1,2,2
cg09460553,2,2,2,2,2,2,2,2
cg09464268,0,0,0,0,0,0,0,0
cg09467607,0,0,0,0,0,0,0,0
cg09471455,0,1,1,2,0,0,0,0
cg09474442,2,2,2,2,2,2,2,2
cg09514174,0,0,0,0,0,0,0,0
cg09524686,0,0,0,0,0,0,0,0
cg09527615,2,2,2,2,2,2,2,2
cg09563777,1,1,1,2,1,1,0,1
cg09566316,1,1,2,2,2,1,1,2
cg09582042,2,2,2,2,1,1,1,1
cg09597638,0,0,0,1,1,1,0,0
cg09608949,1,1,0,0,0,0,0,0
cg09618778,0,0,0,0,0,0,0,0
cg09647867,1,0,1,0,2,2,1,2
cg09667013,1,1,1,1,1,1,2,2
cg09706021,1,0,0,1,1,0,0,0
cg09713850,0,0,0,0,1,0,1,1
cg09715059,2,2,2,1,1,2,1,1
cg09747445,0,0,0,0,0,0,0,0
cg09824603,1,0,0,0,1,0,0,1
cg09830866,1,2,1,2,1,1,1,1
cg09862733,0,1,1,0,0,0,0,0
cg09949789,0,0,0,1,0,0,0,0
cg10011623,0,1,2,2,1,2,1,0
cg10016004,0,0,0,0,0,0,0,0
cg10028549,0,0,0,1,0,0,0,0
cg10064060,1,0,1,2,1,1,0,1
cg10092265,0,0,0,0,0,0,0,0
cg10168457,1,1,1,1,1,1,1,1
cg10177528,0,0,0,1,1,1,0,0
cg10180281,0,0,0,0,0,0,0,0
cg10195146,0,0,0,0,0,0,0,0
cg10202436,0,1,1,1,0,1,2,2
cg10246448,0,0,1,0,1,0,1,0
cg10281770,0,0,0,0,0,0,0,0
cg10322794,1,1,1,1,1,0,0,1
cg10328171,2,2,2,2,2,2,2,2
cg10334976,0,0,0,0,0,0,0,0
cg10336039,0,0,0,0,0,0,0,0
cg10400081,0,0,0,0,0,0,0,0
cg10430077,0,1,0,1,0,0,0,0
cg10449558,1,1,0,1,0,0,0,2
cg10498502,1,0,1,2,0,1,0,1
cg10501602,1,1,1,1,1,1,0,0
cg10528989,2,2,2,1,1,1,0,1
cg10530568,2,1,2,2,2,1,1,0
cg10570158,0,0,0,0,0,0,0,0
cg10596483,1,1,1,1,1,1,1,1
cg10621924,1,1,1,1,1,1,1,1
cg10672416,0,0,0,0,0,1,0,0
cg10688516,0,0,0,0,0,0,0,0
cg10703884,1,1,1,2,2,1,1,0
cg10755723,1,0,1,1,1,1,1,2
cg10763374,0,0,0,0,0,0,0,0
cg10781468,2,1,1,1,1,1,2,0
cg10783797,0,0,0,0,0,0,0,0
cg10804974,1,1,1,1,1,1,1,1
cg10874314,1,0,0,1,1,0,1,2
cg10885151,2,1,2,1,1,1,2,2
cg10925640,0,0,0,0,0,0,0,0
cg10947611,0,0,0,0,0,0,0,0
cg10963793,2,2,2,1,1,1,1,2
cg10968944,0,0,0,1,0,0,1,2
cg10995755,2,1,2,0,0,0,1,0
cg11007120,1,1,1,1,2,2,1,1
cg11039913,2,2,2,2,2,2,1,2
cg11059159,1,1,1,1,1,1,1,1
cg11084470,1,2,1,1,2,2,2,2
cg11161837,1,1,1,1,2,2,2,1
cg11204139,0,0,0,1,1,1,0,1
cg11204974,0,0,0,0,0,0,0,0
cg11218619,2,2,2,2,0,1,0,1
cg11220502,0,0,0,0,0,0,0,1
cg11220732,0,0,0,0,0,0,0,0
cg11228126,0,0,0,0,0,0,0,0
cg11245181,0,1,0,1,0,0,0,0
cg11291081,0,0,0,0,0,0,0,0
cg11322797,0,0,1,0,0,0,0,0
cg11351987,1,1,1,1,2,2,1,1
cg11363527,1,0,1,0,1,1,0,0
cg11376198,2,2,2,2,2,2,2,2
cg11413657,0,0,0,0,0,0,0,0
cg11503210,0,0,0,0,0,0,0,1
cg11522683,0,0,0,0,0,0,0,0
cg11524454,1,0,1,1,1,0,1,1
cg11544420,1,1,1,0,1,1,1,1
cg11586189,0,0,0,0,0,0,0,1
cg11588844,2,1,1,1,2,1,2,1
cg11596009,0,0,0,2,1,1,1,1
cg11600596,2,2,2,1,2,2,2,2
cg11608150,1,1,1,1,1,1,1,1
cg11617938,0,0,0,0,0,0,0,2
cg11653233,0,0,0,0,0,0,0,0
cg11656177,2,2,2,2,0,1,1,1
cg11702085,2,2,2,2,2,2,2,2
cg11719362,2,2,2,2,2,2,2,2
cg11738485,2,2,2,2,2,2,2,2
cg11738486,1,0,1,0,1,0,0,0
cg11749010,0,0,0,0,0,0,0,0
cg11800117,0,0,0,0,0,0,0,0
cg11828983,1,0,1,1,1,1,0,1
cg11835209,1,2,2,1,0,0,0,0
cg11860005,0,0,0,0,0,0,0,0
cg11871991,0,0,0,0,1,1,1,2
cg11965913,0,0,0,0,0,1,0,0
cg11989576,1,1,1,2,1,1,1,1
cg12041401,1,1,1,1,1,0,1,1
cg12054318,0,0,0,1,0,0,0,0
cg12064504,0,0,1,0,0,0,0,0
cg12080831,2,1,2,2,2,2,1,2
cg12135344,0,0,0,0,0,0,0,0
cg12152384,1,1,0,0,1,1,0,0
cg12174804,1,1,1,1,1,1,1,1
cg12215294,0,0,1,1,1,1,1,1
cg12253469,0,0,1,0,0,0,0,0
cg12319143,1,1,2,1,0,0,0,0
cg12324629,0,1,1,1,0,0,0,0
cg12350309,1,1,1,1,1,1,1,1
cg12404181,0,0,0,0,0,0,0,0
cg12450708,0,0,0,1,2,2,2,2
cg12460175,0,0,0,0,0,0,0,0
cg12473775,1,1,1,2,0,1,0,1
cg12492938,1,1,1,1,1,1,1,1
cg12500876,1,1,1,2,1,1,1,2
cg12553689,1,1,1,0,1,1,1,1
cg12574576,1,1,1,0,0,0,0,1
cg12586386,1,1,1,0,0,0,0,0
cg12588917,0,0,0,0,0,0,0,0
cg12615761,1,1,1,1,1,1,0,0
cg12668399,2,2,1,0,2,2,1,2
cg12690119,0,0,0,0,0,0,0,0
cg12705353,2,2,2,1,1,1,1,2
cg12765123,1,1,1,1,1,1,0,1
cg12798194,1,1,1,1,1,1,1,0
cg12809031,0,0,0,1,0,0,0,0
cg12840312,1,1,1,1,1,1,1,1
cg12844324,1,1,1,1,1,1,1,0
cg12850379,0,0,0,0,0,0,0,0
cg12908916,1,2,1,0,2,2,1,1
cg12924430,2,2,2,0,1,1,0,0
cg12927753,0,0,0,0,0,0,1,0
cg12938556,0,0,0,0,0,0,0,0
cg12944343,1,2,2,0,0,0,0,1
cg13027206,0,0,0,0,0,0,0,0
cg13033722,0,0,0,0,0,0,0,0
cg13050716,1,2,2,1,1,1,1,1
cg13126871,1,1,1,2,1,1,1,1
cg13128596,0,0,0,0,0,0,0,0
cg13132497,1,1,1,1,0,0,0,0
cg13172549,1,2,2,2,1,1,1,2
cg13176979,0,0,0,0,0,0,0,0
cg13186228,2,2,2,2,2,2,2,2
cg13198297,0,0,0,0,0,0,0,0
cg13207180,1,1,1,1,1,1,1,1
cg13252700,2,2,2,2,1,1,2,1
cg13278353,2,2,2,2,2,2,2,2
cg13289019,1,1,1,0,1,1,0,0
cg13307058,1,1,0,0,0,1,1,0
cg13316472,0,0,0,0,0,0,0,0
cg13377056,0,0,0,1,0,0,0,1
cg13393036,0,0,0,0,0,0,0,0
cg13405775,2,2,2,1,1,1,1,2
cg13428066,1,1,1,1,1,1,1,1
cg13477101,0,0,0,0,0,0,0,0
cg13500113,1,1,1,1,0,0,1,0
cg13522882,0,0,0,0,0,0,0,0
cg13567405,0,0,0,0,0,0,0,2
cg13572782,0,0,0,0,0,0,0,0
cg13668471,0,0,0,1,1,1,0,0
cg13681655,0,1,0,1,0,0,0,0
cg13683194,0,0,1,0,0,0,0,0
cg13687570,1,1,1,1,1,1,1,1
cg13697378,1,1,1,1,1,1,0,0
cg13734401,1,0,0,0,2,2,1,2
cg13736514,1,1,1,1,1,1,1,0
cg13805518,0,0,0,1,1,0,0,0
cg13809441,2,2,2,2,1,1,1,1
cg13812291,2,1,1,0,1,1,2,1
cg13835029,0,0,0,0,0,0,0,1
cg13845105,0,0,0,0,0,0,0,0
cg13865488,2,2,2,1,1,1,1,0
cg13884376,0,0,0,0,0,0,0,0
cg13904574,0,0,0,0,1,1,0,0
cg13928427,2,2,2,1,1,1,1,1
cg13952159,0,0,0,1,0,0,0,1
cg13972423,2,1,2,2,2,1,1,1
cg13975106,0,0,0,1,0,0,0,0
cg13978566,2,2,2,1,2,2,2,2
cg13980266,0,0,0,0,0,0,0,1
cg13981838,0,0,0,1,0,1,0,0
cg13989519,0,0,0,0,0,0,0,0
cg14032732,1,1,1,1,1,1,0,0
cg14047153,0,0,1,0,0,0,0,0
cg14058329,2,2,2,2,2,2,2,2
cg14068301,0,0,0,0,0,0,0,0
cg14076977,0,0,0,1,0,0,0,0
cg14093127,1,1,0,1,1,0,1,1
cg14113351,1,1,1,1,0,0,0,0
cg14166009,1,1,1,1,1,1,0,1
cg14202048,2,2,2,2,1,1,0,2
cg14242696,0,0,0,0,0,0,2,0
cg14340463,0,0,1,1,1,1,0,0
cg14386312,1,1,1,0,1,1,0,0
cg14413354,1,0,0,1,1,1,1,1
cg14417784,1,1,1,1,1,1,0,1
cg14562054,1,1,1,2,1,1,2,0
cg14580228,0,0,0,1,0,0,0,0
cg14595683,0,1,0,0,0,0,1,0
cg14604066,0,0,0,0,0,0,0,0
cg14637144,2,2,2,1,1,1,1,1
cg14643390,0,1,0,0,0,0,0,0
cg14644378,1,1,1,1,1,1,1,0
cg14693391,0,0,0,0,0,0,0,0
cg14700230,1,1,0,2,2,2,2,1
cg14759494,1,1,1,2,1,1,1,2
cg14794655,0,0,0,0,0,0,0,0
cg14837974,0,1,0,1,0,0,0,0
cg14847483,1,1,1,1,1,1,2,1
cg14850026,2,2,2,2,2,2,2,2
cg14866167,1,1,1,1,1,1,1,1
cg14883961,0,0,0,0,0,0,0,0
cg14893161,1,1,1,1,1,1,0,0
cg14934242,1,1,2,2,1,1,1,1
cg14952312,2,1,1,2,1,1,2,2
cg14965694,0,0,0,1,0,0,0,0
cg15002904,0,0,1,1,0,1,0,0
cg15007983,0,0,0,0,1,1,0,1
cg15008743,0,0,0,0,1,1,0,0
cg15117372,2,1,2,2,2,2,1,2
cg15147215,1,1,1,1,1,1,1,1
cg15199987,0,0,0,0,1,1,1,0
cg15200445,1,0,0,1,0,0,0,1
cg15212455,1,1,1,1,1,1,2,2
cg15224459,1,1,1,1,1,1,1,0
cg15235999,2,1,1,1,1,1,0,0
cg15241074,1,1,1,2,0,0,1,1
cg15246712,0,1,0,0,0,0,0,1
cg15319824,0,0,0,0,0,0,0,0
cg15359390,0,0,0,0,0,0,0,0
cg15401418,2,2,2,2,2,2,2,2
cg15414638,2,1,2,2,2,2,2,2
cg15425811,0,0,0,0,0,0,0,0
cg15464821,0,0,0,0,0,0,0,0
cg15469871,1,1,2,1,1,1,2,1
cg15551981,0,1,0,0,0,0,0,0
cg15690542,0,0,1,1,0,0,0,1
cg15697225,1,1,1,1,2,2,2,2
cg15701794,0,0,0,0,0,0,0,0
cg15702949,0,0,0,0,0,0,0,0
cg15711727,1,1,0,0,1,1,1,1
cg15721243,1,1,1,1,0,0,0,0
cg15777261,0,0,0,0,0,0,0,0
cg15808472,1,1,1,2,2,2,1,2
cg15854394,0,1,1,1,0,0,0,0
cg15867944,1,0,0,2,1,0,1,1
cg15881597,0,1,0,0,0,0,0,0
cg15907060,1,1,1,1,1,1,1,1
cg15996644,1,1,0,1,1,1,0,1
cg16064054,0,0,0,0,1,1,1,0
cg16127514,0,0,0,1,1,0,0,1
cg16148270,1,1,1,1,1,1,1,1
cg16172549,2,2,2,1,2,2,2,2
cg16243243,1,1,2,1,2,2,2,2
cg16254756,0,1,1,1,1,1,1,2
cg16266669,0,0,0,0,0,0,0,0
cg16274899,0,0,0,0,0,0,0,0
cg16296679,0,0,0,1,1,1,1,0
cg16303742,1,1,1,0,2,2,2,0
cg16311302,0,0,0,0,0,0,0,0
cg16314899,1,1,1,2,1,1,1,2
cg16319129,0,0,0,1,1,1,1,1
cg16345566,2,2,2,2,2,2,2,1
cg16387467,1,1,1,0,1,2,2,1
cg16391973,0,0,0,0,0,0,0,0
cg16413785,0,0,0,0,0,0,0,0
cg16430166,0,0,0,0,0,0,0,0
cg16470716,1,1,1,2,2,2,2,2
cg16475891,0,1,0,0,0,0,1,0
cg16496269,0,0,0,0,1,1,0,1
cg16527418,2,2,2,2,2,2,2,2
cg16533146,1,1,1,0,1,0,1,0
cg16585333,0,0,0,0,0,0,0,0
cg16602369,0,0,0,0,0,0,0,0
cg16645423,1,0,0,0,1,1,0,2
cg16659026,1,1,1,2,2,2,2,2
cg16664617,1,0,1,1,0,0,0,1
cg16681083,0,0,0,0,0,0,0,0
cg16714096,0,0,0,0,0,0,0,0
cg16717267,1,1,1,0,1,2,2,1
cg16735509,0,0,0,1,0,0,0,0
cg16743289,2,2,2,1,2,2,2,2
cg16752400,2,2,2,0,2,2,2,2
cg16814023,0,0,0,0,0,0,0,1
cg16852440,1,1,1,1,2,2,2,2
cg16893174,1,2,1,0,1,1,2,1
cg17006282,2,2,1,2,2,2,2,1
cg17016000,0,0,0,1,0,0,0,0
cg17074431,1,1,1,0,1,1,1,1
cg17098387,2,1,2,2,2,1,2,2
cg17118836,2,2,2,1,2,2,2,2
cg17174814,0,0,0,0,0,0,0,0
cg17186388,1,1,0,0,1,1,1,0
cg17191109,0,0,0,0,0,0,0,0
cg17254383,2,2,2,2,2,2,1,2
cg17259096,2,1,2,1,1,1,1,1
cg17306686,1,1,1,1,1,1,1,1
cg17333886,0,0,0,0,0,0,0,0
cg17393917,2,2,1,0,1,0,1,2
cg17397069,2,1,1,1,2,1,1,0
cg17420585,1,0,0,1,1,1,1,1
cg17434008,0,0,0,0,0,0,0,0
cg17445212,1,1,1,1,1,1,0,0
cg17468100,0,0,0,0,0,0,0,0
cg17491987,1,1,1,1,0,1,0,1
cg17500703,2,2,1,2,1,1,1,1
cg17511472,0,0,0,0,0,0,2,0
cg17605021,0,0,0,0,0,0,0,0
cg17610933,0,0,0,0,0,0,1,1
cg17668731,0,0,1,0,1,0,1,1
cg17680092,1,1,1,1,0,0,0,0
cg17692971,1,1,1,0,0,0,1,0
cg17694351,1,1,1,1,1,1,0,0
cg17713488,2,1,1,1,1,1,1,2
cg17723381,1,0,1,1,0,0,0,0
cg17795240,2,1,2,1,1,1,2,1
cg17805072,0,0,1,2,1,1,0,1
cg17820828,1,1,1,1,1,1,0,1
cg17839611,0,0,1,0,0,0,1,0
cg17877220,1,1,1,1,1,1,0,0
cg17961725,1,0,0,0,0,0,0,2
cg18005867,1,1,1,2,0,0,0,1
cg18046394,2,1,1,1,1,1,1,1
cg18059933,0,0,0,0,0,0,0,0
cg18104242,2,2,2,1,1,1,1,1
cg18110333,0,1,1,1,1,1,0,0
cg18168249,0,0,0,1,0,0,0,0
cg18209323,2,2,2,2,2,2,2,2
cg18222865,0,0,0,1,1,1,1,1
cg18232861,2,2,2,1,0,0,0,0
cg18241308,0,0,0,0,0,0,0,0
cg18269963,2,2,1,2,1,1,2,2
cg18279536,0,0,0,0,0,0,0,0
cg18320188,0,0,0,0,0,0,0,0
cg18322025,2,2,2,2,2,2,2,1
cg18330203,0,0,0,1,0,0,0,0
cg18335505,1,1,1,2,2,2,2,2
cg18351329,2,2,2,1,0,0,0,0
cg18352516,2,2,2,2,2,2,1,1
cg18368411,0,0,0,0,0,0,0,0
cg18372208,1,1,0,0,0,0,0,0
cg18402987,1,1,0,1,1,1,1,1
cg18448614,0,0,0,0,0,0,0,0
cg18449021,0,0,0,0,0,0,0,1
cg18460830,1,1,0,0,0,0,0,1
cg18464823,1,1,1,1,2,2,2,1
cg18467189,1,1,1,2,1,1,2,0
cg18482112,0,0,1,0,0,0,0,0
cg18506672,2,2,2,2,2,2,2,2
cg18507732,0,0,0,1,0,0,0,1
cg18520517,0,0,0,0,0,0,0,0
cg18522231,1,1,1,1,1,1,1,2
cg18558073,1,1,1,0,0,0,0,1
cg18571156,0,0,0,0,0,0,0,0
cg18587504,0,0,0,0,0,0,0,0
cg18587557,2,2,2,2,1,1,1,2
cg18634560,0,0,1,2,1,1,0,0
cg18648917,2,2,2,0,0,0,0,0
cg18665594,0,1,0,1,1,1,0,0
cg18670770,0,0,0,0,0,0,0,0
cg18678645,1,1,1,1,1,1,1,2
cg18693051,0,0,1,0,0,0,0,0
cg18707489,1,1,1,1,2,1,1,2
cg18713748,2,2,2,2,2,2,2,2
cg18735089,0,0,0,0,0,0,0,0
cg18792146,2,2,2,2,1,1,0,0
cg18850089,0,1,0,1,1,1,1,2
cg18856614,2,0,2,2,1,1,0,0
cg18857062,2,2,2,2,2,2,1,2
cg18865445,2,2,2,1,1,1,2,1
cg18912107,0,0,0,0,0,0,0,0
cg18934443,0,1,0,1,0,0,0,1
cg19002149,0,0,0,0,0,0,0,0
cg19003815,2,2,2,2,2,2,2,2
cg19050152,1,1,1,1,0,0,0,0
cg19098465,0,0,0,0,0,0,0,0
cg19101232,1,0,0,0,0,0,0,0
cg19107578,2,1,2,0,0,0,0,1
cg19117047,0,0,0,0,0,0,0,0
cg19149522,1,1,1,1,1,1,1,1
cg19183879,1,1,0,2,1,0,0,1
cg19186380,1,0,0,1,0,1,0,1
cg19190762,0,0,0,0,0,0,0,0
cg19196401,1,2,2,2,1,0,1,0
cg19257832,0,0,0,0,0,0,0,0
cg19327615,1,1,1,0,0,0,0,0
cg19333883,0,0,0,0,0,0,0,0
cg19335130,2,2,2,2,1,1,1,1
cg19375981,0,0,0,0,0,1,0,0
cg19455642,0,0,0,1,1,1,0,1
cg19480425,1,1,0,0,0,0,0,1
cg19566774,0,0,1,2,0,1,2,1
cg19572487,1,2,2,0,0,0,0,0
cg19579217,0,0,0,0,0,0,0,0
cg19584649,0,1,0,0,0,0,0,0
cg19658332,0,0,0,1,0,0,0,0
cg19660806,1,1,1,1,1,1,1,0
cg19678392,0,0,0,0,0,0,0,0
cg19701879,2,2,2,2,2,2,1,2
cg19730268,0,0,0,0,0,0,0,0
cg19811337,2,2,2,2,1,2,2,1
cg19820328,1,1,1,2,2,2,2,0
cg19970883,0,0,1,0,0,0,0,0
cg19977004,0,0,0,0,0,0,0,0
cg19978674,2,2,2,2,2,2,2,2
cg19980929,0,0,0,0,1,1,0,0
cg19998073,0,1,0,1,1,0,1,1
cg19998150,0,0,0,0,0,0,0,0
cg20008140,1,2,1,1,1,1,1,1
cg20016411,2,2,2,2,2,2,2,2
cg20018425,0,0,0,0,1,1,2,0
cg20060685,2,2,2,0,2,2,1,2
cg20104774,0,0,0,0,0,0,0,0
cg20117519,0,0,0,0,0,0,0,0
cg20119798,0,0,0,0,0,0,0,0
cg20131596,0,0,0,0,0,0,0,0
cg20165520,0,0,0,0,0,0,0,0
cg20174730,0,1,1,1,0,0,0,2
cg20176388,1,0,1,0,0,1,0,1
cg20181209,1,1,2,1,1,1,1,1
cg20222562,0,0,0,0,0,0,0,0
cg20268039,2,2,2,2,1,2,2,1
cg20276677,0,0,0,0,0,0,0,0
cg20309640,0,1,0,0,1,1,0,1
cg20340346,0,0,0,0,0,0,0,0
cg20375709,0,0,0,0,0,0,1,1
cg20379593,2,2,2,2,1,2,2,2
cg20388732,1,0,0,1,1,0,0,0
cg20432671,0,0,0,0,0,0,0,0
cg20458044,1,1,1,0,1,1,0,0
cg20504791,0,0,0,0,0,0,0,0
cg20513206,0,0,0,0,1,1,0,0
cg20515136,1,1,0,1,1,1,0,0
cg20519373,1,1,2,1,1,1,1,0
cg20569203,1,1,0,0,0,1,0,0
cg20570109,0,1,1,1,1,1,1,1
cg20630655,0,1,0,1,0,0,0,0
cg20660989,1,2,2,1,2,2,0,0
cg20677143,2,2,2,1,2,2,2,1
cg20715295,0,0,0,1,1,0,0,0
cg20740051,0,0,0,0,0,0,0,0
cg20743744,0,0,0,0,0,0,0,0
cg20747739,0,0,0,0,0,0,0,0
cg20770409,0,0,0,0,0,0,1,0
cg20801007,0,0,0,0,0,0,0,0
cg20848291,0,1,0,0,0,0,1,0
cg20885179,2,2,2,2,2,2,2,1
cg20911165,0,0,0,0,0,0,0,0
cg20956390,1,1,1,1,1,1,1,1
cg21010569,1,2,2,2,1,1,1,1
cg21041888,0,0,1,0,1,1,0,0
cg21051519,0,1,1,1,1,1,0,0
cg21061071,1,0,1,0,1,0,0,0
cg21073930,0,0,0,0,0,0,0,0
cg21103992,0,0,0,0,0,0,0,0
cg21109167,0,0,0,0,0,0,0,0
cg21116457,1,1,1,0,0,0,0,1
cg21147203,1,1,1,1,1,1,0,1
cg21153160,1,1,1,1,1,1,0,0
cg21159260,0,0,0,0,0,0,0,0
cg21179831,0,0,0,0,0,0,0,0
cg21183502,2,2,2,2,2,2,1,2
cg21220403,1,1,1,0,0,1,1,2
cg21235119,0,0,1,1,1,0,0,0
cg21361856,0,0,0,0,0,0,0,1
cg21371809,0,0,0,0,0,0,0,0
cg21392385,0,1,0,1,1,0,2,1
cg21468274,0,1,1,0,0,0,0,0
cg21500126,0,1,0,0,2,2,2,2
cg21521117,0,0,0,0,0,0,0,0
cg21523688,1,0,0,0,0,0,0,0
cg21548813,1,1,1,1,1,1,0,0
cg21573200,2,2,2,2,2,2,2,1
cg21580428,1,1,1,1,1,1,1,1
cg21583723,0,0,0,0,0,0,0,0
cg21610815,1,1,1,1,1,1,1,0
cg21626848,0,0,0,0,0,0,0,0
cg21646955,2,2,2,2,2,2,2,2
cg21665744,1,1,1,1,1,1,2,2
cg21702011,0,0,0,0,2,2,0,0
cg21746425,1,1,1,0,1,1,0,0
cg21750887,1,1,1,0,1,1,0,2
cg21790715,0,0,0,0,0,0,0,0
cg21838488,1,1,1,2,1,1,2,2
cg21859290,1,0,0,0,0,0,0,0
cg21865657,0,1,0,0,0,0,0,0
cg21910650,0,0,0,0,0,0,0,0
cg21915449,0,1,1,1,1,1,1,2
cg22033281,1,1,0,1,0,0,0,1
cg22109795,0,0,0,0,0,0,0,0
cg22115748,0,0,0,0,0,0,0,0
cg22212414,0,0,0,0,0,0,0,0
cg22234712,1,1,1,1,1,1,1,1
cg22264616,0,0,0,0,0,0,0,0
cg22307029,2,2,2,1,2,2,2,2
cg22321572,0,0,0,1,1,0,0,0
cg22358580,2,1,2,1,2,2,2,2
cg22407822,1,1,1,1,1,1,1,0
cg22407942,0,0,0,1,0,0,0,1
cg22466678,0,0,0,0,0,0,0,0
cg22533683,0,0,0,0,2,1,1,0
cg22555495,2,2,2,2,1,1,2,2
cg22590775,2,2,2,2,2,2,2,2
cg22595230,0,0,0,0,0,0,0,0
cg22611163,2,2,2,2,2,2,2,2
cg22622123,1,1,0,1,1,1,2,2
cg22677858,0,1,0,1,1,0,0,0
cg22684041,0,0,0,0,0,0,0,1
cg22697853,0,0,0,0,1,1,1,0
cg22705959,2,2,2,2,2,2,2,2
cg22721998,2,2,2,1,2,2,1,2
cg22784187,0,0,0,0,0,0,0,0
cg22796248,1,0,0,0,0,0,0,0
cg22827806,1,1,2,0,1,1,2,1
cg22833175,0,0,0,0,0,0,1,0
cg22841772,1,1,1,2,1,1,1,1
cg22867156,2,2,2,2,1,2,1,2
cg22872064,0,0,0,0,0,0,0,0
cg22879626,1,1,2,1,2,2,2,1
cg22894896,0,0,0,0,0,0,0,1
cg22898082,1,0,0,0,1,0,1,0
cg22901840,1,1,1,1,0,0,0,1
cg22960869,1,1,1,1,2,2,1,1
cg22984769,1,1,1,1,1,1,1,1
cg23003926,0,1,0,2,1,0,1,1
cg23013853,0,0,0,1,0,0,0,0
cg23053407,0,0,0,0,0,0,0,0
cg23054121,0,0,0,1,0,0,0,0
cg23107878,1,1,1,1,1,1,1,1
cg23168425,0,0,0,0,0,0,0,0
cg23181159,0,0,0,0,0,0,0,0
cg23217680,1,2,2,2,1,1,1,1
cg23221052,2,1,1,2,2,2,2,2
cg23226914,2,2,2,2,2,2,1,2
cg23284609,0,0,1,1,1,1,0,0
cg23303188,0,0,1,0,0,0,0,0
cg23323891,1,1,1,1,0,0,0,2
cg23331961,1,1,2,2,1,1,1,1
cg23396177,2,2,2,1,2,2,1,1
cg23409168,2,1,2,2,1,1,2,2
cg23423227,1,1,1,0,0,1,0,0
cg23425316,2,2,2,2,2,2,2,2
cg23445878,0,0,0,0,0,0,0,0
cg23453353,0,0,0,0,1,1,1,0
cg23490300,1,1,1,0,1,1,1,2
cg23496516,0,0,0,0,0,0,0,0
cg23499929,1,1,2,1,2,2,2,1
cg23562538,1,0,0,0,0,0,0,0
cg23573129,1,1,1,2,1,1,0,1
cg23622616,0,0,0,0,0,0,0,0
cg23658684,1,1,2,1,2,1,1,0
cg23708337,0,0,0,1,1,0,1,0
cg23732725,1,0,0,0,0,0,0,0
cg23746600,0,0,0,0,0,0,0,1
cg23748340,1,1,1,1,1,1,2,1
cg23759393,2,2,2,1,2,1,2,2
cg23796525,0,0,0,1,0,0,0,1
cg23884217,2,2,2,2,2,2,2,0
cg23892836,0,0,0,0,0,0,0,0
cg23921523,1,1,0,1,0,0,0,1
cg23929194,1,1,2,1,1,1,0,0
cg23933095,1,2,1,1,1,1,1,1
cg23942311,0,1,1,1,1,1,1,1
cg23971381,1,1,1,1,0,1,0,1
cg24008358,1,1,1,1,1,1,0,0
cg24033859,2,2,2,0,1,1,1,2
cg24048949,1,1,0,1,1,1,1,1
cg24061122,0,0,0,0,0,0,0,0
cg24128316,0,0,0,0,0,0,0,1
cg24195486,1,1,1,2,1,1,1,1
cg24218620,0,0,1,0,0,0,0,1
cg24317406,1,0,2,1,1,1,0,2
cg24319836,0,0,0,0,0,0,0,1
cg24322968,1,1,1,0,2,2,2,2
cg24324837,2,2,2,0,2,2,2,2
cg24334149,1,1,1,0,0,0,0,0
cg24345747,0,1,0,1,1,0,0,1
cg24358846,0,0,0,0,0,0,0,0
cg24395504,2,1,2,2,1,1,1,2
cg24421906,0,0,0,0,0,0,0,0
cg24429310,0,0,0,0,0,0,0,0
cg24460268,0,1,0,0,0,0,1,0
cg24482350,0,0,0,0,0,0,0,0
cg24496563,1,2,1,1,0,0,0,1
cg24512973,0,0,0,0,0,0,0,0
cg24542929,0,0,0,0,1,0,0,1
cg24576358,0,0,0,1,0,0,0,0
cg24581226,1,1,1,1,1,1,0,1
cg24585203,0,0,0,0,1,1,1,1
cg24601559,2,2,2,2,2,1,2,2
cg24617313,2,2,2,2,2,2,2,2
cg24624505,0,0,0,0,0,0,0,0
cg24631482,0,0,0,0,1,1,0,0
cg24642523,2,2,2,1,1,1,1,1
cg24670552,0,0,0,0,0,0,0,0
cg24687529,1,1,1,2,1,1,1,1
cg24691910,1,1,0,0,1,0,1,0
cg24702253,1,0,1,1,1,1,1,2
cg24733637,0,0,0,1,2,2,0,1
cg24754277,0,1,0,2,0,0,0,0
cg24776142,0,0,1,1,1,1,0,0
cg24834889,1,1,1,1,1,1,1,1
cg24843346,1,1,1,0,1,1,1,2
cg24854704,0,0,0,0,0,0,0,0
cg24865779,0,0,0,0,0,0,0,0
cg24869601,0,0,0,0,0,0,0,0
cg24907011,1,1,2,2,1,1,1,2
cg24907270,1,0,1,2,0,0,1,0
cg24920358,2,1,1,0,1,1,0,1
cg24928110,1,1,1,1,1,1,0,1
cg24961795,0,0,0,0,0,0,0,1
cg24969520,0,0,0,0,0,0,0,0
cg25023298,0,0,0,0,0,0,0,0
cg25025879,1,1,1,1,1,1,0,0
cg25043559,0,0,0,0,0,0,0,0
cg25048985,1,1,1,1,1,1,0,2
cg25090994,0,0,0,1,2,2,2,1
cg25123266,2,2,2,2,1,1,1,1
cg25130385,0,0,0,0,0,0,0,0
cg25206536,1,1,1,2,1,1,1,1
cg25223285,1,1,1,1,1,1,1,0
cg25262528,0,0,0,0,0,0,0,0
cg25264265,0,0,0,0,0,0,0,0
cg25299750,0,0,0,0,0,0,0,0
cg25309343,0,0,0,0,0,0,0,0
cg25340403,1,1,1,1,1,1,0,0
cg25340688,1,1,1,1,1,1,1,0
cg25350411,1,1,1,2,1,1,1,1
cg25352397,0,0,0,0,0,1,0,0
cg25390165,2,2,2,2,2,2,2,2
cg25477813,2,1,2,1,1,1,1,1
cg25526039,1,1,2,2,0,0,1,0
cg25560247,1,0,1,1,1,1,0,1
cg25629418,1,1,1,1,1,1,1,1
cg25634141,0,0,0,0,0,0,0,0
cg25652454,1,0,0,0,0,0,0,0
cg25652742,1,1,1,1,0,1,1,0
cg25742326,2,0,2,1,1,0,0,0
cg25771195,0,0,0,0,1,1,1,1
cg25786696,1,1,1,0,2,1,0,0
cg25801742,0,1,1,0,0,0,0,0
cg25815440,1,1,1,1,1,0,1,0
cg25877436,0,0,0,0,0,0,0,0
cg25914921,1,1,1,1,1,2,2,2
cg25986202,2,2,1,2,2,2,2,2
cg26064535,0,0,0,0,0,0,0,1
cg26090062,2,2,1,1,1,1,1,0
cg26127836,1,2,2,2,2,2,1,2
cg26143719,0,0,0,0,0,0,0,0
cg26148377,0,0,0,0,0,0,0,0
cg26154714,2,1,2,2,1,2,0,0
cg26172504,0,0,1,0,1,1,1,0
cg26195495,1,0,0,1,0,0,0,0
cg26224060,0,0,0,0,0,0,0,0
cg26234900,0,0,0,0,0,0,0,0
cg26239297,0,0,0,1,0,1,1,1
cg26250400,0,0,0,1,1,1,1,0
cg26262055,0,0,0,0,1,1,1,0
cg26270695,0,0,0,0,0,1,0,0
cg26313699,1,1,1,1,1,1,1,1
cg26338947,0,0,0,0,0,0,0,0
cg26527457,0,0,0,0,0,0,0,0
cg26536593,0,0,0,0,0,0,0,0
cg26539631,1,1,1,2,2,1,0,0
cg26639479,0,0,1,0,1,1,0,0
cg26667586,2,1,1,1,0,1,0,0
cg26681628,1,1,1,0,0,0,0,0
cg26707664,0,1,0,0,0,0,0,1
cg26725201,0,0,0,0,0,0,0,0
cg26734888,1,1,1,1,1,1,0,0
cg26750617,1,1,1,1,1,1,1,0
cg26750927,1,1,1,2,1,1,2,2
cg26779676,1,1,1,2,2,2,2,2
cg26802564,1,1,1,0,0,0,0,0
cg26850624,0,0,0,0,0,0,1,0
cg26857315,0,0,0,1,1,1,0,1
cg26896946,1,1,1,1,1,1,1,1
cg26924440,2,2,2,2,2,2,1,2
cg26960833,1,0,1,0,1,1,1,1
cg26985203,2,2,1,1,2,1,1,2
cg26992600,0,0,0,0,0,0,0,0
cg27039625,0,0,0,0,0,0,0,0
cg27130359,1,1,1,1,1,1,0,1
cg27134767,1,0,0,0,1,0,0,0
cg27177158,0,1,0,0,0,0,0,0
cg27200630,0,1,0,0,0,0,0,0
cg27203184,1,1,1,1,0,0,0,2
cg27216076,0,1,0,0,0,0,0,0
cg27237671,2,1,2,2,2,1,1,1
cg27300647,2,2,2,2,2,2,2,2
cg27333706,2,2,2,2,0,0,0,1
cg27333886,1,0,0,0,0,0,0,0
cg27345989,1,1,0,1,1,1,1,1
cg27361914,0,0,0,0,0,0,0,1
cg27366882,0,1,1,1,1,1,1,1
cg27370104,0,0,0,0,1,0,0,0
cg27375286,1,1,0,1,0,0,0,0
cg27396056,1,1,1,0,1,1,1,1
cg27398720,1,1,1,2,1,1,1,1
cg27416898,1,1,1,0,0,0,0,1
cg27427491,1,0,1,0,0,0,0,0
cg27454412,0,0,0,0,0,0,0,0
cg27480580,0,0,0,0,0,0,0,0
cg27485402,2,1,2,1,0,0,0,0
cg27493010,2,2,2,2,2,2,2,2
cg27496296,0,0,0,1,0,0,0,0
cg27571374,1,1,1,1,1,0,0,1
cg27620317,2,2,2,2,1,0,1,2
