Labels,MA1,MA2,MA3,MA4,MB1,MB2,MB3,MB4
cg00024494,1,2,1,1,1,1,0,1
cg00034101,0,1,1,1,0,0,1,0
cg00078857,1,1,1,1,1,1,1,1
cg00107579,1,1,0,1,1,1,1,1
cg00153919,1,0,0,0,0,0,0,0
cg00292669,1,2,1,1,1,1,0,1
cg00301396,0,0,0,0,0,0,0,0
cg00361017,2,0,2,2,0,0,1,1
cg00369376,1,0,1,0,0,0,0,0
cg00381755,0,0,0,0,0,0,0,0
cg00384205,1,1,1,1,1,0,0,0
cg00397910,0,1,0,0,0,0,0,0
cg00408773,1,1,1,0,1,1,2,1
cg00428638,1,1,1,1,1,1,1,1
cg00431565,1,2,1,1,1,1,1,1
cg00473597,1,1,0,2,2,1,2,1
cg00504902,2,2,2,2,0,1,0,1
cg00604454,1,2,1,1,1,1,1,1
cg00610991,1,1,1,1,2,2,2,2
cg00619263,1,0,0,1,1,1,1,1
cg00631327,0,0,0,0,0,0,0,0
cg00631329,1,1,1,0,2,1,1,1
cg00659077,0,2,0,1,2,0,0,0
cg00666014,1,1,1,0,1,1,1,1
cg00666422,0,0,0,0,1,0,1,0
cg00718336,2,0,2,1,1,1,1,1
cg00739471,2,2,2,2,1,1,0,1
cg00753924,1,2,0,0,1,1,1,1
cg00807197,2,1,2,1,1,1,1,0
cg00813752,1,1,1,1,1,1,1,1
cg00851732,1,0,1,1,0,0,0,0
cg00871610,0,1,0,1,0,0,0,0
cg00899350,0,2,0,1,0,0,0,0
cg00918181,0,0,0,0,2,1,2,1
cg00923880,2,2,2,2,0,1,2,1
cg00930606,2,1,2,2,0,0,0,0
cg00953006,1,2,1,1,0,1,0,1
cg00973118,0,1,0,1,0,0,0,0
cg00980622,0,0,0,1,1,1,1,1
cg01000188,1,1,1,1,0,0,1,0
cg01017147,2,1,2,2,2,2,2,2
cg01066431,1,2,2,1,1,0,1,0
cg01078772,0,1,1,1,1,1,1,1
cg01094192,1,1,1,0,2,1,2,1
cg01094687,2,1,1,1,0,0,0,0
cg01094748,2,1,2,2,0,0,0,0
cg01101873,2,2,1,2,2,1,1,1
cg01104306,1,0,1,1,0,1,1,1
cg01126532,1,2,1,1,1,1,1,1
cg01156747,1,0,1,1,1,0,1,0
cg01165661,0,0,0,2,2,1,1,1
cg01169021,2,2,2,2,2,2,2,2
cg01180479,0,0,0,0,0,0,0,0
cg01196336,0,1,0,1,1,1,0,0
cg01208566,1,1,0,0,2,0,2,1
cg01218619,1,2,1,1,1,1,1,1
cg01219135,2,2,2,2,0,0,0,0
cg01223011,0,2,0,1,1,1,1,1
cg01242676,2,1,2,2,0,0,0,0
cg01248445,1,2,0,1,1,1,1,1
cg01270593,1,1,1,1,1,1,1,1
cg01274753,0,0,0,0,0,0,0,0
cg01293179,1,1,1,2,2,2,2,1
cg01301319,0,0,0,0,0,1,0,1
cg01309328,1,2,0,0,1,1,1,1
cg01314743,0,0,0,0,1,1,1,1
cg01324343,2,1,2,1,0,0,0,0
cg01351327,1,1,1,1,1,1,1,1
cg01359962,0,0,0,1,0,0,0,0
cg01365639,1,2,1,2,0,0,0,0
cg01396157,1,2,0,0,0,0,0,0
cg01426903,0,0,0,2,1,2,0,2
cg01435791,0,1,0,1,0,0,0,0
cg01439322,0,0,1,0,0,0,0,0
cg01484296,1,0,1,0,0,0,0,0
cg01485549,0,0,0,0,2,1,1,1
cg01530154,0,1,0,0,2,1,2,1
cg01552731,1,2,1,1,0,1,0,0
cg01569709,1,1,1,1,1,1,1,1
cg01584932,2,1,1,2,1,1,1,1
cg01601299,1,1,1,1,1,0,1,0
cg01607530,0,0,0,1,0,0,0,0
cg01613691,2,1,2,1,0,0,0,0
cg01622416,0,1,0,1,0,0,0,0
cg01646323,2,0,2,1,0,0,0,0
cg01758314,0,0,0,0,0,0,0,0
cg01806192,1,1,1,1,0,1,1,0
cg01809217,2,2,2,2,2,2,2,2
cg01830073,1,1,1,1,0,0,0,0
cg01870826,2,2,2,2,0,0,0,0
cg01874867,2,2,2,2,1,1,1,1
cg01894498,1,2,1,1,1,1,1,1
cg01905633,2,2,2,1,2,2,2,2
cg01987333,2,1,2,1,0,1,1,1
cg02032841,1,0,0,0,1,1,1,1
cg02067022,1,2,1,2,2,2,2,2
cg02105042,1,0,1,0,0,1,0,1
cg02158486,0,2,1,1,0,1,0,1
cg02228675,2,2,2,2,0,1,0,0
cg02238549,1,2,1,1,0,0,0,0
cg02273436,1,1,1,0,0,0,0,0
cg02274366,1,1,1,1,1,1,1,1
cg02278114,0,0,0,1,2,2,2,2
cg02315096,2,2,2,2,1,1,1,1
cg02326224,1,2,1,1,1,0,0,0
cg02331649,0,1,0,1,2,1,1,1
cg02400092,0,0,0,0,0,0,0,0
cg02421962,0,1,0,2,1,2,1,2
cg02426999,1,2,1,2,1,1,1,1
cg02428792,1,2,1,1,1,1,1,1
cg02450064,2,2,2,2,0,0,0,0
cg02473254,2,2,2,1,2,2,2,2
cg02484210,1,1,1,1,0,0,0,0
cg02498063,1,1,1,1,1,1,1,1
cg02508651,1,1,1,1,1,0,0,0
cg02518216,2,2,2,2,2,2,2,2
cg02531924,1,0,1,1,0,1,0,1
cg02546490,0,1,0,0,0,0,0,0
cg02552250,1,1,2,2,0,0,0,0
cg02586712,0,0,0,0,2,2,1,2
cg02596779,1,2,1,1,1,1,1,1
cg02607237,1,2,1,2,0,0,0,0
cg02616710,0,0,0,1,0,0,1,0
cg02621481,0,0,0,0,0,0,0,0
cg02624836,1,2,1,1,0,1,2,0
cg02641400,0,0,0,0,2,1,2,1
cg02645340,1,2,1,2,1,1,1,1
cg02675527,1,0,0,1,1,0,1,1
cg02736908,0,0,0,0,0,0,0,0
cg02738086,0,0,0,0,2,1,2,1
cg02744588,2,2,2,1,1,2,2,2
cg02753027,1,1,1,1,2,0,1,1
cg02796478,1,1,1,0,1,1,1,1
cg02799427,0,0,0,1,0,1,1,1
cg02872426,0,2,0,1,2,2,1,2
cg02881189,1,2,1,0,2,1,1,0
cg02942766,1,1,1,0,2,1,2,1
cg02971253,1,0,0,1,1,1,1,1
cg03041510,1,1,1,1,1,1,1,1
cg03047995,1,0,0,1,0,0,0,0
cg03095800,1,0,1,1,0,0,0,0
cg03147184,1,1,1,1,0,0,0,1
cg03176993,1,2,1,0,0,1,0,1
cg03179435,1,1,1,2,1,1,1,1
cg03190769,1,0,1,1,1,0,0,0
cg03207666,0,0,0,0,2,2,2,2
cg03209871,1,1,0,1,1,1,1,0
cg03242666,0,1,0,1,0,0,0,0
cg03270395,1,2,1,2,0,1,0,0
cg03271533,1,1,1,1,0,1,0,1
cg03278811,2,1,2,2,1,1,1,1
cg03297163,2,2,2,2,2,2,2,2
cg03315344,1,1,1,1,1,1,1,1
cg03325664,1,2,1,2,2,1,2,1
cg03330678,2,2,2,2,1,1,1,2
cg03370951,1,1,1,0,0,1,0,1
cg03395511,0,0,0,0,0,0,0,0
cg03421353,0,1,0,0,1,1,1,1
cg03428047,2,1,2,1,1,1,1,1
cg03428864,1,1,1,1,1,1,1,1
cg03433986,0,0,0,1,2,2,1,1
cg03444077,0,1,0,0,1,1,1,1
cg03481509,0,0,0,1,1,0,0,1
cg03520938,0,0,0,0,1,0,0,0
cg03556313,1,1,1,1,1,1,1,1
cg03611551,1,0,1,1,0,1,0,1
cg03646740,0,0,0,0,0,0,0,0
cg03669367,1,2,1,1,0,0,0,0
cg03695236,2,2,2,2,1,1,2,1
cg03706720,0,1,0,1,0,1,1,1
cg03721454,1,1,1,1,1,2,0,1
cg03738707,1,1,1,1,1,1,1,1
cg03753385,1,1,0,0,0,0,0,0
cg03755052,1,2,0,0,0,0,0,0
cg03804621,1,1,1,1,1,1,1,1
cg03826642,2,2,2,2,1,1,1,1
cg03848129,0,0,0,0,0,0,0,0
cg03880506,1,0,1,1,1,0,0,0
cg03880611,1,2,1,1,0,0,1,0
cg03889540,2,2,2,0,1,1,1,1
cg03894068,2,2,2,2,2,1,1,2
cg03898952,0,0,0,0,0,0,0,0
cg03906434,0,0,0,1,2,1,2,1
cg04006327,2,2,2,1,0,0,0,0
cg04019914,1,1,1,1,2,1,1,1
cg04036777,0,0,0,0,0,0,0,0
cg04060561,0,0,1,2,1,2,1,2
cg04070847,1,1,1,2,1,1,1,1
cg04131969,1,1,1,1,1,1,1,1
cg04141796,1,1,1,1,1,1,1,1
cg04156219,1,1,1,2,2,1,2,0
cg04176472,1,1,0,1,2,1,1,1
cg04178523,1,2,1,2,0,0,0,0
cg04216235,0,1,0,0,1,1,1,1
cg04217706,0,1,0,0,0,0,0,0
cg04264002,0,0,0,0,1,0,1,0
cg04362989,0,0,0,0,0,0,0,0
cg04391463,2,2,1,2,2,2,1,2
cg04410756,2,1,1,1,0,0,0,0
cg04454285,1,1,1,1,1,1,1,1
cg04481923,0,0,0,0,0,0,0,0
cg04520704,1,1,1,2,1,1,1,1
cg04522575,1,2,1,1,0,1,1,1
cg04547181,0,0,0,0,1,0,1,0
cg04548463,1,1,1,1,1,1,1,1
cg04605697,0,0,0,1,0,1,0,0
cg04630490,2,0,2,1,2,1,2,1
cg04653913,0,0,0,0,0,0,0,0
cg04657146,0,0,0,0,0,0,0,0
cg04671734,1,1,1,1,0,0,0,0
cg04672622,1,0,0,0,1,1,1,1
cg04672903,1,1,1,1,1,1,1,1
cg04713352,0,1,0,1,0,0,0,0
cg04726821,1,1,0,1,2,2,2,2
cg04736911,0,2,0,1,1,1,1,1
cg04737881,1,0,1,2,0,0,0,0
cg04741118,1,0,1,1,0,1,1,1
cg04748010,1,1,1,1,0,0,0,0
cg04781305,1,1,1,0,1,1,2,2
cg04783231,1,2,1,2,1,1,1,1
cg04811114,1,0,1,0,1,1,1,1
cg04876069,1,1,1,1,0,0,0,0
cg04885881,0,0,0,0,0,1,2,1
cg04889800,0,0,0,0,2,2,2,2
cg04908961,1,0,1,2,1,1,1,1
cg04931238,1,0,1,1,2,2,2,2
cg04981007,0,0,1,0,0,1,1,1
cg05004973,1,1,1,1,0,0,0,1
cg05005343,0,0,0,0,2,1,2,1
cg05020125,0,0,0,0,0,1,1,1
cg05030553,1,1,1,1,1,1,2,1
cg05090351,0,0,0,0,0,0,0,0
cg05149097,2,0,2,1,0,1,0,1
cg05168764,2,2,2,2,2,2,2,2
cg05180717,2,1,2,2,1,1,1,1
cg05182265,1,0,1,0,0,1,0,0
cg05254095,1,1,1,1,1,1,1,1
cg05275595,0,1,0,1,0,1,0,1
cg05277122,0,0,0,0,1,1,1,1
cg05292376,0,1,0,1,0,0,1,0
cg05307301,1,2,1,0,0,1,0,1
cg05308504,0,0,0,0,0,0,0,0
cg05353869,2,1,2,1,1,1,1,1
cg05360958,1,1,1,1,2,1,2,1
cg05365735,0,0,0,0,0,0,0,0
cg05371332,0,2,0,1,1,1,1,1
cg05379541,0,1,0,1,0,1,0,1
cg05385718,2,2,2,2,2,1,2,2
cg05403689,0,1,1,1,1,1,0,1
cg05424333,1,1,1,0,0,1,0,0
cg05454501,1,1,1,1,1,1,1,1
cg05460318,2,2,2,2,2,2,2,2
cg05509609,0,0,0,0,0,0,0,0
cg05542785,1,1,1,1,1,1,1,1
cg05547778,1,2,0,1,2,1,2,0
cg05547895,2,2,2,2,1,2,2,1
cg05589489,0,1,0,1,0,1,0,1
cg05620261,1,1,1,1,0,1,0,1
cg05634630,1,1,1,0,1,0,1,0
cg05650719,1,1,1,1,0,0,0,0
cg05658512,1,2,1,2,2,1,2,1
cg05666036,1,2,1,1,2,2,2,2
cg05670953,1,1,1,0,2,2,2,2
cg05702280,0,0,0,0,1,0,1,0
cg05778424,1,0,1,1,1,1,1,1
cg05817845,0,2,0,1,1,1,2,1
cg05851442,0,0,0,0,0,1,0,1
cg05865011,2,2,2,2,1,1,1,1
cg05867245,1,1,1,2,1,1,1,1
cg05879419,1,1,1,2,1,1,0,1
cg05888872,2,1,1,2,0,0,0,0
cg05903444,2,2,2,2,2,2,2,2
cg05946623,2,1,2,1,0,0,0,0
cg05951994,1,1,1,1,0,0,0,0
cg05990312,0,0,0,0,0,0,1,1
cg06000144,2,2,2,2,0,1,1,1
cg06040071,1,1,0,1,1,1,1,1
cg06094482,0,0,0,1,0,1,0,1
cg06188367,0,1,0,0,1,1,1,1
cg06235224,1,0,0,0,1,1,1,1
cg06259025,0,1,0,0,1,1,1,1
cg06263178,0,1,0,1,0,0,1,0
cg06279274,0,0,0,1,1,0,0,0
cg06327515,0,1,0,1,0,0,0,0
cg06365843,0,2,0,0,2,1,1,2
cg06371583,0,1,0,0,0,1,0,1
cg06417478,0,0,0,0,0,0,0,0
cg06478886,0,0,0,0,0,1,0,0
cg06480265,1,1,1,0,2,1,2,1
cg06490113,0,0,0,1,2,1,2,0
cg06512263,1,0,0,1,1,1,1,1
cg06536614,0,0,0,0,0,0,0,0
cg06617217,2,1,2,0,0,1,0,0
cg06623827,1,2,2,2,1,2,2,1
cg06624036,1,0,1,0,0,0,0,0
cg06635900,0,2,0,1,0,0,0,0
cg06640997,0,0,0,1,1,0,2,0
cg06650246,1,1,1,1,1,1,1,1
cg06650379,0,1,0,1,1,1,1,0
cg06677321,1,1,1,1,1,1,1,1
cg06681434,1,0,1,1,0,1,0,1
cg06683316,0,0,0,1,0,0,0,0
cg06710742,1,0,1,0,1,0,2,0
cg06713675,2,2,2,1,1,1,1,1
cg06737308,0,0,0,0,0,0,0,0
cg06751366,0,1,1,0,0,1,1,1
cg06755071,1,1,1,0,1,0,1,0
cg06759314,2,0,2,2,1,1,1,1
cg06770429,1,0,0,0,1,1,1,1
cg06779847,2,2,1,1,0,0,0,0
cg06781532,1,1,1,1,1,1,1,1
cg06813419,1,2,1,1,0,0,0,0
cg06817772,2,2,1,0,2,2,2,2
cg06818052,2,2,2,2,0,0,0,0
cg06834313,1,1,1,2,0,0,0,0
cg06834998,0,0,0,0,0,0,0,0
cg06891458,0,2,0,0,1,1,0,1
cg06902099,0,0,0,0,0,0,1,0
cg06939307,0,1,0,0,0,0,0,0
cg06961233,1,2,1,2,2,2,2,2
cg06962549,1,1,1,2,1,1,1,1
cg06965195,1,2,1,1,1,1,1,1
cg07042014,0,0,0,0,0,1,0,1
cg07048527,0,0,0,0,0,0,0,0
cg07060739,0,0,0,0,0,1,0,1
cg07067710,1,1,1,1,1,1,1,0
cg07073960,2,1,2,1,1,0,1,1
cg07109804,1,0,1,1,1,1,1,1
cg07149179,0,0,0,0,1,1,1,1
cg07184237,0,1,0,1,0,1,0,0
cg07204874,0,1,0,0,1,0,1,0
cg07222861,0,0,1,0,1,1,1,1
cg07300846,2,1,2,2,2,1,2,1
cg07312051,0,0,1,0,1,1,0,0
cg07336123,0,0,0,1,1,1,1,1
cg07337250,1,0,1,0,0,0,0,0
cg07345934,2,2,2,2,1,1,1,1
cg07363270,2,1,1,2,1,0,1,0
cg07375978,0,0,0,0,0,0,0,0
cg07389611,0,0,0,0,0,0,0,0
cg07404485,0,2,0,0,0,1,1,1
cg07429623,1,2,1,2,1,1,1,1
cg07433152,1,1,1,1,1,1,1,1
cg07459594,1,1,1,1,1,1,1,1
cg07501729,2,2,2,2,2,2,2,2
cg07504727,1,1,1,0,1,0,2,1
cg07525682,1,1,1,1,1,0,1,1
cg07530063,2,2,2,2,0,0,0,0
cg07570687,2,0,1,1,0,1,0,1
cg07571734,2,2,2,2,0,0,0,0
cg07581623,0,0,1,0,1,0,1,0
cg07594247,1,2,1,1,1,2,1,1
cg07615383,0,1,1,1,1,1,1,1
cg07629965,1,0,1,0,0,0,0,0
cg07636688,2,2,2,2,2,2,1,1
cg07685357,0,0,0,1,1,1,1,1
cg07769588,0,0,0,0,1,0,1,0
cg07819160,0,0,0,0,0,0,0,0
cg07854954,1,1,0,0,2,1,2,1
cg07856155,2,1,2,1,0,0,0,0
cg07863877,2,0,2,1,2,2,1,2
cg07878514,1,1,1,1,0,0,0,0
cg07891179,2,2,2,2,2,1,2,1
cg07898446,2,2,2,2,2,2,2,2
cg07918978,0,1,0,1,1,0,2,0
cg07935886,1,2,2,1,1,1,1,1
cg07963670,1,1,2,0,0,1,0,0
cg07964754,1,1,1,1,0,1,0,0
cg07967210,2,1,2,2,2,2,2,2
cg07997737,1,1,1,2,0,0,0,0
cg07998277,0,1,0,0,2,1,1,1
cg08024887,2,2,2,2,0,0,0,0
cg08031982,0,0,0,0,2,1,1,1
cg08033722,1,2,1,2,0,0,1,1
cg08066140,2,2,2,2,2,2,2,2
cg08070327,0,0,0,0,2,2,2,2
cg08075719,1,1,1,1,1,1,1,1
cg08084655,1,0,0,0,0,1,0,1
cg08098382,0,1,1,2,1,1,1,1
cg08129953,0,1,0,0,2,2,2,2
cg08144675,1,2,1,1,1,1,1,1
cg08161163,2,2,2,2,0,0,0,0
cg08182270,0,1,1,1,2,1,2,1
cg08203788,2,2,2,2,2,2,1,2
cg08217526,1,1,1,1,1,1,1,1
cg08223357,2,2,2,2,1,1,1,1
cg08247852,0,0,0,0,0,0,0,0
cg08258506,1,0,1,1,0,0,0,0
cg08313539,1,1,1,1,0,1,0,1
cg08318732,1,1,1,1,1,0,1,1
cg08339023,1,2,1,0,0,1,0,1
cg08352422,0,1,0,1,2,1,2,1
cg08352439,2,2,2,2,1,1,1,1
cg08377819,2,2,2,2,2,2,2,2
cg08398567,0,1,0,1,0,0,0,0
cg08410996,1,1,1,1,1,1,1,1
cg08466034,1,2,1,2,2,0,0,0
cg08477332,1,1,1,1,1,1,1,1
cg08491681,1,1,0,1,1,1,1,1
cg08515442,2,2,2,2,0,0,0,0
cg08533710,1,2,1,2,1,1,2,1
cg08541895,2,2,1,1,1,1,0,1
cg08580836,1,1,1,1,2,2,2,2
cg08623383,0,1,0,0,1,0,0,0
cg08624915,0,1,0,0,1,0,1,0
cg08639762,1,1,0,1,1,1,1,1
cg08678044,1,1,1,2,0,1,0,1
cg08681685,0,0,0,0,0,0,0,0
cg08686092,1,1,0,1,1,1,1,1
cg08709360,0,0,0,0,0,0,0,0
cg08734931,1,2,2,2,2,1,2,2
cg08744475,2,2,2,1,0,0,0,0
cg08810053,0,0,0,1,0,0,1,0
cg08822523,0,1,0,1,1,0,0,0
cg08839053,1,0,0,0,2,2,2,1
cg08872493,1,0,1,1,0,0,0,0
cg08881680,1,1,1,1,1,1,1,1
cg08946854,1,0,2,0,1,1,1,1
cg08969950,0,2,0,2,0,0,0,0
cg08991437,2,1,2,1,2,2,2,1
cg09019154,0,0,0,0,0,0,0,0
cg09023624,1,1,1,1,0,0,0,0
cg09063149,0,0,0,2,2,1,2,1
cg09076339,0,0,0,1,0,1,1,1
cg09096031,2,1,1,1,1,0,1,1
cg09118625,1,1,1,1,1,1,1,1
cg09127314,0,1,0,1,1,1,1,1
cg09144964,2,2,2,2,2,2,2,2
cg09180702,0,0,0,0,0,0,0,0
cg09212597,1,1,1,0,0,1,0,1
cg09289202,0,0,0,0,0,0,0,0
cg09323728,1,1,1,0,1,1,1,1
cg09338136,2,2,2,2,1,1,1,1
cg09361469,0,0,0,0,0,0,0,0
cg09381666,0,0,0,0,0,0,0,0
cg09417038,1,2,2,1,0,0,1,0
cg09427016,1,1,1,1,1,1,1,1
cg09460553,2,2,2,2,2,2,2,2
cg09464268,0,1,0,0,0,0,0,0
cg09467607,0,0,0,0,0,0,0,0
cg09471455,2,2,1,2,1,2,1,2
cg09474442,0,0,0,0,2,2,2,2
cg09514174,2,1,1,1,1,1,1,1
cg09524686,0,0,0,0,1,1,0,0
cg09527615,0,0,0,0,0,0,0,1
cg09563777,1,1,1,2,0,1,1,1
cg09566316,0,0,0,0,1,1,1,1
cg09582042,2,1,2,1,1,1,1,1
cg09597638,2,2,2,2,1,1,0,2
cg09608949,0,1,0,0,2,1,1,2
cg09618778,0,1,0,0,0,1,0,1
cg09647867,1,1,1,2,2,2,2,2
cg09667013,1,1,1,1,1,1,1,1
cg09706021,2,2,2,2,0,0,0,1
cg09713850,0,0,0,1,0,1,0,1
cg09715059,2,1,2,1,0,1,0,1
cg09747445,2,1,1,1,0,0,1,0
cg09824603,1,2,0,1,2,1,2,2
cg09830866,2,2,2,1,0,0,1,0
cg09862733,2,1,1,1,1,1,2,1
cg09949789,1,0,0,0,0,1,0,1
cg10011623,2,1,2,2,2,2,2,2
cg10016004,0,1,0,1,0,0,1,0
cg10028549,1,0,1,0,1,0,1,1
cg10064060,0,0,0,1,1,1,1,1
cg10092265,0,0,0,0,0,0,0,0
cg10168457,1,1,1,1,1,1,1,1
cg10177528,1,1,1,1,0,0,0,0
cg10180281,0,0,0,0,0,1,0,1
cg10195146,1,1,1,1,1,0,1,1
cg10202436,1,1,1,1,0,1,0,1
cg10246448,0,0,1,1,1,1,1,2
cg10281770,1,0,1,0,1,1,1,1
cg10322794,0,1,0,2,2,1,0,1
cg10328171,2,1,1,2,0,1,1,1
cg10334976,0,1,0,1,1,1,1,1
cg10336039,1,2,1,2,0,0,1,0
cg10400081,2,2,2,2,2,1,2,1
cg10430077,2,2,2,2,2,2,1,2
cg10449558,1,0,1,2,0,0,0,0
cg10498502,1,0,1,0,0,1,0,0
cg10501602,1,1,1,1,1,1,1,1
cg10528989,1,0,1,1,2,1,1,1
cg10530568,1,0,1,1,0,1,1,1
cg10570158,0,1,0,0,1,0,0,0
cg10596483,0,0,0,0,0,0,0,0
cg10621924,0,0,0,0,0,0,0,0
cg10672416,0,1,0,1,0,0,0,1
cg10688516,1,1,1,1,1,1,1,1
cg10703884,2,2,2,2,0,0,0,0
cg10755723,1,1,1,0,2,1,2,0
cg10763374,1,2,1,1,1,1,1,0
cg10781468,1,0,1,2,0,0,0,0
cg10783797,2,2,2,1,2,2,2,2
cg10804974,0,0,0,1,0,0,0,0
cg10874314,0,2,0,1,2,1,0,1
cg10885151,0,0,0,0,0,1,0,0
cg10925640,1,1,1,1,1,1,1,1
cg10947611,2,2,0,2,0,1,0,0
cg10963793,1,2,1,1,1,2,2,2
cg10968944,0,0,0,1,1,1,0,1
cg10995755,1,1,1,0,1,1,1,1
cg11007120,0,2,0,0,1,1,1,1
cg11039913,1,1,1,1,1,1,1,1
cg11059159,1,1,1,1,1,1,1,1
cg11084470,0,1,0,2,1,0,1,0
cg11161837,1,2,1,1,1,0,0,0
cg11204139,2,2,2,2,2,2,2,2
cg11204974,1,2,2,2,2,2,2,2
cg11218619,0,1,1,1,2,1,1,1
cg11220502,1,2,1,2,1,1,2,1
cg11220732,0,0,0,0,2,0,2,1
cg11228126,1,1,1,2,1,0,1,0
cg11245181,0,0,0,0,1,0,0,0
cg11291081,1,1,1,0,2,2,2,2
cg11322797,0,0,0,0,0,0,0,0
cg11351987,2,2,2,2,0,1,0,0
cg11363527,1,1,1,2,1,0,1,1
cg11376198,0,0,0,0,0,0,0,0
cg11413657,1,1,1,0,0,0,0,0
cg11503210,1,0,1,0,0,0,0,1
cg11522683,0,0,0,1,0,1,0,1
cg11524454,1,1,1,0,1,1,1,1
cg11544420,1,1,1,1,1,1,1,1
cg11586189,1,0,1,0,0,1,1,0
cg11588844,2,0,2,1,1,1,1,1
cg11596009,2,2,2,2,2,1,1,1
cg11600596,2,2,2,1,0,1,0,1
cg11608150,0,0,0,0,0,0,0,0
cg11617938,2,2,2,2,1,1,1,1
cg11653233,0,0,1,0,1,1,0,1
cg11656177,1,2,1,1,1,1,1,1
cg11702085,2,2,2,2,2,2,2,2
cg11719362,2,2,2,2,2,2,1,2
cg11738485,0,0,0,0,0,0,0,0
cg11738486,0,0,0,0,0,0,0,0
cg11749010,2,2,2,2,2,2,2,2
cg11800117,0,0,0,0,0,0,0,1
cg11828983,0,0,0,0,0,0,0,0
cg11835209,0,1,0,1,0,0,1,0
cg11860005,0,2,0,2,2,1,2,1
cg11871991,0,1,0,0,0,0,0,0
cg11965913,0,0,0,0,0,0,0,0
cg11989576,0,0,0,0,0,0,0,0
cg12041401,1,2,1,2,1,0,0,0
cg12054318,0,0,0,0,0,0,0,1
cg12064504,1,0,1,1,1,1,0,1
cg12080831,2,2,2,2,2,1,1,1
cg12135344,1,1,1,0,0,0,0,0
cg12152384,0,1,0,0,0,0,0,0
cg12174804,1,1,1,2,0,0,0,0
cg12215294,1,2,1,1,2,1,1,2
cg12253469,0,0,0,0,0,0,0,0
cg12319143,1,1,2,2,0,0,0,0
cg12324629,2,0,2,0,2,1,2,1
cg12350309,0,2,0,1,0,0,0,0
cg12404181,0,0,0,0,0,0,0,0
cg12450708,1,1,1,1,0,0,0,0
cg12460175,0,0,0,0,0,0,0,0
cg12473775,1,1,1,0,1,1,1,1
cg12492938,1,0,1,0,2,1,2,1
cg12500876,0,1,0,0,2,2,2,2
cg12553689,1,1,1,1,1,1,1,1
cg12574576,0,0,0,0,1,1,1,2
cg12586386,1,1,1,1,0,1,1,1
cg12588917,1,2,1,1,0,0,0,0
cg12615761,1,1,1,1,1,2,2,2
cg12668399,1,1,1,0,1,1,0,1
cg12690119,0,0,0,0,0,0,0,0
cg12705353,2,2,2,2,2,2,2,2
cg12765123,0,0,0,0,0,0,0,0
cg12798194,0,1,0,0,1,1,0,1
cg12809031,2,2,2,1,2,1,1,2
cg12840312,2,2,2,1,2,2,2,2
cg12844324,1,1,1,1,1,2,1,2
cg12850379,0,0,0,0,1,0,1,1
cg12908916,2,2,2,2,1,1,1,1
cg12924430,0,0,0,2,0,0,0,0
cg12927753,0,1,0,1,0,1,0,1
cg12938556,0,0,0,0,0,0,0,0
cg12944343,1,1,1,1,1,1,1,1
cg13027206,1,0,1,0,0,1,1,1
cg13033722,1,0,0,0,1,1,0,1
cg13050716,1,2,1,2,0,0,0,0
cg13126871,0,0,0,1,1,1,1,1
cg13128596,0,1,0,0,0,0,0,0
cg13132497,1,2,1,1,2,1,1,2
cg13172549,0,0,0,0,0,1,0,1
cg13176979,1,1,0,2,0,1,0,0
cg13186228,0,1,0,0,1,1,1,1
cg13198297,0,0,0,1,2,0,2,2
cg13207180,1,1,1,1,2,2,2,2
cg13252700,1,0,0,0,0,1,0,1
cg13278353,0,0,0,0,0,0,0,0
cg13289019,2,2,2,2,2,2,2,2
cg13307058,2,2,2,2,2,1,2,2
cg13316472,0,0,0,0,0,0,0,0
cg13377056,0,1,0,1,0,1,0,1
cg13393036,0,1,0,0,1,1,0,1
cg13405775,2,2,2,2,1,2,1,1
cg13428066,1,1,1,0,1,1,1,1
cg13477101,2,2,2,2,2,2,2,2
cg13500113,0,1,1,0,2,2,2,2
cg13522882,1,1,1,1,1,0,0,0
cg13567405,0,0,0,0,1,1,1,2
cg13572782,1,2,1,2,1,2,2,2
cg13668471,2,2,2,0,1,1,2,1
cg13681655,1,1,1,1,1,1,0,1
cg13683194,0,0,1,1,1,1,2,1
cg13687570,2,2,2,2,2,2,2,2
cg13697378,1,1,1,1,1,1,1,1
cg13734401,1,1,1,2,1,1,1,1
cg13736514,1,1,1,1,2,1,1,1
cg13805518,0,1,1,0,0,0,1,0
cg13809441,1,2,1,1,1,1,1,1
cg13812291,1,1,1,1,1,1,1,1
cg13835029,0,0,0,1,1,0,0,0
cg13845105,1,2,1,2,1,1,1,1
cg13865488,2,2,2,2,0,0,0,0
cg13884376,1,0,1,0,2,1,1,1
cg13904574,0,1,0,0,1,1,1,1
cg13928427,1,1,1,1,0,0,0,0
cg13952159,1,0,1,1,0,0,0,0
cg13972423,0,0,0,0,0,0,1,0
cg13975106,1,2,0,1,1,1,1,1
cg13978566,1,1,1,1,0,0,1,0
cg13980266,1,1,1,0,0,0,0,0
cg13981838,2,1,1,1,2,1,1,1
cg13989519,0,0,0,1,0,0,0,0
cg14032732,2,2,2,2,2,2,2,2
cg14047153,0,1,0,1,0,0,1,0
cg14058329,0,0,0,0,2,2,2,2
cg14068301,2,2,2,2,2,2,1,2
cg14076977,2,2,1,1,2,1,2,0
cg14093127,0,1,1,1,0,0,0,1
cg14113351,2,2,2,0,0,1,1,1
cg14166009,2,2,2,2,2,2,2,2
cg14202048,2,2,2,2,2,2,2,2
cg14242696,0,1,0,0,0,0,0,0
cg14340463,2,2,2,1,0,0,0,0
cg14386312,1,2,1,2,0,1,1,2
cg14413354,2,0,2,1,0,0,0,0
cg14417784,1,1,1,1,1,1,1,1
cg14562054,1,1,1,1,0,0,0,0
cg14580228,2,2,2,1,2,0,0,0
cg14595683,1,0,1,0,1,1,1,1
cg14604066,1,2,0,0,0,0,0,0
cg14637144,2,2,2,2,1,1,1,1
cg14643390,0,2,0,0,0,0,0,0
cg14644378,1,0,1,0,0,0,0,0
cg14693391,2,1,1,2,2,2,2,2
cg14700230,2,1,2,2,0,1,0,0
cg14759494,0,0,0,1,0,0,0,0
cg14794655,0,0,0,1,0,1,0,1
cg14837974,1,2,0,1,2,1,2,1
cg14847483,2,1,2,2,1,1,1,1
cg14850026,0,0,0,0,0,0,0,1
cg14866167,1,1,0,1,1,1,1,0
cg14883961,1,1,0,1,1,1,1,1
cg14893161,0,0,0,0,0,0,0,0
cg14934242,1,2,1,2,1,0,1,0
cg14952312,0,0,0,0,1,0,0,0
cg14965694,1,0,1,1,2,2,2,2
cg15002904,1,1,0,1,0,0,0,0
cg15007983,2,2,2,2,1,1,1,1
cg15008743,2,1,1,2,1,1,1,1
cg15117372,1,1,1,1,1,1,1,1
cg15147215,0,0,0,1,0,0,0,0
cg15199987,0,0,0,0,0,0,0,0
cg15200445,1,0,1,0,1,0,1,0
cg15212455,1,1,1,1,0,0,0,0
cg15224459,1,2,1,1,0,1,1,1
cg15235999,1,1,1,1,1,1,2,1
cg15241074,1,1,0,0,1,1,1,1
cg15246712,0,0,0,0,0,0,0,0
cg15319824,2,2,2,2,1,2,2,2
cg15359390,2,2,2,1,0,0,0,0
cg15401418,2,2,2,2,2,2,2,2
cg15414638,2,2,2,2,2,1,1,2
cg15425811,1,1,1,1,0,1,1,1
cg15464821,0,2,0,0,1,1,2,1
cg15469871,0,0,0,0,0,0,0,0
cg15551981,1,0,1,0,0,0,0,1
cg15690542,1,2,1,1,1,1,1,1
cg15697225,1,2,1,1,0,0,0,0
cg15701794,2,1,2,1,0,0,0,0
cg15702949,2,2,2,1,2,2,2,2
cg15711727,1,1,1,1,1,1,1,1
cg15721243,2,1,2,2,1,1,1,1
cg15777261,1,1,1,1,0,0,1,1
cg15808472,2,2,1,0,0,0,0,0
cg15854394,1,1,1,1,0,1,0,0
cg15867944,1,0,0,1,1,1,1,1
cg15881597,2,2,2,0,0,1,0,1
cg15907060,2,1,2,2,1,1,1,1
cg15996644,1,2,1,2,2,1,2,1
cg16064054,0,1,0,1,1,1,1,1
cg16127514,1,0,0,0,0,0,0,1
cg16148270,1,1,1,1,1,1,1,1
cg16172549,2,1,2,1,0,1,1,1
cg16243243,1,2,1,2,1,0,0,0
cg16254756,1,1,1,1,1,1,1,1
cg16266669,1,1,1,1,0,0,0,1
cg16274899,2,2,2,1,1,1,1,1
cg16296679,0,0,1,0,1,1,1,1
cg16303742,0,1,0,1,1,1,1,1
cg16311302,0,0,0,0,0,0,0,0
cg16314899,1,1,1,1,1,1,1,1
cg16319129,0,1,0,0,0,1,1,1
cg16345566,2,2,2,2,2,2,2,2
cg16387467,1,2,1,1,1,1,0,1
cg16391973,1,1,1,1,0,1,0,1
cg16413785,1,1,1,1,1,1,1,1
cg16430166,2,2,2,2,2,2,2,2
cg16470716,2,2,2,2,2,1,1,1
cg16475891,1,1,0,2,1,1,1,1
cg16496269,1,1,1,0,1,1,1,1
cg16527418,2,2,2,2,2,2,2,2
cg16533146,0,1,0,0,0,0,0,0
cg16585333,0,0,0,0,0,0,0,0
cg16602369,0,0,0,0,0,0,0,0
cg16645423,1,1,1,1,0,0,0,0
cg16659026,1,2,1,2,0,0,1,0
cg16664617,1,0,1,0,0,1,0,1
cg16681083,0,1,0,0,2,2,2,2
cg16714096,1,1,1,1,1,1,1,1
cg16717267,0,0,1,1,1,0,0,0
cg16735509,1,0,1,1,0,0,0,0
cg16743289,0,0,0,0,1,1,1,1
cg16752400,0,0,0,0,0,0,0,0
cg16814023,1,2,1,2,1,1,1,1
cg16852440,0,0,0,0,1,1,1,1
cg16893174,2,2,1,2,1,0,0,0
cg17006282,2,0,2,0,0,0,0,0
cg17016000,1,1,1,1,2,1,1,1
cg17074431,1,1,1,1,1,1,1,1
cg17098387,2,2,2,1,1,0,1,0
cg17118836,0,1,1,0,0,0,0,0
cg17174814,2,2,2,2,2,2,2,2
cg17186388,0,1,0,1,1,1,1,1
cg17191109,0,1,0,0,0,0,0,0
cg17254383,1,2,1,2,0,0,0,0
cg17259096,0,1,0,2,1,0,0,0
cg17306686,0,0,0,0,0,0,0,0
cg17333886,1,0,1,2,1,2,2,1
cg17393917,2,2,2,2,2,2,2,2
cg17397069,1,2,1,1,2,1,2,2
cg17420585,0,0,0,1,0,0,0,1
cg17434008,1,1,1,2,0,1,0,1
cg17445212,1,1,1,1,1,1,1,1
cg17468100,0,1,1,1,0,0,1,1
cg17491987,2,2,2,2,0,0,0,0
cg17500703,0,2,0,2,1,1,1,1
cg17511472,2,1,1,2,1,1,0,1
cg17605021,1,1,0,1,1,1,1,1
cg17610933,2,1,1,2,0,1,0,1
cg17668731,1,2,0,1,1,2,1,1
cg17680092,2,0,1,0,1,0,2,0
cg17692971,2,2,2,1,2,2,0,1
cg17694351,1,1,0,1,1,1,1,1
cg17713488,0,0,0,0,0,0,0,0
cg17723381,1,0,0,2,0,0,0,0
cg17795240,2,1,2,2,0,0,0,0
cg17805072,1,2,1,1,0,1,0,1
cg17820828,1,1,1,1,1,2,1,2
cg17839611,1,1,1,1,1,1,2,1
cg17877220,0,0,0,0,0,0,0,0
cg17961725,1,2,0,1,0,1,0,0
cg18005867,1,2,0,1,0,0,1,0
cg18046394,2,2,1,1,2,1,2,1
cg18059933,1,1,0,0,1,1,1,1
cg18104242,2,2,2,2,1,1,1,1
cg18110333,0,0,0,0,0,0,0,0
cg18168249,0,1,0,0,0,0,0,0
cg18209323,1,1,1,1,1,1,1,1
cg18222865,2,1,2,1,1,1,1,1
cg18232861,0,0,0,0,0,0,0,0
cg18241308,0,0,0,1,0,1,1,1
cg18269963,2,2,2,1,0,0,0,0
cg18279536,1,1,1,0,0,1,0,1
cg18320188,1,1,1,0,1,2,2,2
cg18322025,1,1,1,1,1,1,1,1
cg18330203,1,0,1,0,1,1,1,1
cg18335505,2,1,2,1,1,1,1,1
cg18351329,2,2,2,2,2,2,2,2
cg18352516,2,2,1,1,1,1,0,1
cg18368411,2,2,2,2,1,1,1,1
cg18372208,2,2,2,2,2,2,2,2
cg18402987,1,1,1,1,1,1,1,1
cg18448614,1,1,1,1,1,1,1,1
cg18449021,0,0,0,0,0,0,0,0
cg18460830,1,1,1,0,1,0,0,1
cg18464823,0,0,1,1,1,0,0,0
cg18467189,1,0,1,1,2,1,2,1
cg18482112,1,1,1,0,0,0,0,0
cg18506672,2,1,2,2,1,1,1,1
cg18507732,1,0,1,0,1,1,0,1
cg18520517,1,1,1,0,1,0,1,0
cg18522231,2,2,2,2,0,1,1,1
cg18558073,1,0,1,2,0,0,0,1
cg18571156,1,2,1,1,0,1,0,0
cg18587504,1,1,1,0,2,1,2,2
cg18587557,0,2,0,2,2,1,2,1
cg18634560,1,1,1,0,0,0,0,0
cg18648917,0,0,0,0,1,0,0,0
cg18665594,1,2,1,2,1,1,1,1
cg18670770,2,2,2,2,2,2,2,2
cg18678645,0,0,0,0,0,0,0,0
cg18693051,0,1,0,0,0,0,0,0
cg18707489,2,2,2,2,1,1,1,1
cg18713748,2,2,2,0,2,2,2,2
cg18735089,1,1,0,0,2,1,2,2
cg18792146,2,2,2,2,2,2,2,2
cg18850089,1,1,1,1,1,1,1,1
cg18856614,1,0,1,1,1,0,1,0
cg18857062,1,1,1,2,1,1,1,1
cg18865445,1,2,2,2,2,2,2,2
cg18912107,1,1,0,0,1,1,0,0
cg18934443,2,2,2,1,2,1,2,2
cg19002149,0,1,0,0,0,1,0,0
cg19003815,1,1,1,1,1,1,1,1
cg19050152,1,0,0,0,0,0,0,0
cg19098465,0,0,0,1,0,0,0,0
cg19101232,0,0,1,1,0,1,0,1
cg19107578,0,1,0,1,2,2,2,2
cg19117047,1,0,0,0,1,1,0,1
cg19149522,1,1,1,1,1,1,1,1
cg19183879,1,2,2,2,1,1,1,1
cg19186380,1,1,1,2,1,0,1,1
cg19190762,0,1,0,1,0,1,0,1
cg19196401,1,1,2,1,1,1,1,1
cg19257832,1,1,1,1,0,1,0,0
cg19327615,2,2,2,1,2,2,1,1
cg19333883,2,2,2,1,0,0,0,0
cg19335130,2,0,1,1,0,0,1,0
cg19375981,0,0,0,0,1,0,0,0
cg19455642,0,0,0,1,0,1,0,0
cg19480425,1,1,1,0,0,1,0,1
cg19566774,1,0,1,1,0,0,0,0
cg19572487,2,0,2,0,0,1,1,0
cg19579217,2,2,2,2,2,2,2,2
cg19584649,1,1,1,1,1,1,1,1
cg19658332,0,0,0,0,0,0,0,0
cg19660806,0,0,0,2,0,0,2,1
cg19678392,2,2,2,2,2,2,2,2
cg19701879,0,0,0,1,1,0,1,1
cg19730268,2,2,2,2,2,2,2,2
cg19811337,0,0,0,0,0,0,0,0
cg19820328,0,1,0,0,0,0,0,0
cg19970883,2,1,2,0,2,1,2,1
cg19977004,0,0,0,0,0,0,0,0
cg19978674,0,0,0,1,1,1,1,1
cg19980929,1,2,0,2,1,0,1,1
cg19998073,1,2,1,1,1,0,0,0
cg19998150,1,1,0,2,1,1,1,1
cg20008140,1,1,1,1,2,2,2,1
cg20016411,2,2,2,2,1,2,2,2
cg20018425,0,1,0,1,1,1,1,1
cg20060685,2,2,2,2,2,2,2,2
cg20104774,1,2,0,0,0,0,0,0
cg20117519,2,2,2,2,0,1,0,1
cg20119798,0,1,1,1,1,1,2,1
cg20131596,0,1,0,0,1,0,0,0
cg20165520,0,1,0,0,1,1,0,1
cg20174730,0,0,1,1,1,1,1,1
cg20176388,1,2,1,1,0,1,0,0
cg20181209,0,1,0,0,0,0,0,0
cg20222562,0,1,0,1,0,1,0,1
cg20268039,2,2,2,2,2,2,1,2
cg20276677,1,0,1,1,0,0,0,0
cg20309640,1,1,2,1,0,0,0,0
cg20340346,0,0,0,0,1,1,0,0
cg20375709,0,1,0,1,0,1,1,1
cg20379593,2,2,1,1,2,1,2,1
cg20388732,0,0,0,0,1,1,1,1
cg20432671,0,0,0,0,1,1,2,1
cg20458044,2,1,1,1,0,0,0,0
cg20504791,2,2,2,2,2,2,2,2
cg20513206,1,0,1,1,1,1,1,1
cg20515136,1,1,1,2,0,1,0,1
cg20519373,0,0,0,0,1,1,1,1
cg20569203,0,2,1,2,0,0,0,0
cg20570109,1,2,1,2,2,2,2,2
cg20630655,2,1,2,1,1,1,2,2
cg20660989,0,0,0,0,0,0,0,0
cg20677143,1,1,1,2,0,0,0,0
cg20715295,1,1,1,1,1,1,0,1
cg20740051,0,2,1,0,2,2,2,2
cg20743744,2,2,1,2,2,2,2,1
cg20747739,0,0,0,0,0,0,0,0
cg20770409,1,0,1,1,0,1,0,2
cg20801007,1,2,1,1,1,1,1,1
cg20848291,2,1,1,1,1,1,0,1
cg20885179,2,2,2,2,2,2,2,2
cg20911165,1,1,1,0,0,0,0,0
cg20956390,0,0,0,0,0,0,0,0
cg21010569,0,0,0,0,1,1,1,1
cg21041888,2,2,2,2,1,1,0,1
cg21051519,2,2,2,2,2,2,2,2
cg21061071,2,0,2,2,1,1,0,1
cg21073930,0,1,1,1,1,1,1,1
cg21103992,1,0,0,2,0,1,0,2
cg21109167,1,1,1,0,2,2,2,2
cg21116457,0,0,0,1,0,0,0,0
cg21147203,0,1,0,0,1,1,1,1
cg21153160,2,2,2,2,2,2,2,2
cg21159260,0,0,0,0,1,1,2,1
cg21179831,1,1,1,2,0,1,0,1
cg21183502,1,1,2,0,1,1,0,0
cg21220403,1,1,1,1,0,1,0,1
cg21235119,1,1,0,1,1,1,1,1
cg21361856,1,2,1,0,1,1,1,1
cg21371809,1,1,1,2,0,0,1,0
cg21392385,1,0,0,1,1,1,1,1
cg21468274,1,1,0,1,0,0,0,0
cg21500126,1,0,0,0,1,1,1,1
cg21521117,1,1,1,1,1,1,1,1
cg21523688,1,1,1,0,1,1,1,1
cg21548813,0,0,0,0,0,0,0,0
cg21573200,2,2,2,2,2,2,2,2
cg21580428,2,2,2,2,2,1,1,1
cg21583723,1,0,1,0,1,1,1,1
cg21610815,2,2,2,2,2,2,2,2
cg21626848,2,1,2,1,2,1,2,1
cg21646955,0,1,1,0,1,1,1,1
cg21665744,0,1,0,0,0,0,0,0
cg21702011,2,2,2,2,0,0,1,1
cg21746425,1,1,1,1,1,1,1,1
cg21750887,0,0,0,0,2,2,2,2
cg21790715,0,0,0,1,0,1,1,0
cg21838488,1,0,1,2,1,0,0,0
cg21859290,0,1,0,1,1,1,1,1
cg21865657,0,0,0,0,0,1,0,1
cg21910650,1,1,1,0,1,1,2,1
cg21915449,1,1,0,1,1,1,2,1
cg22033281,1,2,0,1,1,1,1,1
cg22109795,0,1,0,2,1,1,1,0
cg22115748,1,1,1,1,0,0,0,0
cg22212414,2,2,1,1,1,1,1,1
cg22234712,1,1,1,1,1,1,1,1
cg22264616,0,1,0,0,2,1,1,1
cg22307029,2,2,2,2,0,0,0,0
cg22321572,0,1,0,0,0,0,0,0
cg22358580,1,1,1,2,1,1,1,1
cg22407822,1,1,1,1,1,1,1,1
cg22407942,1,2,1,1,1,0,0,1
cg22466678,0,1,1,1,0,1,0,1
cg22533683,0,0,0,0,0,0,0,0
cg22555495,2,1,2,2,0,1,0,0
cg22590775,2,2,2,2,0,0,0,0
cg22595230,0,0,0,0,0,0,0,0
cg22611163,2,2,2,2,2,2,2,2
cg22622123,0,1,0,0,1,1,1,1
cg22677858,0,2,0,1,1,0,0,0
cg22684041,0,0,0,0,0,0,0,0
cg22697853,2,2,2,2,0,0,0,0
cg22705959,0,0,0,0,0,0,0,0
cg22721998,2,2,2,2,2,2,2,2
cg22784187,0,0,0,0,0,0,0,0
cg22796248,1,0,0,0,1,0,1,0
cg22827806,1,2,2,1,1,1,2,1
cg22833175,0,1,0,0,1,2,1,2
cg22841772,2,2,2,2,0,0,0,0
cg22867156,2,2,2,2,1,1,1,1
cg22872064,0,1,0,0,0,0,1,0
cg22879626,2,2,2,2,2,2,2,2
cg22894896,0,0,0,0,0,0,0,0
cg22898082,1,0,2,1,0,1,1,1
cg22901840,1,1,1,1,1,1,0,1
cg22960869,1,2,1,1,1,1,1,1
cg22984769,2,2,2,2,1,1,1,1
cg23003926,1,0,1,1,0,0,0,0
cg23013853,0,1,0,1,1,1,1,1
cg23053407,0,0,0,0,0,0,0,0
cg23054121,0,1,0,0,0,1,0,1
cg23107878,0,1,0,1,1,1,1,1
cg23168425,2,1,2,1,0,0,0,0
cg23181159,1,0,1,0,1,0,1,0
cg23217680,1,1,1,0,2,1,2,1
cg23221052,2,2,2,1,2,2,2,2
cg23226914,2,2,2,2,2,2,2,2
cg23284609,2,2,2,2,2,2,2,1
cg23303188,1,0,1,0,1,1,1,1
cg23323891,2,2,1,1,1,1,0,1
cg23331961,0,0,0,0,1,0,1,1
cg23396177,0,1,0,0,2,1,2,1
cg23409168,0,0,0,1,0,0,0,0
cg23423227,0,2,0,0,0,0,0,0
cg23425316,0,0,0,0,0,0,0,0
cg23445878,1,1,1,0,1,1,1,1
cg23453353,1,0,0,0,0,0,0,0
cg23490300,0,0,0,0,0,0,1,1
cg23496516,1,1,1,2,0,0,0,0
cg23499929,0,1,0,0,0,0,0,0
cg23562538,1,1,1,1,1,1,1,1
cg23573129,1,2,1,1,1,1,1,1
cg23622616,2,1,2,2,1,1,1,1
cg23658684,0,2,0,1,2,1,2,1
cg23708337,0,1,1,1,1,1,1,1
cg23732725,0,1,0,1,0,0,0,0
cg23746600,1,1,1,2,1,1,1,0
cg23748340,1,2,1,2,2,1,2,2
cg23759393,2,1,2,2,1,0,0,0
cg23796525,1,0,1,1,0,0,0,1
cg23884217,2,1,2,2,0,0,0,0
cg23892836,1,2,2,1,0,0,1,0
cg23921523,1,1,1,1,0,0,2,0
cg23929194,1,1,1,0,1,1,0,0
cg23933095,1,0,1,1,1,1,1,1
cg23942311,1,1,1,1,0,0,0,0
cg23971381,0,0,0,0,0,0,0,0
cg24008358,0,0,0,0,0,0,0,0
cg24033859,1,2,1,1,1,1,2,1
cg24048949,2,0,2,0,1,1,1,1
cg24061122,1,0,1,1,0,1,0,1
cg24128316,0,1,1,1,1,1,1,1
cg24195486,1,1,1,1,1,0,1,0
cg24218620,0,0,0,0,1,1,1,1
cg24317406,0,0,0,0,1,1,1,0
cg24319836,0,1,0,2,2,2,1,2
cg24322968,0,1,0,2,1,1,1,0
cg24324837,2,2,2,2,0,0,0,0
cg24334149,0,0,0,0,1,0,0,0
cg24345747,1,2,1,2,2,2,2,2
cg24358846,1,1,1,1,1,1,1,1
cg24395504,0,1,1,0,1,1,0,1
cg24421906,0,0,0,0,1,1,1,0
cg24429310,0,1,0,0,1,1,1,2
cg24460268,1,2,1,1,1,1,1,1
cg24482350,0,0,0,0,1,0,2,1
cg24496563,1,0,1,1,1,1,1,2
cg24512973,1,1,1,0,0,0,0,1
cg24542929,1,0,1,1,1,1,0,1
cg24576358,1,0,0,1,0,0,0,0
cg24581226,0,0,0,0,0,0,0,0
cg24585203,1,1,0,1,0,1,1,1
cg24601559,1,0,1,0,0,0,0,0
cg24617313,2,2,2,2,2,2,2,2
cg24624505,0,0,0,0,0,0,0,0
cg24631482,1,1,1,1,0,1,1,1
cg24642523,1,1,1,1,1,1,1,1
cg24670552,0,0,0,0,0,1,0,1
cg24687529,2,2,2,2,2,2,2,2
cg24691910,0,1,0,1,1,1,0,1
cg24702253,1,2,1,1,1,2,0,2
cg24733637,0,0,0,1,0,1,0,0
cg24754277,0,1,0,0,2,1,1,1
cg24776142,0,0,0,0,0,0,0,0
cg24834889,2,2,2,2,2,2,2,2
cg24843346,1,1,1,1,0,0,1,0
cg24854704,0,0,1,1,1,1,1,1
cg24865779,1,2,1,1,1,1,1,1
cg24869601,0,1,0,0,0,0,0,0
cg24907011,1,2,1,1,0,0,0,0
cg24907270,2,1,2,0,0,1,0,1
cg24920358,1,1,1,1,1,1,1,1
cg24928110,1,1,1,1,1,1,1,1
cg24961795,0,0,0,1,1,1,1,1
cg24969520,0,1,0,0,1,1,1,1
cg25023298,2,1,2,1,0,0,0,0
cg25025879,0,0,0,0,0,0,0,0
cg25043559,2,2,2,2,2,1,2,1
cg25048985,0,1,0,1,0,0,0,0
cg25090994,0,1,0,0,1,1,0,1
cg25123266,1,2,1,1,1,1,1,1
cg25130385,2,2,2,2,2,2,2,2
cg25206536,1,1,1,0,1,1,0,1
cg25223285,1,1,1,1,1,1,1,1
cg25262528,1,1,1,1,2,2,2,1
cg25264265,2,2,2,2,0,1,0,1
cg25299750,0,1,0,0,0,0,1,1
cg25309343,1,0,1,1,1,1,2,1
cg25340403,1,1,1,1,1,0,0,0
cg25340688,0,0,0,0,0,0,0,0
cg25350411,1,1,1,1,1,1,1,1
cg25352397,0,1,0,0,0,0,0,0
cg25390165,0,0,0,0,2,2,2,2
cg25477813,1,1,1,1,2,1,0,1
cg25526039,2,1,1,1,1,1,1,1
cg25560247,2,1,1,2,0,1,1,1
cg25629418,2,0,2,2,0,1,0,1
cg25634141,0,1,0,0,1,1,1,1
cg25652454,0,0,0,1,0,0,0,0
cg25652742,2,2,1,2,0,0,0,0
cg25742326,2,2,1,1,1,2,1,2
cg25771195,1,1,1,2,2,1,2,1
cg25786696,2,2,2,1,2,2,2,2
cg25801742,0,0,0,0,0,0,0,0
cg25815440,0,0,1,1,1,1,1,1
cg25877436,1,0,0,0,2,2,2,2
cg25914921,1,1,1,1,1,1,1,0
cg25986202,0,2,0,2,0,1,0,1
cg26064535,1,2,1,1,1,0,1,0
cg26090062,0,1,0,2,2,1,2,1
cg26127836,2,2,2,1,2,1,2,1
cg26143719,0,0,0,0,1,1,1,1
cg26148377,1,1,1,1,1,1,1,0
cg26154714,0,1,0,2,0,1,0,1
cg26172504,1,2,1,1,2,0,2,0
cg26195495,0,0,0,0,0,0,0,0
cg26224060,1,2,1,1,0,1,1,1
cg26234900,0,2,0,1,0,0,0,0
cg26239297,2,2,1,1,1,1,2,1
cg26250400,0,0,0,1,2,1,2,2
cg26262055,1,2,1,1,1,1,1,1
cg26270695,1,1,1,0,1,1,1,0
cg26313699,0,0,0,0,2,2,2,1
cg26338947,0,1,0,0,0,0,0,0
cg26527457,0,0,0,0,1,1,1,0
cg26536593,0,0,0,0,0,0,0,0
cg26539631,1,0,0,1,0,0,1,0
cg26639479,1,0,0,0,0,0,0,0
cg26667586,2,1,2,2,0,0,0,0
cg26681628,0,0,0,1,1,1,2,1
cg26707664,0,0,0,1,1,1,0,1
cg26725201,2,2,2,2,2,2,2,2
cg26734888,2,2,2,2,2,2,2,2
cg26750617,1,1,1,1,0,0,0,0
cg26750927,0,0,0,0,0,0,0,0
cg26779676,1,2,2,2,1,1,1,1
cg26802564,0,2,0,0,0,0,0,0
cg26850624,2,1,1,1,2,1,1,1
cg26857315,2,2,2,2,1,1,1,1
cg26896946,0,0,0,0,0,0,0,0
cg26924440,2,2,2,2,1,1,1,1
cg26960833,0,0,0,1,0,1,1,0
cg26985203,2,2,2,2,1,2,2,2
cg26992600,0,0,0,2,1,0,1,0
cg27039625,0,0,0,0,1,1,1,1
cg27130359,0,1,0,1,0,0,0,0
cg27134767,0,0,0,1,1,0,0,0
cg27177158,1,1,0,2,2,1,2,1
cg27200630,0,1,1,0,0,0,0,1
cg27203184,1,1,1,1,0,0,0,0
cg27216076,1,1,1,0,1,0,1,0
cg27237671,2,2,2,1,1,0,1,1
cg27300647,0,0,0,0,0,0,0,1
cg27333706,0,1,1,0,1,0,1,0
cg27333886,0,1,1,1,1,1,0,1
cg27345989,1,1,1,1,1,0,1,0
cg27361914,1,1,1,1,1,0,1,1
cg27366882,0,0,0,0,1,0,0,0
cg27370104,2,2,2,2,1,2,1,2
cg27375286,0,1,0,0,0,0,0,0
cg27396056,0,1,0,0,1,1,1,1
cg27398720,0,0,1,1,0,0,0,0
cg27416898,1,0,1,0,0,0,0,0
cg27427491,0,0,0,0,0,0,0,0
cg27454412,2,2,2,2,2,2,2,2
cg27480580,1,0,1,1,0,1,0,1
cg27485402,0,0,0,1,1,1,2,1
cg27493010,0,1,0,0,0,0,0,0
cg27496296,1,1,1,1,0,0,0,0
cg27571374,1,1,0,1,0,1,0,1
cg27620317,2,2,1,2,2,2,1,1
